target_sql,predicted_sql
SELECT T2.Name FROM characters AS T1 INNER JOIN actor AS T2 ON T1.ActorID = T2.ActorID INNER JOIN movie AS T3 ON T3.MovieID = T1.MovieID WHERE T3.Title = 'Batman' ORDER BY T1.screentime DESC LIMIT 1 ;,SELECT T3.Name FROM movie AS T1 INNER JOIN characters AS T2 ON T1.MovieID = T2.MovieID INNER JOIN actor AS T3 ON T2.ActorID = T3.ActorID WHERE T1.Title = 'Batman' ORDER BY T1.screentime DESC LIMIT 1 ;
"SELECT ord_date, SUM(qty) FROM sales GROUP BY ord_date ORDER BY SUM(qty) DESC LIMIT 1 ;","SELECT qty, qty FROM sales WHERE title_id = ( SELECT title_id FROM sales GROUP BY title_id ORDER BY SUM(qty) DESC LIMIT 1 ) ;"
"SELECT CAST(SUM(IIF(T2.GenreType = 'Tragedy', 1, 0)) AS REAL) * 100 / COUNT(T1.Scene) FROM chapters AS T1 INNER JOIN works AS T2 ON T1.work_id = T2.id WHERE T2.Date = '1594' ;",SELECT CAST(SUM(CASE WHEN T2.GenreType = 'Tragedy' THEN 1 ELSE 0 END) AS REAL) * 100 / COUNT(T1.id) FROM works AS T1 INNER JOIN chapters AS T2 ON T1.id = T2.work_id WHERE T1.Date = '1594' ;
SELECT T2.university_name FROM university_year AS T1 INNER JOIN university AS T2 ON T1.university_id = T2.id WHERE T1.year = 2015 ORDER BY T1.num_students DESC LIMIT 1 ;,SELECT T2.university_name FROM university_year AS T1 INNER JOIN university AS T2 ON T1.university_id = T2.id WHERE T1.year = 2015 ORDER BY T1.num_students DESC LIMIT 1 ;
SELECT AVG(T2.stars) FROM Episode AS T1 INNER JOIN Vote AS T2 ON T2.episode_id = T1.episode_id WHERE T1.title = 'Wedding for Disaster' ;,SELECT CAST(SUM(T2.stars) AS REAL) / COUNT(T1.stars) FROM Episode AS T1 INNER JOIN Vote AS T2 ON T1.episode_id = T2.episode_id WHERE T1.title = 'Wedding for Disaster' ;
"SELECT T2.Name FROM City AS T1 INNER JOIN Country AS T2 ON T1.CountryCode = T2.Code ORDER BY T1.Population DESC, T2.SurfaceArea DESC LIMIT 1 ;","SELECT T2.Name, T2.Population FROM City AS T1 INNER JOIN Country AS T2 ON T1.CountryCode = T2.Code ORDER BY T1.Population DESC LIMIT 1 ;"
SELECT T1.Description FROM Air Carriers AS T1 INNER JOIN Airlines AS T2 ON T1.Code = T2.OP_CARRIER_AIRLINE_ID ORDER BY T2.ACTUAL_ELAPSED_TIME DESC LIMIT 1 ;,SELECT T2.Description FROM Airlines AS T1 INNER JOIN Air Carriers AS T2 ON T1.Code = T2.OP_CARRIER_AIRLINE_ID ORDER BY T1.ACTUAL_ELAPSED_TIME DESC LIMIT 1 ;
"SELECT Rate FROM EmployeePayHistory WHERE PayFrequency = 1 ORDER BY Rate DESC LIMIT 1, 1 ;",SELECT PayFrequency FROM EmployeePayHistory WHERE Rate = ( SELECT MAX(Rate) FROM EmployeePayHistory ) ;
"SELECT T1.movie_title, MAX(T1.release_date), MAX(T1.inflation_adjusted_gross) FROM movies_total_gross AS T1 INNER JOIN director AS T2 ON T1.movie_title = T2.name WHERE T2.director = 'Chris Buck' ;","SELECT T2.movie_title, T2.inflation_adjusted_gross FROM director AS T1 INNER JOIN movies_total_gross AS T2 ON T1.name = T2.director WHERE T1.director = 'Chris Buck' ORDER BY T1.release_date DESC LIMIT 1 ;"
SELECT T2.Title FROM Journal AS T1 INNER JOIN Paper AS T2 ON T1.Id = T2.JournalId WHERE T1.ShortName = 'TUBERCLE LUNG DIS' ORDER BY T2.Year ASC LIMIT 1 ;,SELECT T2.Title FROM Journal AS T1 INNER JOIN Paper AS T2 ON T1.JournalId = T2.Id WHERE T1.Title = 'TUBERCLE LUNG DIS' ORDER BY T1.Year DESC LIMIT 1 ;
SELECT CAST(SUM(CASE WHEN T2.VacationHours > 20 THEN 1 ELSE 0 END) AS REAL) * 100 / COUNT(T1.BusinessEntityID) FROM EmployeePayHistory AS T1 INNER JOIN Employee AS T2 ON T1.BusinessEntityID = T2.BusinessEntityID WHERE T2.CurrentFlag = 1 AND T2.SickLeaveHours > 10 ;,SELECT CAST(SUM(CASE WHEN T1.VacationHours > 20 THEN 1 ELSE 0 END) AS REAL) * 100 / COUNT(T1.BusinessEntityID) FROM Employee AS T1 INNER JOIN EmployeePayHistory AS T2 ON T1.BusinessEntityID = T2.BusinessEntityID WHERE T2.CurrentFlag = 1 ;
SELECT COUNT(DISTINCT T3.id) FROM game_platform AS T1 INNER JOIN game_publisher AS T2 ON T1.game_publisher_id = T2.id INNER JOIN game AS T3 ON T2.game_id = T3.id INNER JOIN genre AS T4 ON T3.genre_id = T4.id WHERE T4.genre_name = 'Adventure' AND T1.release_year = 2005 ;,SELECT COUNT(DISTINCT T3.id) FROM game AS T1 INNER JOIN game_platform AS T2 ON T1.id = T2.game_publisher_id INNER JOIN game AS T3 ON T2.game_id = T3.id INNER JOIN genre AS T4 ON T3.genre_id = T4.id WHERE T4.genre_name = 'Adventure' ;
SELECT COUNT(T3.person_id) FROM competitor_event AS T1 INNER JOIN games_competitor AS T2 ON T1.competitor_id = T2.id INNER JOIN person_region AS T3 ON T2.person_id = T3.person_id WHERE T3.region_id = 151 AND T1.medal_id!= 4 ;,SELECT COUNT(T1.person_id) FROM person_region AS T1 INNER JOIN games_competitor AS T2 ON T1.person_id = T2.person_id INNER JOIN competitor_event AS T3 ON T2.competitor_id = T3.id WHERE T3.region_id = 151 AND T3.medal_id > 4 ;
SELECT T2.Description FROM Airlines AS T1 INNER JOIN Air Carriers AS T2 ON T1.OP_CARRIER_AIRLINE_ID = T2.Code WHERE T1.ORIGIN = 'ACY' AND T1.DEST = 'FLL' GROUP BY T2.Description ;,SELECT T2.Description FROM Airlines AS T1 INNER JOIN Air Carriers AS T2 ON T1.OP_CARRIER_AIRLINE_ID = T2.Code WHERE T1.ORIGIN = 'ACY' AND T1.DEST = 'FLL' ;
SELECT CAST(COUNT(CASE WHEN fine = 100 THEN inspection_id END) AS REAL) * 100 / COUNT(inspection_id) FROM violation ;,SELECT CAST(COUNT(CASE WHEN fine = 100 THEN 1 ELSE NULL END) AS REAL) * 100 / COUNT(inspection_id) FROM violation ;
SELECT T2.c_phone FROM orders AS T1 INNER JOIN customer AS T2 ON T1.o_custkey = T2.c_custkey WHERE T1.o_totalprice > 300000 ;,SELECT T1.c_phone FROM customer AS T1 INNER JOIN nation AS T2 ON T1.c_nationkey = T2.n_nationkey WHERE T2.o_totalprice > 300000 ;
SELECT p_id_dummy FROM advisedBy GROUP BY p_id_dummy HAVING COUNT(p_id_dummy) > 4 ;,SELECT p_id_dummy FROM advisedBy WHERE p_id_dummy > 4 ;
"SELECT T2.FirstName, T2.LastName FROM Sales AS T1 INNER JOIN Customers AS T2 ON T1.CustomerID = T2.CustomerID WHERE T2.FirstName = 'Kate' ORDER BY T1.Quantity DESC LIMIT 1 ;",SELECT T2.Quantity FROM Sales AS T1 INNER JOIN Customers AS T2 ON T1.CustomerID = T2.CustomerID WHERE T1.FirstName = 'Kate' ORDER BY T1.Quantity DESC LIMIT 1 ;
SELECT CAST((COUNT(CASE WHEN T2.CompanyName = 'United Package' THEN 1 ELSE NULL END) - COUNT(CASE WHEN T2.CompanyName = 'Speedy Express' THEN 1 ELSE NULL END)) AS REAL) * 100 / COUNT(CASE WHEN T2.CompanyName = 'Speedy Express' THEN 1 ELSE NULL END) FROM Orders AS T1 INNER JOIN Shippers AS T2 ON T1.ShipVia = T2.ShipperID ;,SELECT CAST(SUM(CASE WHEN T1.CompanyName = 'United Package' THEN 1 ELSE 0 END) AS REAL) * 100 / COUNT(T1.OrderID) FROM Orders AS T1 INNER JOIN Shippers AS T2 ON T1.ShipVia = T2.ShipperID ;
SELECT COUNT(T1.ATT_CLASS) FROM ATT_CLASSES AS T1 INNER JOIN IMG_OBJ_ATT AS T2 ON T1.ATT_CLASS_ID = T2.ATT_CLASS_ID WHERE T2.IMG_ID = 2355735 AND T1.ATT_CLASS = 'blue' ;,SELECT COUNT(T1.ATT_CLASS_ID) FROM ATT_CLASSES AS T1 INNER JOIN IMG_OBJ_ATT AS T2 ON T1.ATT_CLASS_ID = T2.ATT_CLASS_ID WHERE T2.IMG_ID = 2355735 AND T1.ATT_CLASS = 'blue' ;
SELECT T2.ps_supplycost FROM part AS T1 INNER JOIN partsupp AS T2 ON T1.p_partkey = T2.ps_partkey WHERE T1.p_name ='medium metallic grey dodger linen' ;,SELECT T2.ps_supplycost FROM partsupp AS T1 INNER JOIN part AS T2 ON T1.p_partkey = T2.p_partkey WHERE T1.p_name ='medium metallic grey dodger linen' ;
"SELECT firstName, lastName FROM players WHERE race = 'B' AND height > 0 ORDER BY height ASC LIMIT 3 ;","SELECT firstName, lastName FROM players WHERE race = 'B' ORDER BY height DESC LIMIT 3 ;"
SELECT COUNT(T1.Venue_name) FROM Venue AS T1 INNER JOIN City AS T2 ON T1.City_Id = T2.City_Id INNER JOIN Country AS T3 ON T2.Country_Id = T3.Country_Id WHERE T3.country_name = 'South Africa' AND T2.city_name = 'Centurion' ;,SELECT COUNT(T1.Venue_Name) FROM Venue AS T1 INNER JOIN City AS T2 ON T1.City_Id = T2.City_Id INNER JOIN Country AS T3 ON T2.Country_Id = T3.Country_Id WHERE T3.city_name = 'Centurion' AND T3.Country_Name = 'South Africa' ;
SELECT T2.max_lvl FROM employee AS T1 INNER JOIN jobs AS T2 ON T1.job_id = T2.job_id ORDER BY T1.hire_date LIMIT 1 ;,SELECT T2.job_lvl FROM employee AS T1 INNER JOIN jobs AS T2 ON T1.job_id = T2.job_id ORDER BY T1.hire_date DESC LIMIT 1 ;
"SELECT f_name, l_name FROM student WHERE gpa = ( SELECT MAX(gpa) FROM student ) ;","SELECT f_name, l_name FROM student WHERE GPA = ( SELECT MAX(gpa) FROM student ) ;"
"SELECT T1.title FROM book AS T1 INNER JOIN book_author AS T2 ON T1.book_id = T2.book_id INNER JOIN author AS T3 ON T3.author_id = T2.author_id WHERE T3.author_name = 'Orson Scott Card' AND STRFTIME('%Y', T1.publication_date) = '2001' ;",SELECT T3.title FROM book AS T1 INNER JOIN book_author AS T2 ON T1.book_id = T2.book_id INNER JOIN author AS T3 ON T2.author_id = T3.author_id WHERE T1.author_name = 'Orson Scott Card' AND T3.publication_date = '2001' ;
SELECT T1.coachID FROM Coaches AS T1 INNER JOIN Teams AS T2 ON T1.tmID = T2.tmID WHERE T2.year = 2011 ORDER BY CAST(T2.PPG AS REAL) / T2.PPC DESC LIMIT 1 ;,"SELECT T2.coachID, T2.name FROM Teams AS T1 INNER JOIN Coaches AS T2 ON T1.tmID = T2.tmID AND T1.year = T2.year WHERE T1.year = 2011 ORDER BY T1.PPG / T1.PPC DESC LIMIT 1 ;"
SELECT COUNT(T1.case_number) FROM incidents AS T1 INNER JOIN subjects AS T2 ON T1.case_number = T2.case_number WHERE T2.gender = 'F' AND T1.subject_statuses = 'Deceased' ;,SELECT COUNT(T1.case_number) FROM incidents AS T1 INNER JOIN subjects AS T2 ON T1.case_number = T2.case_number WHERE T2.subject_statuses = 'Deceased' AND T1.gender = 'F' ;
SELECT COUNT(*) FROM Award AS T1 INNER JOIN Vote AS T2 ON T2.episode_id = T1.episode_id WHERE T1.organization = 'Annie Awards' AND T1.result = 'Nominee' AND T2.percent > 6 ;,SELECT COUNT(T1.episode_id) FROM Vote AS T1 INNER JOIN Award AS T2 ON T1.award_id = T2.award_id WHERE T2.organization = 'Annie Awards' AND T1.percent > 6 ;
SELECT COUNT(DISTINCT ProductID) FROM Products WHERE Price = ( SELECT MAX(Price) FROM Products ) ;,SELECT COUNT(ProductID) FROM Products ORDER BY Price DESC LIMIT 1 ;
"SELECT CAST(REPLACE(SUBSTR(T1.salary, 4), ',', '') AS REAL) - CAST(REPLACE(SUBSTR(T2.minsalary, 4), ',', '') AS REAL) AS diff FROM employee AS T1 INNER JOIN position AS T2 ON T1.positionID = T2.positionID WHERE T1.lastname = 'Johnson' AND T1.firstname = 'James' ;",SELECT SUM(T1.minsalary) FROM position AS T1 INNER JOIN employee AS T2 ON T1.positionID = T2.positionID WHERE T2.title = 'James' AND T1.firstname = 'James' AND T1.lastname = 'Johnson' ;
"SELECT CAST(SUM(IIF(T2.month = 0, 1, 0)) AS REAL) * 100 / COUNT(T1.name) FROM unemployed AS T1 INNER JOIN longest_absense_from_school AS T2 ON T2.name = T1.name ;",SELECT CAST(COUNT(CASE WHEN T2.month = 0 THEN 1 ELSE NULL END) AS REAL) * 100 / COUNT(T1.name) FROM longest_absense_from_school AS T1 INNER JOIN unemployed AS T2 ON T1.name = T2.name ;
SELECT T2.teacher_ny_teaching_fellow FROM essays AS T1 INNER JOIN projects AS T2 ON T1.projectid = T2.projectid WHERE T1.title LIKE 'Team More Books!' ;,SELECT T2.teacher_ny_teaching_fellow FROM essays AS T1 INNER JOIN projects AS T2 ON T1.projectid = T2.projectid WHERE T1.title = 'Team More Books!' AND T1.teacher_ny_teaching_fellow = 't' ;
"SELECT T3.first_name, T3.last_name FROM zip_data AS T1 INNER JOIN zip_congress AS T2 ON T1.zip_code = T2.zip_code INNER JOIN congress AS T3 ON T2.district = T3.cognress_rep_id WHERE T1.population_2020 > 30000 GROUP BY T3.first_name, T3.last_name ;","SELECT T3.first_name, T3.last_name FROM zip_data AS T1 INNER JOIN zip_congress AS T2 ON T1.zip_code = T2.zip_code INNER JOIN congress AS T3 ON T2.cognress_rep_id = T3.district WHERE T1.population_2020 > 30000 ;"
SELECT T1.name FROM unemployed AS T1 INNER JOIN enlist AS T2 ON T1.name = T2.name WHERE T2.organ ='marines' ;,SELECT T2.name FROM enlist AS T1 INNER JOIN unemployed AS T2 ON T1.name = T2.name WHERE T1.organ ='marines' ;
SELECT COUNT(rental_id) FROM rental WHERE rental_date = '2005-05-27' ;,SELECT COUNT(rental_id) FROM rental WHERE return_date = '2005-05-27' ;
SELECT T2.neighborhood_name FROM Community_Area AS T1 INNER JOIN Neighborhood AS T2 ON T1.community_area_no = T2.community_area_no WHERE T1.community_area_name = 'Lake View' ;,SELECT T2.neighborhood_name FROM Community_Area AS T1 INNER JOIN Neighborhood AS T2 ON T1.community_area_no = T2.community_area_no WHERE T1.community_area_name = 'Lake View' ;
"SELECT T.nation FROM ( SELECT T1.nation, COUNT(T1.ELITEID) FROM PlayerInfo AS T1 INNER JOIN SeasonStatus AS T2 ON T1.ELITEID = T2.ELITEID WHERE T2.TEAM = 'Plymouth Whalers' GROUP BY T1.nation ORDER BY COUNT(T1.ELITEID) DESC LIMIT 1 ) AS T ;",SELECT T2.nation FROM SeasonStatus AS T1 INNER JOIN PlayerInfo AS T2 ON T1.ELITEID = T2.ELITEID WHERE T1.TEAM = 'Plymouth Whalers' GROUP BY T2.nation ORDER BY COUNT(T2.nation) DESC LIMIT 1 ;
SELECT COUNT(DISTINCT T2.word_cited_id) FROM paper AS T1 INNER JOIN content AS T2 ON T1.paper_id = T2.paper_id WHERE T1.class_label = 'AI' ;,SELECT COUNT(T1.word_cited_id) FROM paper AS T1 INNER JOIN content AS T2 ON T1.paper_id = T2.paper_id WHERE T2.class_label = 'AI' ;
SELECT COUNT(T1.Date) FROM matchs AS T1 INNER JOIN divisions AS T2 ON T1.Div = T2.division WHERE T2.name = 'Scottish League One' AND T1.Date = ( SELECT Date FROM matchs WHERE FTHG = 5 AND FTAG = 2 AND HomeTeam = 'Pro Vercelli' AND AwayTeam = 'Pescara' ) ;,SELECT COUNT(T2.Div) FROM matchs AS T1 INNER JOIN divisions AS T2 ON T1.Div = T2.division WHERE T1.FTHG = '5' AND T2.FTAG = '2' AND T1.HomeTeam = 'Pro Vercelli' AND T1.AwayTeam = 'Pescara' ;
SELECT CharName FROM characters WHERE Description = 'Daughter to Capulet' ;,SELECT T2.Description FROM characters AS T1 INNER JOIN characters AS T2 ON T1.id = T2.CharName WHERE T1.CharName = 'Capulet' ;
SELECT COUNT(gender) FROM gender_age WHERE age > 50 AND gender = 'F' ;,SELECT COUNT(device_id) FROM gender_age WHERE age > 50 AND gender = 'F' ;
"SELECT DISTINCT T1.employee_id FROM employee AS T1 INNER JOIN inspection AS T2 ON T1.employee_id = T2.employee_id WHERE T2.results = 'Fail' AND strftime('%Y-%m', T2.inspection_date) = '2010-02' AND T1.salary > 0.7 * ( SELECT AVG(salary) FROM employee ) ;","SELECT T2.first_name, T2.last_name FROM inspection AS T1 INNER JOIN employee AS T2 ON T1.employee_id = T2.employee_id WHERE T1.inspection_date LIKE '2010%' AND T1.results = 'Fail' AND T1.results = 'Fail' ;"
"SELECT T2.Name, T1.Language FROM CountryLanguage AS T1 INNER JOIN Country AS T2 ON T1.CountryCode = T2.Code WHERE T2.IndepYear BETWEEN 1980 AND 1995 ;",SELECT T2.Language FROM Country AS T1 INNER JOIN CountryLanguage AS T2 ON T1.Code = T2.CountryCode WHERE T1.IndepYear BETWEEN 1980 AND 1995 ;
SELECT T3.Name FROM movie AS T1 INNER JOIN characters AS T2 ON T1.MovieID = T2.MovieID INNER JOIN actor AS T3 ON T3.ActorID = T2.ActorID WHERE T1.Title = 'American Hustle' AND T2.creditOrder = '2' ;,SELECT T3.Name FROM movie AS T1 INNER JOIN characters AS T2 ON T1.MovieID = T2.MovieID INNER JOIN actor AS T3 ON T2.ActorID = T3.ActorID WHERE T1.Title = 'American Hustle' AND T1.creditOrder = '2' ;
"SELECT SUM(IIF(l_returnflag = 'A', 1, 0)) - SUM(IIF(l_returnflag = 'N', 1, 0)) AS diff FROM lineitem WHERE l_extendedprice  16947.7 ;","SELECT SUM(IIF(l_extendedprice  16947.7, 1, 0)) / COUNT(l_linenumber) FROM lineitem WHERE l_returnflag = 'A' OR l_returnflag = 'N' ;"
SELECT COUNT(*) FROM Nutrition AS T1 INNER JOIN Quantity AS T2 ON T1.recipe_id = T2.recipe_id WHERE T1.vitamin_a > 0 ;,SELECT COUNT(*) FROM Nutrition AS T1 INNER JOIN Quantity AS T2 ON T1.recipe_id = T2.recipe_id WHERE T2.vitamin_a = ( SELECT MAX(vitamin_a) FROM Nutrition ) ;
SELECT point_level FROM inspection_point WHERE Description = 'Refrigeration and metal stem thermometers provided and conspicuous';,SELECT point_level FROM inspection_point WHERE Description = 'Refrigeration and metal stem thermometers provided and conspicuous';
SELECT T2.station_nbr FROM sales_in_weather AS T1 INNER JOIN relation AS T2 ON T1.store_nbr = T2.store_nbr WHERE T1.item_nbr = 5 GROUP BY T2.station_nbr ORDER BY SUM(T1.units) DESC LIMIT 1 ;,SELECT T2.station_nbr FROM sales_in_weather AS T1 INNER JOIN relation AS T2 ON T1.store_nbr = T2.store_nbr WHERE T1.item_nbr = 5 GROUP BY T1.station_nbr ORDER BY COUNT(T1.units) DESC LIMIT 1 ;
SELECT T1.title FROM movie AS T1 INNER JOIN movie_genres AS T2 ON T1.movie_id = T2.movie_id INNER JOIN genre AS T3 ON T2.genre_id = T3.genre_id WHERE T3.genre_name = 'Crime' ORDER BY T1.release_date LIMIT 1 ;,SELECT T3.title FROM movie AS T1 INNER JOIN movie_genres AS T2 ON T1.movie_id = T2.movie_id INNER JOIN genre AS T3 ON T2.genre_id = T3.genre_id WHERE T1.genre_name = 'Crime' ORDER BY T3.release_date DESC LIMIT 1 ;
SELECT T1.episode_id FROM Award AS T1 INNER JOIN Vote AS T2 ON T2.episode_id = T1.episode_id WHERE T2.stars = 5 ORDER BY T2.percent DESC LIMIT 1 ;,SELECT T2.episode_id FROM Award AS T1 INNER JOIN Vote AS T2 ON T1.episode_id = T2.episode_id WHERE T1.stars = 5 ORDER BY T1.percent DESC LIMIT 1 ;
SELECT AVG(duration) FROM trip WHERE start_date LIKE '%2015%' AND start_station_name = 'South Van Ness at Market' ;,SELECT AVG(duration) FROM trip WHERE start_station_name = 'South Van Ness at Market' AND start_station_name = 'South Van Ness at Market' ;
"SELECT COUNT(T2.o_orderkey), SUM(T3.l_extendedprice * (1 - T3.l_discount) * (1 + T3.l_tax)) FROM customer AS T1 INNER JOIN orders AS T2 ON T1.c_custkey = T2.o_custkey INNER JOIN lineitem AS T3 ON T2.o_orderkey = T3.l_orderkey WHERE T1.c_name = 'Customer#000021159' GROUP BY T3.l_linenumber ;",SELECT COUNT(T1.l_linenumber) FROM orders AS T1 INNER JOIN lineitem AS T2 ON T1.o_orderkey = T2.l_orderkey INNER JOIN customer AS T3 ON T2.c_custkey = T3.c_custkey WHERE T3.c_name = 'Customer#000021159' ;
SELECT CAST((SUM(CASE WHEN T1.Affiliation LIKE '%INFN%' THEN 1 ELSE 0 END)) AS REAL) * 100 / COUNT(T2.Id) FROM PaperAuthor AS T1 INNER JOIN Paper AS T2 ON T1.PaperId = T2.Id WHERE T2.Title LIKE '%Charged particle multiplicity%' ;,SELECT CAST(COUNT(CASE WHEN T2.Affiliation LIKE '%INFN%' THEN 1 ELSE NULL END) AS REAL) * 100 / COUNT(T1.AuthorId) FROM Paper AS T1 INNER JOIN PaperAuthor AS T2 ON T1.PaperId = T2.Id WHERE T1.Title LIKE 'Charged particle multiplicity' ;
SELECT T1.alias FROM alias AS T1 INNER JOIN zip_data AS T2 ON T1.zip_code = T2.zip_code WHERE T2.type = 'Post Office' LIMIT 5 ;,SELECT T2.alias FROM zip_data AS T1 INNER JOIN alias AS T2 ON T1.zip_code = T2.zip_code WHERE T1.type = 'Post Office' ;
SELECT UnitPrice * Quantity * (1 - Discount) AS THETOP FROM Order Details ORDER BY UnitPrice * Quantity * (1 - Discount) DESC LIMIT 1 ;,SELECT SUM(UnitPrice * Quantity * 1 - Discount) FROM Products ;
SELECT T1.ShortName FROM Country AS T1 INNER JOIN CountryNotes AS T2 ON T1.CountryCode = T2.Countrycode WHERE T2.SeriesCode = 'SP.DYN.CBRT.IN' ;,SELECT ShortName FROM Country WHERE seriesCode = 'SP.DYN.CBRT.IN' ;
SELECT SUM(T1.weight / (T1.height * T1.height)) / COUNT(T1.coachID) FROM Master AS T1 INNER JOIN HOF AS T2 ON T1.hofID = T2.hofID ;,"SELECT AVG(T1.weight, T1.height, T1.height)) / COUNT(T1.coachID) FROM Master AS T1 INNER JOIN HOF AS T2 ON T1.coachID = T2.coachID WHERE T2.hofID = 'Hof of Fame' ;"
"SELECT T2.first_name, T2.last_name, T2.email FROM RA AS T1 INNER JOIN prof AS T2 ON T1.prof_id = T2.prof_id WHERE T2.teachingability > ( SELECT AVG(teachingability) FROM prof ) GROUP BY T2.prof_id HAVING COUNT(T1.student_id) >= 2 ;","SELECT T2.first_name, T1.last_name, T1.email FROM RA AS T1 INNER JOIN prof AS T2 ON T1.prof_id = T2.prof_id WHERE T1.teachingability > ( SELECT AVG(T2.teachingability) FROM RA AS T1 INNER JOIN prof AS T2 ON T1.prof_id = T2.prof_id WHERE T1.student_id = 2 ) ;"
SELECT COUNT(DISTINCT T2.Mountain) FROM country AS T1 INNER JOIN geo_mountain AS T2 ON T1.Code = T2.Country WHERE T1.Name = 'Japan' ;,SELECT COUNT(T1.Mountain) FROM geo_mountain AS T1 INNER JOIN country AS T2 ON T1.Code = T2.Country WHERE T2.Name = 'Japan' ;
SELECT COUNT(event_id) FROM events WHERE device_id = 3915082290673130000 ;,SELECT COUNT(event_id) FROM events WHERE device_id = 3915082290673130000 ;
SELECT CAST(COUNT(dish_id) AS REAL) / COUNT(T3.page_count) FROM MenuItem AS T1 INNER JOIN MenuPage AS T2 ON T1.menu_page_id = T2.id INNER JOIN Menu AS T3 ON T2.menu_id = T3.id WHERE T2.menu_id = 12882 ;,SELECT CAST(COUNT(CASE WHEN T3.page_count = '12882' THEN 1 ELSE NULL END) AS REAL) / COUNT(T1.id) FROM Menu AS T1 INNER JOIN MenuPage AS T2 ON T1.id = T2.menu_page_id INNER JOIN MenuItem AS T3 ON T2.id = T3.menu_id ;
"SELECT DISTINCT T1.CountryCode, T1.Year, T1.Value FROM Indicators AS T1 INNER JOIN Country AS T2 ON T1.CountryCode = T2.CountryCode WHERE T2.Region = 'Latin America & Caribbean' AND T1.IndicatorName = 'CO2 emissions (kt)' AND T1.Year > 1965 AND T1.Year  1980 ORDER BY T1.Value DESC LIMIT 3 ;","SELECT T1.Value, T1.Year, T1.Value FROM Country AS T1 INNER JOIN Indicators AS T2 ON T1.CountryCode = T2.CountryCode WHERE T2.Region IN ('Latin America', 'Caribbean') AND T1.IndicatorName = 'CO2 emissions (kt)' AND T1.Year > 1965 ORDER BY T1.Value DESC LIMIT 3 ;"
"SELECT SUM(CASE WHEN T1.direction = 'east' THEN 1 ELSE 0 END)as count FROM trains AS T1 INNER JOIN ( SELECT train_id, COUNT(id) AS carsNum FROM cars GROUP BY train_id ) AS T2 ON T1.id = T2.train_id WHERE T2.carsNum >= 4 ;",SELECT COUNT(T1.id) FROM cars AS T1 INNER JOIN trains AS T2 ON T1.train_id = T2.id WHERE T2.direction = 'east' AND T1.carsNum >= 4 ;
"SELECT CAST(SUM(IIF(T2.cast_num = 2 AND T1.a_quality = 2, 1, 0)) AS REAL) * 100 / COUNT(T1.actorid) FROM actors AS T1 INNER JOIN movies2actors AS T2 ON T1.actorid = T2.actorid WHERE T2.movieid = 1672580 AND T1.a_gender = 'F' ;",SELECT CAST(SUM(CASE WHEN T1.a_quality = 2 THEN 1 ELSE 0 END) AS REAL) * 100 / COUNT(T1.a_gender) FROM actors AS T1 INNER JOIN movies2actors AS T2 ON T1.actorid = T2.actorid WHERE T2.movieid = 1672580 ;
SELECT T1.CountryCode FROM Country AS T1 INNER JOIN CountryNotes AS T2 ON T1.CountryCode = T2.Countrycode WHERE T1.IncomeGroup = 'Low income' AND T2.Seriescode = 'DT.DOD.DECT.CD' ;,SELECT CountryCode FROM Country WHERE IncomeGroup = 'Low income' ;
SELECT SUM(LastReceiptCost) / COUNT(ProductID) FROM ProductVendor WHERE AverageLeadTime = 60 ;,SELECT AVG(LastReceiptCost - StandardPrice) FROM ProductVendor WHERE AverageLeadTime = 60 ;
SELECT COUNT(CID) FROM ( SELECT T1.bioguide_id AS CID FROM current AS T1 INNER JOIN current-terms AS T2 ON T1.bioguide_id = T2.bioguide WHERE T1.gender_bio = 'F' GROUP BY T2.bioguide HAVING COUNT(T2.bioguide) > 4 ) ;,SELECT COUNT(*) FROM current AS T1 INNER JOIN current-terms AS T2 ON T1.bioguide_id = T2.bioguide WHERE T2.gender_bio = 'F' ;
"SELECT W, H FROM IMG_OBJ WHERE OBJ_SAMPLE_ID = 2 ;","SELECT T1.W, T1.H FROM IMG_OBJ AS T1 INNER JOIN OBJ AS T2 ON T1.IMG_ID = T2.IMG_ID WHERE T2.OBJ_SAMPLE_ID = 2 ;"
SELECT T2.Gender FROM twitter AS T1 INNER JOIN user AS T2 ON T1.UserID = T2.UserID ORDER BY T1.Likes DESC LIMIT 1 ;,SELECT T2.Gender FROM twitter AS T1 INNER JOIN user AS T2 ON T1.UserID = T2.UserID GROUP BY T1.UserID ORDER BY COUNT(T1.TweetID) DESC LIMIT 1 ;
SELECT T4.ATT_CLASS FROM IMG_OBJ AS T1 INNER JOIN OBJ_CLASSES AS T2 ON T1.OBJ_CLASS_ID = T2.OBJ_CLASS_ID INNER JOIN IMG_OBJ_ATT AS T3 ON T1.IMG_ID = T3.IMG_ID INNER JOIN ATT_CLASSES AS T4 ON T3.ATT_CLASS_ID = T4.ATT_CLASS_ID WHERE T2.OBJ_CLASS = 'van' AND T1.IMG_ID = 1 GROUP BY T4.ATT_CLASS ;,SELECT T3.ATT_CLASS FROM IMG_OBJ AS T1 INNER JOIN OBJ_CLASSES AS T2 ON T1.OBJ_CLASS_ID = T2.OBJ_CLASS_ID INNER JOIN IMG_OBJ_ATT AS T3 ON T2.IMG_ID = T3.IMG_ID WHERE T1.IMG_ID = 1 AND T1.OBJ_CLASS = 'van' ;
SELECT DISTINCT T2.PlayerName FROM SeasonStatus AS T1 INNER JOIN PlayerInfo AS T2 ON T1.ELITEID = T2.ELITEID WHERE T1.SEASON = '2000-2001' AND T1.LEAGUE = 'International' ORDER BY T1.GP DESC LIMIT 1 ;,SELECT T2.PlayerName FROM SeasonStatus AS T1 INNER JOIN PlayerInfo AS T2 ON T1.ELITEID = T2.ELITEID WHERE T1.SEASON = '2000-2001' AND T1.LEAGUE = 'International' GROUP BY T2.PlayerName ORDER BY COUNT(T1.GP) DESC LIMIT 1 ;
"SELECT DISTINCT T1.FirstName, T1.LastName, T4.RegionDescription FROM Employees AS T1 INNER JOIN EmployeeTerritories AS T2 ON T1.EmployeeID = T2.EmployeeID INNER JOIN Territories AS T3 ON T2.TerritoryID = T3.TerritoryID INNER JOIN Region AS T4 ON T3.RegionID = T4.RegionID ORDER BY T1.FirstName ;","SELECT FirstName, LastName, RegionDescription FROM Employees WHERE LastName = 'EmployeeID' ;"
"SELECT DISTINCT T2.DESCRIPTION, T2.VALUE, T2.UNITS FROM patients AS T1 INNER JOIN observations AS T2 ON T1.patient = T2.PATIENT WHERE T2.DESCRIPTION = 'Body Mass Index' GROUP BY T2.VALUE ORDER BY COUNT(T2.VALUE) LIMIT 5 ;",SELECT T2.DESCRIPTION FROM patients AS T1 INNER JOIN conditions AS T2 ON T1.patient = T2.PATIENT INNER JOIN observations AS T3 ON T2.patient = T3.PATIENT WHERE T3.DESCRIPTION = 'Body Mass Index' GROUP BY T2.DESCRIPTION ORDER BY COUNT(T3.VALUE) DESC LIMIT 5 ;
SELECT T1.ship_id FROM shipment AS T1 INNER JOIN city AS T2 ON T1.city_id = T2.city_id ORDER BY T2.area DESC LIMIT 1 ;,SELECT T2.ship_id FROM city AS T1 INNER JOIN shipment AS T2 ON T1.city_id = T2.city_id ORDER BY T1.area DESC LIMIT 1 ;
"SELECT SUM(T3.cost) FROM customer AS T1 INNER JOIN cust_order AS T2 ON T1.customer_id = T2.customer_id INNER JOIN shipping_method AS T3 ON T3.method_id = T2.shipping_method_id WHERE T1.first_name = 'Page' AND T1.last_name = 'Holsey' AND STRFTIME('%Y', T2.order_date) = '2022' ;",SELECT SUM(T3.cost) FROM cust_order AS T1 INNER JOIN shipping_method AS T2 ON T1.shipping_method_id = T2.method_id INNER JOIN customer AS T3 ON T2.customer_id = T3.customer_id WHERE T1.first_name = 'Path' AND T1.last_name = 'Holsey' AND T1.order_date LIKE '2022%' ;
SELECT T2.Name FROM ProductVendor AS T1 INNER JOIN Product AS T2 ON T1.ProductID = T2.ProductID INNER JOIN Vendor AS T3 ON T1.BusinessEntityID = T3.BusinessEntityID WHERE T1.MaxOrderQty = 1000 AND T2.StandardCost > 17 ;,SELECT T3.Name FROM ProductVendor AS T1 INNER JOIN Product AS T2 ON T1.ProductID = T2.ProductID INNER JOIN Vendor AS T3 ON T2.BusinessEntityID = T3.BusinessEntityID WHERE T1.MinOrderQty = 1 AND T1.StandardCost > 48 ;
"SELECT T.publisher_name FROM ( SELECT T1.publisher_name, COUNT(T3.id) FROM publisher AS T1 INNER JOIN game_publisher AS T2 ON T1.id = T2.publisher_id INNER JOIN game AS T3 ON T2.game_id = T3.id INNER JOIN genre AS T4 ON T3.genre_id = T4.id WHERE T4.genre_name = 'Puzzle' GROUP BY T1.publisher_name ORDER BY COUNT(T3.id) DESC LIMIT 1 ) t ;",SELECT COUNT(DISTINCT T3.publisher_name) FROM game AS T1 INNER JOIN game_publisher AS T2 ON T1.id = T2.game_id INNER JOIN publisher AS T3 ON T2.publisher_id = T3.id INNER JOIN genre AS T4 ON T3.genre_id = T4.id WHERE T4.genre_name = 'Puzzle' ;
SELECT COUNT(name) FROM disabled WHERE name NOT IN ( SELECT name FROM male ) ;,SELECT COUNT(T1.name) FROM disabled AS T1 INNER JOIN male AS T2 ON T1.name = T2.name ;
SELECT AVG(population) FROM Community_Area WHERE side = 'West';,SELECT AVG(population) FROM Community_Area WHERE side = 'West' ;
SELECT COUNT(T1.TweetID) FROM twitter AS T1 INNER JOIN location AS T2 ON T2.LocationID = T1.LocationID WHERE T2.City = 'Buenos Aires' AND T1.Weekday = 'Thursday' ;,SELECT COUNT(T1.TweetID) FROM twitter AS T1 INNER JOIN location AS T2 ON T1.LocationID = T2.LocationID WHERE T2.City = 'Buenos Aires' AND T1.Weekday = 'Thursday' ;
SELECT university_id FROM university_year WHERE pct_international_students = 1 AND year BETWEEN 2011 AND 2015 ;,SELECT university_id FROM university_year WHERE year BETWEEN 2011 AND 2015 AND pct_international_students = 1 ;
SELECT ATT_CLASS_ID FROM ATT_CLASSES WHERE ATT_CLASS ='very large' ;,SELECT ATT_CLASS FROM ATT_CLASSES WHERE ATT_CLASS ='very large' ;
"SELECT T1.release_date, T3.language_name FROM movie AS T1 INNER JOIN movie_languages AS T2 ON T1.movie_id = T2.movie_id INNER JOIN language AS T3 ON T2.language_id = T3.language_id ORDER BY T1.popularity DESC LIMIT 1 ;","SELECT T3.release_date, T3.language_name FROM movie AS T1 INNER JOIN movie_languages AS T2 ON T1.movie_id = T2.movie_id INNER JOIN language AS T3 ON T2.language_id = T3.language_id ORDER BY T3.popularity DESC LIMIT 1 ;"
"SELECT T1.height, T1.weight FROM Master AS T1 INNER JOIN AwardsCoaches AS T2 ON T1.coachID = T2.coachID WHERE T2.year = '1930' ;","SELECT T1.height, T1.weight FROM Master AS T1 INNER JOIN AwardsCoaches AS T2 ON T1.coachID = T2.coachID WHERE T2.year = 1930 ;"
SELECT name FROM course WHERE credit = ( SELECT MAX(credit) FROM course ) AND diff = ( SELECT MAX(diff) FROM course ) ;,SELECT name FROM course WHERE credit = ( SELECT MAX(diff) FROM course ) ;
"SELECT T1.title, T2.royalty FROM titles AS T1 INNER JOIN roysched AS T2 ON T1.title_id = T2.title_id WHERE T2.lorange > 10000 AND T2.hirange  50000 AND T1.title_ID = 'BU2075' ;","SELECT T1.title, T2.royalty FROM titles AS T1 INNER JOIN roysched AS T2 ON T1.title_id = T2.title_id WHERE T1.title_id = BU2075 AND T1.lorange > 10000 AND T2.horrange  12000 ;"
SELECT COUNT(DISTINCT T1.business_id) FROM Business AS T1 INNER JOIN Business_Attributes AS T2 ON T1.business_id = T2.business_id INNER JOIN Attributes AS T3 ON T2.attribute_id = T3.attribute_id WHERE T3.attribute_name = 'BYOB' AND T1.review_count = 'High' AND T1.active = 'true' ;,SELECT COUNT(T1.business_id) FROM Business AS T1 INNER JOIN Business_Attributes AS T2 ON T1.business_id = T2.business_id INNER JOIN Attributes AS T3 ON T2.attribute_id = T3.attribute_id WHERE T3.attribute_name = 'BYOB' AND T1.active = 'true' AND T1.review_count = 'High' ;
"SELECT T4.LastName, T4.FirstName, T4.ReportsTo, T1.Quantity * T1.UnitPrice * (1 - T1.Discount) AS payment FROM Order Details AS T1 INNER JOIN Orders AS T2 ON T1.OrderID = T2.OrderID INNER JOIN Customers AS T3 ON T2.CustomerID = T3.CustomerID INNER JOIN Employees AS T4 ON T2.EmployeeID = T4.EmployeeID ORDER BY payment DESC LIMIT 1 ;","SELECT T3.FirstName, T3.LastName FROM Employees AS T1 INNER JOIN Orders AS T2 ON T1.EmployeeID = T2.EmployeeID INNER JOIN Products AS T3 ON T2.ProductID = T3.ProductID WHERE T1.Price = ( SELECT MAX(Price) FROM Employees) ) ;"
SELECT COUNT(*) FROM Player AS T1 INNER JOIN Country AS T2 ON T1.Country_Name = T2.Country_ID WHERE T2.Country_Name = 'Sri Lanka' ;,SELECT COUNT(T1.Player_Id) FROM Player AS T1 INNER JOIN Country AS T2 ON T1.Country_Name = T2.Country_Id WHERE T2.Country_Name = 'Sri Lanka' ;
SELECT DISTINCT T1.business_id FROM Business AS T1 INNER JOIN Reviews AS T2 ON T1.business_id = T2.business_id WHERE T1.city = 'Phoenix' AND T2.review_length = 'Short' ;,SELECT T2.business_id FROM Reviews AS T1 INNER JOIN Business AS T2 ON T1.business_id = T2.business_id WHERE T1.city = 'Phoenix' AND T1.review_length = 'Short' ;
"SELECT COUNT(T1.user_id), T2.movie_image_url FROM ratings AS T1 INNER JOIN movies AS T2 ON T1.movie_id = T2.movie_id WHERE datetime(T1.rating_timestamp_utc) BETWEEN '2017-01-01 00:00:00' AND '2017-12-31 00:00:00' ;",SELECT COUNT(T1.user_id) FROM ratings AS T1 INNER JOIN movies AS T2 ON T1.movie_id = T2.movie_id WHERE T2.movie_title = 'Patti Smith: Dream of Life' AND T1.rating_timestamp_utc BETWEEN '2017-01-01 00:00:00' AND '2017-12-31 00:00:00' ;
SELECT T1.tmID FROM teams AS T1 INNER JOIN players_teams AS T2 ON T1.tmID = T2.tmID AND T1.year = T2.year INNER JOIN players AS T3 ON T2.playerID = T3.playerID WHERE T3.pos = 'F-G' AND T2.lgID = 'NBA' ORDER BY T3.birthDate DESC LIMIT 1 ;,SELECT T1.tmID FROM players AS T1 INNER JOIN players_teams AS T2 ON T1.playerID = T2.playerID INNER JOIN teams AS T3 ON T2.tmID = T3.tmID AND T3.year = T3.year WHERE T3.pos LIKE '%F' AND T3.lgID = 'NBA' ;
"SELECT T2.zip_code, T1.first_name, T1.last_name FROM congress AS T1 INNER JOIN zip_congress AS T2 ON T1.cognress_rep_id = T2.district WHERE T1.state = 'Wisconsin' ORDER BY T1.land_area DESC LIMIT 1 ;","SELECT T3.district, T3.zip_code FROM state AS T1 INNER JOIN zip_congress AS T2 ON T1.abbreviation = T2.abbreviation INNER JOIN congress AS T3 ON T2.cognress_rep_id = T3.cognress_rep_id WHERE T1.first_name = 'Wisconsin' AND T1.last_name = 'Wisconsin' ORDER BY T1.land_area DESC LIMIT 1 ;"
"SELECT T2.district, T2.state FROM historical AS T1 INNER JOIN historical-terms AS T2 ON T1.bioguide_id = T2.bioguide WHERE T2.start LIKE '1789%' ;","SELECT T2.district, T2.state FROM historical AS T1 INNER JOIN historical-terms AS T2 ON T1.bioguide_id = T2.bioguide WHERE T1.type ='rep' AND T1.start LIKE '1789%' ;"
"SELECT T1.FirstName, T1.MiddleInitial, T1.LastName FROM Employees AS T1 INNER JOIN Sales AS T2 ON T1.EmployeeID = T2.SalesPersonID INNER JOIN Products AS T3 ON T2.ProductID = T3.ProductID ORDER BY T2.Quantity * T3.Price DESC LIMIT 1 ;","SELECT T3.FirstName, T3.MiddleInitial, T3.LastName FROM Products AS T1 INNER JOIN Sales AS T2 ON T1.ProductID = T2.ProductID INNER JOIN Employees AS T3 ON T2.EmployeeID = T3.EmployeeID WHERE T1.Name = 'Blade' GROUP BY T3.FirstName, T3.MiddleInitial, T3.LastName ORDER BY SUM(T3.Quantity, T3.Price) DESC LIMIT 1 ;"
SELECT T3.commander FROM IUCR AS T1 INNER JOIN Crime AS T2 ON T2.iucr_no = T1.iucr_no INNER JOIN District AS T3 ON T3.district_no = T2.district_no WHERE T1.secondary_description = 'CRIMINAL SEXUAL ABUSE' GROUP BY T3.commander ORDER BY COUNT(T1.secondary_description) DESC LIMIT 1 ;,SELECT T3.commander FROM IUCR AS T1 INNER JOIN Crime AS T2 ON T1.iucr_no = T2.iucr_no INNER JOIN District AS T3 ON T2.district_no = T3.district_no WHERE T1.secondary_description = 'CRIMINAL SEXUAL ABUSE' GROUP BY T3.commander ORDER BY COUNT(T3.commander) DESC LIMIT 1 ;
SELECT HomeTeam FROM matchs WHERE Div = 'EC' AND Date = '2008-01-20' AND FTR = 'H' ;,SELECT HomeTeam FROM matchs WHERE Div = 'EC' AND Date = '2008-01-20' AND FTR = 'H' ;
SELECT TitleOfCourtesy FROM Employees ORDER BY Salary LIMIT 3 ;,SELECT TitleOfCourtesy FROM Employees ORDER BY Salary ASC LIMIT 3 ;
SELECT COUNT(T1.s_suppkey) FROM supplier AS T1 INNER JOIN nation AS T2 ON T1.s_nationkey = T2.n_nationkey WHERE T1.s_acctbal  0 AND T2.n_name = 'JAPAN' ;,SELECT COUNT(T1.s_suppkey) FROM supplier AS T1 INNER JOIN nation AS T2 ON T1.s_nationkey = T2.n_nationkey WHERE T2.s_acctbal  0 AND T1.n_name = 'Japan' ;
SELECT T2.Title FROM chapters AS T1 INNER JOIN works AS T2 ON T1.work_id = T2.id WHERE T1.Description = 'A field near Windsor.' ;,SELECT T2.Description FROM works AS T1 INNER JOIN chapters AS T2 ON T1.id = T2.work_id WHERE T1.Title = 'A field near Windsor' AND T1.Title = 'Hawthorn' ;
"SELECT T1.official_full_name FROM current AS T1 INNER JOIN current-terms AS T2 ON T1.bioguide_id = T2.bioguide WHERE T2.party = 'Independent' AND strftime('%Y', T2.start) >= '2011' AND T2.type ='sen' AND T2.caucus = 'Democrat' ;",SELECT COUNT(T1.bioguide_id) FROM current AS T1 INNER JOIN current-terms AS T2 ON T1.bioguide_id = T2.bioguide WHERE T2.party = 'Democrat' AND T1.start = 'Sen' ;
SELECT T2.publisher_name FROM book AS T1 INNER JOIN publisher AS T2 ON T1.publisher_id = T2.publisher_id WHERE T1.title = 'The Illuminati' ;,SELECT T2.publisher_name FROM book AS T1 INNER JOIN publisher AS T2 ON T1.publisher_id = T2.publisher_id WHERE T1.title = 'The Illuminati' ;
"SELECT LatestHouseholdSurvey, PppSurveyYear FROM Country WHERE ShortName = 'Angola' ;","SELECT LatestHouseholdSurvey, PppSurveyYear FROM Country WHERE ShortName = 'Angola' ;"
SELECT SUM(T1.UnitPrice) / COUNT(T1.SupplierID) FROM Products AS T1 INNER JOIN Suppliers AS T2 ON T1.SupplierID = T2.SupplierID WHERE T2.CompanyName = 'Formaggi Fortini s.r.l.' ;,SELECT AVG(T1.UnitPrice) FROM Products AS T1 INNER JOIN Suppliers AS T2 ON T1.SupplierID = T2.SupplierID WHERE T2.CompanyName = 'Formaggi Fortini s.r.l.' ;
SELECT email FROM staff WHERE first_name = 'Jon' AND last_name = 'Stephens' ;,SELECT email FROM staff WHERE first_name = 'Jon' AND last_name = 'Stephens' ;
SELECT T1.title FROM Episode AS T1 INNER JOIN Vote AS T2 ON T1.episode_id = T2.episode_id WHERE T2.stars = 10 ORDER BY T2.votes DESC LIMIT 1 ;,SELECT T2.title FROM Vote AS T1 INNER JOIN Episode AS T2 ON T1.episode_id = T2.episode_id WHERE T1.stars = 10 GROUP BY T2.title ORDER BY COUNT(T1.votes) DESC LIMIT 1 ;
SELECT T2.direction FROM cars AS T1 INNER JOIN trains AS T2 ON T1.train_id = T2.id WHERE T1.shape = 'ellipse' ;,SELECT T2.direction FROM cars AS T1 INNER JOIN trains AS T2 ON T1.train_id = T2.id WHERE T1.shape = 'ellipse' ;
SELECT occurrences FROM biwords WHERE w1st = 1 AND w2nd = 25 ;,SELECT occurrences FROM biwords WHERE w1st = 1 AND w2nd = 25 ;
SELECT BrandName FROM rootbeerbrand WHERE FirstBrewedYear = ( SELECT MIN(FirstBrewedYear) FROM rootbeerbrand ) ;,SELECT BrandName FROM rootbeerbrand WHERE FirstBrewedYear = ( SELECT MIN(FirstBrewedYear) FROM rootbeerbrand ) ;
SELECT T1.shape FROM cars AS T1 INNER JOIN trains AS T2 ON T1.train_id = T2.id WHERE T2.direction = 'east' AND T1.position = 1 GROUP BY T1.shape ;,SELECT T1.shape FROM cars AS T1 INNER JOIN trains AS T2 ON T1.train_id = T2.id WHERE T2.position = 1 ;
SELECT T2.iucr_no FROM Crime AS T1 INNER JOIN IUCR AS T2 ON T1.iucr_no = T2.iucr_no WHERE T1.case_number = 'JB296775' ;,SELECT T2.index_code FROM IUCR AS T1 INNER JOIN Crime AS T2 ON T1.iucr_no = T2.iucr_no WHERE T1.case_number = 'JB296775' ;
SELECT DISTINCT T3.compliment_type FROM Users AS T1 INNER JOIN Users_Compliments AS T2 ON T1.user_id = T2.user_id INNER JOIN Compliments AS T3 ON T2.compliment_id = T3.compliment_id WHERE T1.user_fans = 'Uber' ;,SELECT T3.compliment_type FROM Users AS T1 INNER JOIN Users_Compliments AS T2 ON T1.user_id = T2.user_id INNER JOIN Compliments AS T3 ON T2.compliment_id = T3.compliment_id WHERE T1.user_fans = 'Uber' GROUP BY T3.compliment_type ORDER BY COUNT(T3.compliment_id) DESC LIMIT 1 ;
SELECT COUNT(T1.compliment_type) FROM Compliments AS T1 INNER JOIN Users_Compliments AS T2 ON T1.compliment_id = T2.compliment_id WHERE T1.compliment_type LIKE 'cute' AND T2.user_id = 57400 ;,SELECT COUNT(T1.compliment_type) FROM Compliments AS T1 INNER JOIN Users_Compliments AS T2 ON T1.compliment_id = T2.compliment_id WHERE T2.user_id = 57400 ;
"SELECT COUNT(l_orderkey) FROM lineitem WHERE STRFTIME('%Y', l_shipdate) = '1997' AND l_shipmode = 'MAIL' ;","SELECT COUNT(l_linenumber) FROM lineitem WHERE STRFTIME('%Y', l_shipdate) = '1997' AND l_shipmode = 'MAIL' ;"
SELECT CAST(COUNT(CASE WHEN T1.secondary_description LIKE '%CANNABIS%' THEN T1.secondary_description END) AS REAL) * 100 / COUNT(T1.secondary_description) FROM IUCR AS T1 INNER JOIN Crime AS T2 ON T2.iucr_no = T1.iucr_no INNER JOIN FBI_Code AS T3 ON T3.fbi_code_no = T2.fbi_code_no WHERE T3.title = 'Drug Abuse' ;,SELECT CAST(SUM(CASE WHEN T3.title = 'Drug Abuse' THEN 1 ELSE 0 END) AS REAL) * 100 / COUNT(T1.iucr_no) FROM IUCR AS T1 INNER JOIN Crime AS T2 ON T1.iucr_no = T2.iucr_no INNER JOIN FBI_Code AS T3 ON T2.fbi_code_no = T3.fbi_code_no WHERE T3.secondary_description LIKE '%CANNABIS%' ;
SELECT DISTINCT T2.zip_code FROM state AS T1 INNER JOIN country AS T2 ON T1.abbreviation = T2.state WHERE T2.county = 'NEW CASTLE' AND T1.name = 'Delaware' ;,SELECT T2.zip_code FROM state AS T1 INNER JOIN country AS T2 ON T1.abbreviation = T2.state WHERE T1.county = 'NEW CASTLE' AND T1.name = 'Delaware' ;
SELECT T3.TerritoryDescription FROM Employees AS T1 INNER JOIN EmployeeTerritories AS T2 ON T1.EmployeeID = T2.EmployeeID INNER JOIN Territories AS T3 ON T2.TerritoryID = T3.TerritoryID WHERE T1.ReportsTo = ( SELECT EmployeeID FROM Employees WHERE FirstName = 'Andrew' AND LastName = 'Fuller' ) ;,SELECT T1.TerritoryDescription FROM Employees AS T1 INNER JOIN EmployeeTerritories AS T2 ON T1.EmployeeID = T2.EmployeeID INNER JOIN Territories AS T3 ON T2.TerritoryID = T3.TerritoryID WHERE T3.FirstName = 'Andrew' AND T1.LastName = 'Fuller' ;
SELECT CAST(SUM(CASE WHEN T2.class IS NOT NULL THEN 1 ELSE 0 END) AS REAL) * 100 / COUNT(*) FROM current AS T1 INNER JOIN current-terms AS T2 ON T1.bioguide_id = T2.bioguide WHERE T1.birthday_bio LIKE '%1964%' ;,SELECT CAST(SUM(CASE WHEN T3.class = 'Natural' THEN 1 ELSE 0 END) AS REAL) * 100 / COUNT(T1.bioguide_id) FROM current AS T1 INNER JOIN current-terms AS T2 ON T1.bioguide_id = T2.bioguide ;
SELECT T3.keyword_name FROM movie AS T1 INNER JOIN movie_keywords AS T2 ON T1.movie_id = T2.movie_id INNER JOIN keyword AS T3 ON T2.keyword_id = T3.keyword_id WHERE T1.title = 'Sky Captain and the World of Tomorrow' ;,SELECT T3.keyword_name FROM movie AS T1 INNER JOIN movie_keywords AS T2 ON T1.movie_id = T2.movie_id INNER JOIN keyword AS T3 ON T2.keyword_id = T3.keyword_id WHERE T1.title = 'Sky Captain and the World of Tomorrow' ;
"SELECT T1.first_name, T1.last_name FROM historical AS T1 INNER JOIN historical-terms AS T2 ON T1.bioguide_id = T2.bioguide WHERE T2.end = '1791-03-03' AND T1.gender_bio = 'F' ;","SELECT T2.first_name, T2.last_name FROM historical AS T1 INNER JOIN historical-terms AS T2 ON T1.bioguide_id = T2.bioguide WHERE T1.end = '1791-03-03' AND T1.gender_bio = 'F' ;"
"SELECT T.game_name FROM ( SELECT T2.game_name, COUNT(T2.id) FROM genre AS T1 INNER JOIN game AS T2 ON T1.id = T2.genre_id GROUP BY T2.game_name ORDER BY COUNT(T2.id) ASC LIMIT 1 ) t ;",SELECT T2.genre_name FROM game AS T1 INNER JOIN genre AS T2 ON T1.genre_id = T2.id GROUP BY T1.genre_name ORDER BY COUNT(T1.id) DESC LIMIT 1 ;
"SELECT COUNT(T1.Countrycode) FROM CountryNotes AS T1 INNER JOIN Series AS T2 ON T1.Seriescode = T2.SeriesCode WHERE T2.IndicatorName = 'Stocks traded, turnover ratio of domestic shares (%)' ;","SELECT COUNT(T1.Countrycode) FROM CountryNotes AS T1 INNER JOIN Series AS T2 ON T1.SeriesCode = T2.Seriescode WHERE T2.IndicatorName = 'Stocks traded, turnover ratio of domestic shares (%)' ;"
"SELECT DISTINCT T2.city, T2.state FROM CBSA AS T1 INNER JOIN zip_data AS T2 ON T1.CBSA = T2.CBSA WHERE T1.CBSA_name = 'Lexington-Fayette, KY' LIMIT 10 ;","SELECT T2.city FROM CBSA AS T1 INNER JOIN zip_data AS T2 ON T1.CBSA = T2.CBSA WHERE T1.CBSA_name = 'Lexington-Fayette, KY' ;"
SELECT DISTINCT T1.title FROM works AS T1 INNER JOIN chapters AS T2 ON T1.id = T2.work_id INNER JOIN paragraphs AS T3 ON T2.id = T3.chapter_id INNER JOIN characters AS T4 ON T3.character_id = T4.id WHERE T4.CharName = 'Froth' ;,SELECT T3.Title FROM characters AS T1 INNER JOIN chapters AS T2 ON T1.id = T2.character_id INNER JOIN paragraphs AS T3 ON T2.id = T3.work_id INNER JOIN works AS T4 ON T4.id = T4.work_id WHERE T1.CharName = 'Froth' ;
SELECT T1.EmailAddress FROM ProductReview AS T1 INNER JOIN Product AS T2 ON T1.ProductID = T2.ProductID WHERE T2.Class = 'H' ;,SELECT T2.EmailAddress FROM Product AS T1 INNER JOIN ProductReview AS T2 ON T1.ProductID = T2.ProductID WHERE T1.Class = 'H' AND T1.Style = 'M' ;
SELECT method_name FROM shipping_method ORDER BY cost ASC LIMIT 1 ;,SELECT CAST(SUM(CASE WHEN shipping_method = 'Standard' THEN 1 ELSE 0 END) AS REAL) * 100 / COUNT(*) FROM shipping_method ;
"SELECT City Name, Median Income FROM Store Locations WHERE State = 'Florida' ORDER BY Population DESC LIMIT 1 ;","SELECT City Name, Median Income FROM Store Locations WHERE State = 'Florida' ORDER BY Population DESC LIMIT 1 ;"
SELECT college FROM players WHERE playerID = ( SELECT playerID FROM awards_players WHERE year = 1970 GROUP BY playerID ORDER BY COUNT(award) DESC LIMIT 1 ) ;,SELECT T2.college FROM awards_players AS T1 INNER JOIN players AS T2 ON T1.playerID = T2.playerID WHERE T1.year = 1970 GROUP BY T1.playerID ORDER BY COUNT(T1.award) DESC LIMIT 1 ;
"SELECT FirstName, MiddleInitial, LastName FROM Employees WHERE EmployeeID = 7 ;","SELECT FirstName, MiddleInitial, LastName FROM Employees WHERE EmployeeID = 7 ;"
SELECT AVG(rental_rate) FROM film WHERE rating = 'PG-13' ;,SELECT AVG(rental_rate) FROM film WHERE rating = 'PG-13' ;
SELECT T1.vendor_name FROM resources AS T1 INNER JOIN projects AS T2 ON T1.projectid = T2.projectid WHERE T2.primary_focus_area LIKE 'Literacy%' GROUP BY T1.vendor_name ORDER BY COUNT(T2.primary_focus_area) DESC LIMIT 1 ;,SELECT T2.vendor_name FROM resources AS T1 INNER JOIN projects AS T2 ON T1.projectid = T2.projectid WHERE T1.primary_focus_area = 'Literature' ;
SELECT birth_place FROM Person WHERE name = 'Dan Castellaneta' ;,SELECT birth_place FROM Person WHERE name = 'Dan Castellaneta' ;
SELECT DISTINCT T2.Product Name FROM east_superstore AS T1 INNER JOIN product AS T2 ON T1.Product ID = T2.Product ID WHERE T2.Region = 'East' AND T1.Profit > ( SELECT AVG(Profit) * 0.98 FROM east_superstore ) ;,SELECT T2.Product Name FROM east_superstore AS T1 INNER JOIN product AS T2 ON T1.Product ID = T2.Product ID WHERE T1.Region = 'East' AND T1.Profit > ( SELECT AVG(Profit) FROM east_superstore ) ;
SELECT T2.person FROM Episode AS T1 INNER JOIN Credit AS T2 ON T1.episode_id = T2.episode_id WHERE T1.title = 'How the Test Was Won' AND T2.credited = 'false' ;,SELECT T2.person FROM Episode AS T1 INNER JOIN Credit AS T2 ON T1.episode_id = T2.episode_id WHERE T1.title = 'How the Test Was Won' AND T1.credited ='' ;
SELECT COUNT(DISTINCT T2.id) FROM platform AS T1 INNER JOIN game_platform AS T2 ON T1.id = T2.platform_id INNER JOIN region_sales AS T3 ON T1.id = T3.game_platform_id INNER JOIN region AS T4 ON T3.region_id = T4.id WHERE T1.platform_name = 'DS' AND T4.region_name = 'Other' AND T3.num_sales > 0 ;,SELECT COUNT(T3.num_sales) FROM region AS T1 INNER JOIN region_sales AS T2 ON T1.id = T2.region_id INNER JOIN game_platform AS T3 ON T2.game_platform_id = T3.id INNER JOIN platform AS T4 ON T4.platform_id = T4.id WHERE T4.platform_name = 'DS' AND T4.num_sales > 0 ;
"SELECT CAST(SUM(CASE WHEN T2.race = 'hispanic' THEN 1 ELSE 0 END) AS REAL) * 100 / COUNT(T1.PATIENT) FROM careplans AS T1 INNER JOIN patients AS T2 ON T1.PATIENT = T2.patient WHERE strftime('%Y', T1.stop) = '2011' ;",SELECT CAST(COUNT(CASE WHEN T2.ethnicity = 'hispanic' THEN 1 ELSE NULL END) AS REAL) * 100 / COUNT(T1.patient) FROM careplans AS T1 INNER JOIN patients AS T2 ON T1.PATIENT = T2.patient WHERE T2.stop = '2011' ;
"SELECT CAST(SUM(T2.Value) AS REAL) * 100 / COUNT(T2.Year) FROM Country AS T1 INNER JOIN Indicators AS T2 ON T1.CountryCode = T2.CountryCode WHERE T1.Alpha2Code = '1A' AND T2.IndicatorName = 'Adolescent fertility rate (births per 1,000 women ages 15-19)' ;",SELECT AVG(T2.Value) FROM Country AS T1 INNER JOIN Indicators AS T2 ON T1.CountryCode = T2.CountryCode WHERE T1.Alpha2Code = 1A ;
SELECT SUM(T1.o_totalprice) FROM orders AS T1 INNER JOIN customer AS T2 ON T1.o_custkey = T2.c_custkey WHERE T2.c_phone = '627-220-3983' ;,SELECT SUM(T2.o_totalprice) FROM customer AS T1 INNER JOIN orders AS T2 ON T1.o_custkey = T2.c_custkey WHERE T1.c_phone = '627-220-3983' ;
SELECT T2.language_name FROM book AS T1 INNER JOIN book_language AS T2 ON T1.language_id = T2.language_id ORDER BY T1.publication_date ASC LIMIT 2 ;,SELECT T2.language_name FROM book AS T1 INNER JOIN book_language AS T2 ON T1.language_id = T2.language_id WHERE T1.publication_date = '2003-03-11' ;
"SELECT T1.paper_id, T1.class_label FROM paper AS T1 INNER JOIN content AS T2 ON T1.paper_id = T2.paper_id WHERE T2.word_cited_id = 'word1002' ;","SELECT T2.paper_id, T2.class_label FROM content AS T1 INNER JOIN paper AS T2 ON T1.paper_id = T2.paper_id WHERE T1.word_cited_id = 'word1002' ;"
"SELECT T1.Date, T1.id FROM works AS T1 INNER JOIN chapters AS T2 ON T1.id = T2.work_id WHERE T2.Scene = 154 ;",SELECT T2.Date FROM works AS T1 INNER JOIN chapters AS T2 ON T1.id = T2.work_id WHERE T1.Scene = 154 ;
SELECT T2.TAIL_NUM FROM Air Carriers AS T1 INNER JOIN Airlines AS T2 ON T1.Code = T2.OP_CARRIER_AIRLINE_ID WHERE T1.Description = 'Asap Air Inc.: ASP' ORDER BY T2.DEP_DELAY DESC LIMIT 1 ;,SELECT T2.TAIL_NUM FROM Airlines AS T1 INNER JOIN Air Carriers AS T2 ON T1.Code = T2.OP_CARRIER_AIRLINE_ID WHERE T1.Description = 'Asap Air Inc.: ASP' ORDER BY T1.DEP_DELAY DESC LIMIT 1 ;
SELECT T2.OrderID FROM Products AS T1 INNER JOIN Order Details AS T2 ON T1.ProductID = T2.ProductID WHERE T1.Discontinued = 1 ;,SELECT T2.OrderID FROM Products AS T1 INNER JOIN Orders AS T2 ON T1.ProductID = T2.ProductID WHERE T1.Discontinued = 1 ;
SELECT T3.category_name FROM Business AS T1 INNER JOIN Business_Categories AS T2 ON T1.business_id = T2.business_id INNER JOIN Categories AS T3 ON T2.category_id = T3.category_id ORDER BY T1.stars DESC LIMIT 1 ;,SELECT T3.category_name FROM Business AS T1 INNER JOIN Business_Categories AS T2 ON T1.business_id = T2.business_id INNER JOIN Categories AS T3 ON T2.category_id = T3.category_id WHERE T1.stars = ( SELECT MAX(stars) FROM Business ) ;
SELECT T1.CompanyName FROM Customers AS T1 INNER JOIN Orders AS T2 ON T1.CustomerID = T2.CustomerID WHERE T2.Freight > 2000000 ;,SELECT CompanyName FROM Orders WHERE Freight > 2000000 ;
SELECT T1.HomePhone FROM Employees AS T1 INNER JOIN EmployeeTerritories AS T2 ON T1.EmployeeID = T2.EmployeeID INNER JOIN Territories AS T3 ON T2.TerritoryID = T3.TerritoryID WHERE T3.TerritoryDescription = 'Portsmouth' ;,SELECT T2.HomePhone FROM Employees AS T1 INNER JOIN EmployeeTerritories AS T2 ON T1.EmployeeID = T2.EmployeeID INNER JOIN Territories AS T3 ON T2.TerritoryID = T3.TerritoryID WHERE T3.TerritoryDescription = 'Portsmouth' ;
"SELECT T2.educationrequired, T1.firstname, T1.lastname, T1.salary FROM employee AS T1 INNER JOIN position AS T2 ON T1.positionID = T2.positionID WHERE T1.performance = 'Poor' AND T2.positiontitle = 'Account Representative' ;","SELECT T1.educationrequired, T1.salary FROM employee AS T1 INNER JOIN position AS T2 ON T1.positionID = T2.positionID WHERE T2.positiontitle = 'Account Representative' AND T1.performance = 'Poor' ;"
SELECT device_id FROM gender_age WHERE age = ( SELECT MAX(age) FROM gender_age ) ;,SELECT device_id FROM gender_age WHERE age = ( SELECT MAX(age) FROM gender_age ) ;
SELECT SUM(T2.Quantity * T2.UnitPrice) FROM Orders AS T1 INNER JOIN Order Details AS T2 ON T1.OrderID = T2.OrderID INNER JOIN Shippers AS T3 ON T1.ShipVia = T3.ShipperID WHERE T3.CompanyName = 'Speedy Express' AND T1.ShipCountry = 'Brazil' ;,SELECT SUM(T3.Quantity) FROM Customers AS T1 INNER JOIN Orders AS T2 ON T1.CustomerID = T2.CustomerID INNER JOIN Order Details AS T3 ON T2.ShipVia = T3.ShipperID INNER JOIN Products AS T4 ON T3.ProductID = T4.ProductID WHERE T1.ShipCountry = 'Brazil' ;
"SELECT T2.label, T1.id_restaurant FROM location AS T1 INNER JOIN generalinfo AS T2 ON T1.id_restaurant = T2.id_restaurant WHERE T1.city ='san francisco' AND T1.street_name = 'ocean avenue' ;","SELECT T2.id_restaurant, T2.label FROM location AS T1 INNER JOIN generalinfo AS T2 ON T1.id_restaurant = T2.id_restaurant WHERE T1.street_name = 'ocean avenue' AND T1.city ='san francisco' ;"
SELECT T2.ListPrice - T2.StandardCost FROM ProductReview AS T1 INNER JOIN Product AS T2 ON T1.ProductID = T2.ProductID WHERE T1.ReviewerName = 'David' ORDER BY T1.Rating DESC LIMIT 1 ;,SELECT T2.ListPrice - T2.StandardCost FROM Product AS T1 INNER JOIN ProductReview AS T2 ON T1.ProductID = T2.ProductID WHERE T1.ReviewerName = 'David' AND T1.Rating = 4 ;
SELECT CAST(COUNT(CASE WHEN T3.gender = 'M' THEN 1 ELSE NULL END) AS REAL) / COUNT(CASE WHEN T3.gender = 'F' THEN 1 ELSE NULL END) FROM games AS T1 INNER JOIN games_competitor AS T2 ON T1.id = T2.games_id INNER JOIN person AS T3 ON T2.person_id = T3.id WHERE T1.games_name = '2012 Summer' ;,SELECT CAST(COUNT(CASE WHEN T3.gender = 'M' THEN 1 ELSE NULL END) AS REAL) * 100 / COUNT(T1.id) FROM person AS T1 INNER JOIN games_competitor AS T2 ON T1.id = T2.person_id INNER JOIN games AS T3 ON T2.games_id = T3.id WHERE T3.games_name = '2012 Summer' ;
SELECT COUNT(DISTINCT T3.coachID) FROM Coaches AS T1 INNER JOIN Teams AS T2 ON T1.year = T2.year AND T1.tmID = T2.tmID INNER JOIN Master AS T3 ON T1.coachID = T3.coachID WHERE T2.name = 'Buffalo Sabres' AND T3.deathYear IS NOT NULL ;,SELECT COUNT(T1.tmID) FROM Teams AS T1 INNER JOIN TeamsSC AS T2 ON T1.tmID = T2.tmID AND T1.year = T2.year WHERE T2.name = 'Buffalo Sabres' AND T1.pIM = '1922' ;
"SELECT COUNT(DISTINCT T1.game_id) FROM game_publisher AS T1 INNER JOIN publisher AS T2 ON T1.publisher_id = T2.id WHERE T2.publisher_name IN ('Capcom', 'Sony Computer Entertainment') ;",SELECT COUNT(T1.id) FROM game_publisher AS T1 INNER JOIN publisher AS T2 ON T1.publisher_id = T2.id WHERE T2.publisher_name = 'Sony Computer Entertainment' ;
SELECT CAST(COUNT(CASE WHEN T1.birthCountry = 'USA' THEN T1.playerID ELSE NULL END) AS REAL) * 100 / COUNT(T1.playerID) FROM Master AS T1 INNER JOIN HOF AS T2 ON T1.hofID = T2.hofID ;,SELECT CAST(COUNT(CASE WHEN birthCountry = 'USA' THEN 1 ELSE NULL END) AS REAL) * 100 / COUNT(*) FROM Master AS T1 INNER JOIN HOF AS T2 ON T1.hofID = T2.hofID ;
SELECT COUNT(T2.award) FROM Episode AS T1 INNER JOIN Award AS T2 ON T1.episode_id = T2.episode_id WHERE T1.title = 'Agony' AND T2.result = 'Winner' ;,SELECT COUNT(DISTINCT T2.award) FROM Episode AS T1 INNER JOIN Award AS T2 ON T1.episode_id = T2.episode_id WHERE T1.title = 'Agony' AND T1.result = 'Winner' ;
SELECT DISTINCT T1.Description FROM FootNotes AS T1 INNER JOIN Country AS T2 ON T1.Countrycode = T2.CountryCode WHERE T1.Year = 'YR1984' AND T2.ShortName = 'The Bahamas' AND T1.Seriescode = 'SH.DTH.IMRT' ;,SELECT T1.Description FROM Country AS T1 INNER JOIN FootNotes AS T2 ON T1.CountryCode = T2.Countrycode WHERE T2.Seriescode = 'SH.DTH.IMRT' AND T1.Year = 1984 ;
SELECT T2.GP FROM PlayerInfo AS T1 INNER JOIN SeasonStatus AS T2 ON T1.ELITEID = T2.ELITEID WHERE T2.SEASON = '1997-1998' AND T1.PlayerName = 'Pavel Patera' ;,SELECT COUNT(T1.GP) FROM SeasonStatus AS T1 INNER JOIN PlayerInfo AS T2 ON T1.ELITEID = T2.ELITEID WHERE T2.SEASON = '1997-1998' AND T1.PlayerName = 'Per Mars' ;
"SELECT Address, HomePhone, Salary FROM Employees WHERE Title = 'Sales Manager' ;","SELECT DISTINCT Address, Home Phone, Salary FROM Employees WHERE Title = 'Sales Manage' ;"
"SELECT T2.nameGiven, T2.birthYear, T2.birthMon, T2.birthDay, T3.name FROM Goalies AS T1 INNER JOIN Master AS T2 ON T2.playerID = T1.playerID INNER JOIN Teams AS T3 ON T3.lgID = T1.lgID WHERE T3.tmID = 'MTL' GROUP BY T2.nameGiven, T2.birthYear, T2.birthMon, T2.birthDay, T3.name ORDER BY COUNT(T2.coachID) DESC LIMIT 1 ;","SELECT T3.nameGiven, T3.birthYear, T3.nameGiven FROM Goalies AS T1 INNER JOIN Master AS T2 ON T1.coachID = T2.coachID INNER JOIN Teams AS T3 ON T2.year = T3.year AND T3.lgID = T3.lgID INNER JOIN Goalies AS T4 ON T3.year = T4.year AND T4.tmID = T4.tmID AND T4.name = 'MTL' ;"
"SELECT T1.name, T2.voice-actor FROM director AS T1 INNER JOIN voice-actors AS T2 ON T1.name = T2.movie WHERE T1.director = 'Wolfgang Reitherman' ;","SELECT T2.movie, T3.voice-actor FROM director AS T1 INNER JOIN voice-actors AS T2 ON T1.movie = T2.name INNER JOIN characters AS T3 ON T2.movie = T3.movie_title WHERE T3.director = 'Wolfgang Reitherman' ;"
"SELECT T1.ListPrice FROM Product AS T1 INNER JOIN ProductListPriceHistory AS T2 ON T1.ProductID = T2.ProductID WHERE T1.ListPrice - T1.StandardCost > 21.9037 AND STRFTIME('%Y-%m-%d', T2.StartDate) >= '2012-10-01' ;",SELECT T2.ListPrice - T2.StandardCost FROM ProductListPriceHistory AS T1 INNER JOIN Product AS T2 ON T1.ProductID = T2.ProductID WHERE T1.StartDate = '2012-05' AND T1.StartDate = '2012-05' ;
"SELECT COUNT(business_id) FROM Business_Attributes WHERE attribute_value IN ('none', 'no', 'false') ;","SELECT COUNT(business_id) FROM Business_Attributes WHERE attribute_value IN ( SELECT attribute_value FROM Business_Attributes WHERE attribute_value LIKE 'none', 'no', 'false' ) ;"
SELECT COUNT(T1.student_id) FROM RA AS T1 INNER JOIN student AS T2 ON T1.student_id = T2.student_id WHERE T2.gpa = 3.5 AND T1.salary = 'low' ;,SELECT COUNT(T1.student_id) FROM student AS T1 INNER JOIN RA AS T2 ON T1.student_id = T2.student_id WHERE T2.gpa = 3.5 ;
SELECT COUNT(course_id) FROM registration WHERE student_id IN ( SELECT student_id FROM student WHERE gpa = ( SELECT MAX(gpa) FROM student ) ) ;,SELECT COUNT(T1.course_id) FROM student AS T1 INNER JOIN registration AS T2 ON T1.student_id = T2.student_id WHERE T2.graduate_id = ( SELECT MAX(gpa) FROM student ) ;
SELECT T1.title FROM Episode AS T1 INNER JOIN Vote AS T2 ON T1.episode_id = T2.episode_id GROUP BY T1.title ORDER BY SUM(T1.votes) DESC LIMIT 1 ;,SELECT T2.title FROM Vote AS T1 INNER JOIN Episode AS T2 ON T1.episode_id = T2.episode_id ORDER BY T1.votes DESC LIMIT 1 ;
SELECT T2.price FROM data AS T1 INNER JOIN price AS T2 ON T1.ID = T2.ID WHERE T1.car_name = 'chevrolet bel air' ;,SELECT T2.price FROM data AS T1 INNER JOIN price AS T2 ON T1.ID = T2.ID WHERE T1.car_name = 'chevrolet bel air' ;
"SELECT JobTitle FROM Employee WHERE STRFTIME('%Y', HireDate) = '2007' GROUP BY HireDate ORDER BY COUNT(JobTitle) DESC LIMIT 1 ;",SELECT JobTitle FROM Employee WHERE HireDate LIKE '2007-1-1' AND HireDate LIKE '2007-12-31' GROUP BY JobTitle ORDER BY COUNT(JobTitle) DESC LIMIT 1 ;
SELECT t2.customerName FROM orders AS t1 INNER JOIN customers AS t2 ON t1.customerNumber = t2.customerNumber WHERE t1.status = 'In Process' ;,SELECT DISTINCT T1.customerName FROM customers AS T1 INNER JOIN orderdetails AS T2 ON T1.customerNumber = T2.customerNumber INNER JOIN orders AS T3 ON T2.orderNumber = T3.orderNumber WHERE T3.status = 'In Process' ;
SELECT COUNT(Lang) FROM Method WHERE Lang = 'en' AND CommentIsXml = 1 ;,SELECT COUNT(Id) FROM Method WHERE Lang = 'en' AND CommentIsXml = 1 ;
SELECT T1.episode FROM Episode AS T1 INNER JOIN Keyword AS T2 ON T1.episode_id = T2.episode_id WHERE T2.Keyword ='mafia' ;,SELECT T2.episode FROM Keyword AS T1 INNER JOIN Episode AS T2 ON T1.episode_id = T2.episode_id WHERE T1.keyword ='mafia' ;
"SELECT CAST(SUM(IIF(T2.name IS NULL, 1, 0)) AS REAL) * 100 / COUNT(T1.name) FROM person AS T1 LEFT JOIN male AS T2 ON T2.name = T1.name ;",SELECT CAST(COUNT(CASE WHEN T2.name IS NULL THEN 1 ELSE NULL END) AS REAL) * 100 / COUNT(T1.name) FROM person AS T1 INNER JOIN male AS T2 ON T1.name = T2.name ;
SELECT SUM(CASE WHEN T3.name = 'Waldorf Astoria' THEN 1 ELSE 0 END) FROM MenuItem AS T1 INNER JOIN MenuPage AS T2 ON T1.menu_page_id = T2.id INNER JOIN Menu AS T3 ON T2.menu_id = T3.id ;,SELECT COUNT(T1.id) FROM Menu AS T1 INNER JOIN MenuItem AS T2 ON T1.id = T2.menu_page_id INNER JOIN Menu AS T3 ON T2.menu_id = T3.id WHERE T3.name = 'Waldorf Astoria' ;
SELECT T1.AddressLine1 FROM Address AS T1 INNER JOIN BusinessEntityAddress AS T2 USING (AddressID) WHERE T2.BusinessEntityID = 1 ;,"SELECT T3.AddressLine1, T3.AddressLine1, T3.City, T3.StateProvinceID FROM BusinessEntityAddress AS T1 INNER JOIN Address AS T2 ON T1.AddressID = T2.AddressID INNER JOIN BusinessEntity AS T3 ON T2.BusinessEntityID = T3.BusinessEntityID WHERE T1.BusinessEntityID = 1 ;"
"SELECT T2.FirstName, T2.MiddleName, T2.LastName, T1.HireDate FROM Employee AS T1 INNER JOIN Person AS T2 USING (BusinessEntityID) WHERE T1.JobTitle = 'Vice President of Engineering' ;","SELECT T2.FirstName, T1.MiddleName, T1.LastName FROM Employee AS T1 INNER JOIN Person AS T2 ON T1.BusinessEntityID = T2.BusinessEntityID WHERE T1.JobTitle = 'Vice President of Engineering' ;"
"SELECT T1.first_name, T1.last_name FROM customer AS T1 INNER JOIN address AS T2 ON T1.address_id = T2.address_id WHERE T2.address = '1795 Santiago de Compostela Way' AND T1.active = 1 ;","SELECT T1.first_name, T1.last_name FROM customer AS T1 INNER JOIN address AS T2 ON T1.address_id = T2.address_id WHERE T2.address = '1795 Santiago de Compostela Way' AND T1.active = 1 ;"
SELECT T1.chronname FROM institution_details AS T1 INNER JOIN institution_grads AS T2 ON T2.unitid = T1.unitid WHERE T2.gender = 'F' AND T2.cohort = '4y other' ORDER BY T2.grad_cohort DESC LIMIT 1 ;,SELECT T2.chronname FROM institution_details AS T1 INNER JOIN institution_grads AS T2 ON T1.unitid = T2.unitid WHERE T1.gender = 'F' ORDER BY T1.grad_cohort DESC LIMIT 1 ;
SELECT COUNT(T1.competitor_id) FROM competitor_event AS T1 INNER JOIN event AS T2 ON T1.event_id = T2.id INNER JOIN sport AS T3 ON T2.sport_id = T3.id WHERE T2.event_name = 'Sailing Mixed 12 metres' ;,SELECT COUNT(DISTINCT T1.person) FROM competitor_event AS T1 INNER JOIN event AS T2 ON T1.event_id = T2.id INNER JOIN sport AS T3 ON T2.sport_id = T3.id WHERE T3.event_name = 'Sailing Mixed 12 metres' ;
"SELECT IIF(T.result = 0, 'female','male') AS re FROM ( SELECT COUNT(name) AS result FROM male WHERE name ='studenT1000' ) T ;",SELECT name FROM male WHERE name ='student1000' ;
SELECT T2.gpa FROM RA AS T1 INNER JOIN student AS T2 ON T1.student_id = T2.student_id WHERE T1.salary = 'free' ;,SELECT T2.gpa FROM RA AS T1 INNER JOIN student AS T2 ON T1.student_id = T2.student_id WHERE T1.salary = 'free' ;
SELECT T2.city FROM employee AS T1 INNER JOIN publishers AS T2 ON T1.pub_id = T2.pub_id WHERE T1.fname = 'Victoria' AND T1.minit = 'P' AND T1.lname = 'Ashworth' ;,SELECT T2.city FROM employee AS T1 INNER JOIN publishers AS T2 ON T1.pub_id = T2.pub_id WHERE T1.fname = 'Victoria' AND T1.lname = 'Ashworth' ;
SELECT COUNT(*) FROM author AS T1 INNER JOIN book_author AS T2 ON T1.author_id = T2.author_id WHERE T1.author_name = 'Akira Watanabe' ;,SELECT COUNT(*) FROM book_author AS T1 INNER JOIN author AS T2 ON T1.author_id = T2.author_id WHERE T2.author_name = 'Akira Watanabe' ;
SELECT T2.university_name FROM university_year AS T1 INNER JOIN university AS T2 ON T1.university_id = T2.id WHERE T1.year = 2011 ORDER BY T1.pct_international_students DESC LIMIT 1 ;,SELECT T2.university_name FROM university_year AS T1 INNER JOIN university AS T2 ON T1.university_id = T2.id WHERE T1.year = 2011 ORDER BY T1.num_students DESC LIMIT 100 ;
"SELECT T2.first_name, T2.last_name FROM film_actor AS T1 INNER JOIN actor AS T2 ON T1.actor_id = T2.actor_id INNER JOIN film AS T3 ON T1.film_id = T3.film_id WHERE T3.title = 'AFRICAN EGG' ;","SELECT T3.first_name, T3.last_name FROM film AS T1 INNER JOIN film_actor AS T2 ON T1.film_id = T2.film_id INNER JOIN actor AS T3 ON T2.actor_id = T3.actor_id WHERE T1.title = 'AFRICAN EGG' ;"
SELECT CAST(COUNT(CASE WHEN T4.genre_name = 'Animation' THEN T1.movie_id ELSE NULL END) AS REAL) * 100 / COUNT(T1.movie_id) FROM movie AS T1 INNER JOIN movie_genres AS T2 ON T1.movie_id = T2.movie_id INNER JOIN production_COUNTry AS T3 ON T1.movie_id = T3.movie_id INNER JOIN genre AS T4 ON T2.genre_id = T4.genre_id INNER JOIN COUNTry AS T5 ON T3.COUNTry_id = T5.COUNTry_id WHERE T5.COUNTry_name = 'Japan' ;,SELECT CAST(COUNT(CASE WHEN T3.genre_name = 'Animation' THEN 1 ELSE NULL END) AS REAL) * 100 / COUNT(T3.movie_id) FROM movie AS T1 INNER JOIN production_production_production_production_production_production_production_production_production_production_production_production_production_production_production_production_production_production_production_production_production_production_production_production_
SELECT COUNT(T1.movie_id) FROM movie_genres AS T1 INNER JOIN genre AS T2 ON T1.genre_id = T2.genre_id WHERE T2.genre_name = 'Horror' ;,SELECT COUNT(T2.movie_id) FROM genre AS T1 INNER JOIN movie_genres AS T2 ON T1.genre_id = T2.genre_id WHERE T1.genre_name = 'Horror' ;
SELECT T1.company_name FROM production_company AS T1 INNER JOIN movie_company AS T2 ON T1.company_id = T2.company_id INNER JOIN movie AS T3 ON T2.movie_id = T3.movie_id WHERE T3.title = 'Four Rooms' ;,SELECT T3.company_name FROM movie AS T1 INNER JOIN movie_company AS T2 ON T1.movie_id = T2.movie_id INNER JOIN production_company AS T3 ON T2.company_id = T3.company_id WHERE T1.title = 'Four Rooms' ;
"SELECT CAST((SUM(CASE WHEN strftime('%J', T2.Date sent to company) - strftime('%J', T2.Date received) > 5 THEN 1 ELSE 0 END)) AS REAL) * 100 / COUNT(T1.client_id) FROM client AS T1 INNER JOIN events AS T2 ON T1.client_id = T2.Client_ID WHERE T1.city = 'Houston' AND strftime('%Y', T2.Date received) = '2014' ;",SELECT CAST(COUNT(CASE WHEN T3.Date received > 5 THEN 1 ELSE NULL END) AS REAL) * 100 / COUNT(T1.Date sent to company) FROM client AS T1 INNER JOIN events AS T2 ON T1.client_id = T2.rand client INNER JOIN callcenterlogs AS T3 ON T2.Complaint ID = T3.Complaint ID WHERE T3.city = 'Houston' AND T3.Date received > 5 THEN T3.Date received END) AS REAL) * 100 / COUNT(T3.Date sent to company = '2014' ;
"SELECT T3.name, T3.category FROM Recipe AS T1 INNER JOIN Quantity AS T2 ON T1.recipe_id = T2.recipe_id INNER JOIN Ingredient AS T3 ON T3.ingredient_id = T2.ingredient_id WHERE T1.title = 'Apricot Yogurt Parfaits' ;",SELECT T3.category FROM Recipe AS T1 INNER JOIN Quantity AS T2 ON T1.recipe_id = T2.recipe_id INNER JOIN Ingredient AS T3 ON T2.ingredient_id = T3.ingredient_id WHERE T1.title = 'Apricot Yogurt Parfaits' ;
SELECT COUNT(award_id) FROM Award WHERE award_category = 'Primetime Emmy' ;,SELECT COUNT(award_id) FROM Award WHERE category = 'Primetime Emmy' ;
SELECT COUNT(DISTINCT T3.coachID) FROM Coaches AS T1 INNER JOIN Teams AS T2 ON T1.year = T2.year AND T1.tmID = T2.tmID INNER JOIN Master AS T3 ON T1.coachID = T3.coachID WHERE T2.name = 'Philadelphia Flyers' AND T3.birthCountry = 'USA' ;,SELECT COUNT(DISTINCT T1.coachID) FROM Coaches AS T1 INNER JOIN Teams AS T2 ON T1.tmID = T2.tmID AND T1.year = T2.year WHERE T2.name = 'PathCountry' AND T1.birthCountry = 'USA' ;
SELECT DISTINCT T3.country_name FROM university AS T1 INNER JOIN university_ranking_year AS T2 ON T1.id = T2.university_id INNER JOIN country AS T3 ON T3.id = T1.country_id WHERE T2.score  70 AND T2.year = 2016 ;,SELECT T3.country_name FROM university AS T1 INNER JOIN university_ranking_year AS T2 ON T1.id = T2.university_id INNER JOIN country AS T3 ON T2.country_id = T3.id WHERE T1.year = 2016 AND T1.score  70 ;
SELECT CAST(SUM(CASE WHEN T2.store_nbr = 10 THEN units * 1 ELSE 0 END) AS REAL) * 100 / SUM(units) FROM relation AS T1 INNER JOIN sales_in_weather AS T2 ON T1.store_nbr = T2.store_nbr WHERE station_nbr = 12 AND item_nbr = 5 AND T2.date LIKE '%2014%' ;,SELECT CAST(SUM(CASE WHEN T3.store_nbr = 10 THEN 1 ELSE 0 END) AS REAL) * 100 / SUM(units) FROM sales_in_weather AS T1 INNER JOIN relation AS T2 ON T1.store_nbr = T2.store_nbr INNER JOIN weather AS T3 ON T2.station_nbr = T3.station_nbr WHERE T3.store_nbr = 12 AND T1.item_nbr = 5 AND T1.date LIKE '2014%' ;
SELECT SUM(CASE WHEN T2.IndicatorName = 'CO2 emissions FROM liquid fuel consumption (% of total)' AND t2.Value  80 THEN 1 ELSE 0 END) * 1.0 / COUNT(T1.CountryCode) persent FROM Country AS T1 INNER JOIN Indicators AS T2 ON T1.CountryCode = T2.CountryCode WHERE T1.IncomeGroup = 'Upper middle income' ;,SELECT CAST(COUNT(CASE WHEN T1.IncomeGroup = 'Upper middle income' THEN 1 ELSE NULL END) AS REAL) * 100 / COUNT(T1.CountryCode) FROM Country AS T1 INNER JOIN Indicators AS T2 ON T1.CountryCode = T2.CountryCode WHERE T2.IncomeGroup = 'Upper middle income' AND T1.Value  80 ;
SELECT T2.title FROM book_language AS T1 INNER JOIN book AS T2 ON T2.language_id = T1.language_id INNER JOIN publisher AS T3 ON T3.publisher_id = T2.publisher_id WHERE T1.language_name = 'Spanish' AND T3.publisher_name = 'Alfaguara' GROUP BY T2.title ;,SELECT T3.title FROM book AS T1 INNER JOIN book_language AS T2 ON T1.language_id = T2.language_id INNER JOIN publisher AS T3 ON T2.publisher_id = T3.publisher_id WHERE T1.language_name = 'Spanish' AND T1.publisher_name = 'Alfaguara' ;
SELECT COUNT(T2.business_id) FROM Categories AS T1 INNER JOIN Business_Categories AS T2 ON T1.category_id = T2.category_id INNER JOIN Business AS T3 ON T2.business_id = T3.business_id WHERE T3.stars > 3 AND T1.category_name LIKE 'Accessories' ;,SELECT COUNT(T1.business_id) FROM Business AS T1 INNER JOIN Business_Categories AS T2 ON T1.business_id = T2.business_id INNER JOIN Categories AS T3 ON T2.category_id = T3.category_id WHERE T3.category_name LIKE 'Accessories' AND T3.stars > 3 ;
SELECT T1.email FROM employees AS T1 INNER JOIN offices AS T2 ON T1.officeCode = T2.officeCode WHERE T1.reportsTo = 1002 AND T2.city = 'San Francisco' ;,SELECT T2.email FROM employees AS T1 INNER JOIN offices AS T2 ON T1.officeCode = T2.officeCode WHERE T1.firstName = 'Murphy' AND T1.lastName = 'Murphy' AND T1.city = 'San Francisco' ;
SELECT T1.BusinessEntityID FROM Employee AS T1 INNER JOIN Person AS T2 ON T1.BusinessEntityID = T2.BusinessEntityID WHERE T2.EmailPromotion = 1 AND T1.VacationHours > 20 ;,SELECT T2.EmailPromotion FROM Employee AS T1 INNER JOIN Person AS T2 ON T1.BusinessEntityID = T2.BusinessEntityID WHERE T1.VacationHours > 20 ;
SELECT T1.street_name FROM location AS T1 INNER JOIN generalinfo AS T2 ON T1.city = T2.city WHERE T2.food_type = 'American' ;,SELECT T2.street_name FROM generalinfo AS T1 INNER JOIN location AS T2 ON T1.id_restaurant = T2.id_restaurant WHERE T1.food_type = 'american' ;
"SELECT SUBSTR(T1.closing_time, 1, 2) + 12 - SUBSTR(T1.opening_time, 1, 2) AS YYSJ FROM Business_Hours AS T1 INNER JOIN Days AS T2 ON T1.day_id = T2.day_id WHERE T2.day_of_week = 'Monday' AND T1.business_id = 15098 ;",SELECT T1.closing_time - T1.opening_time FROM Business AS T1 INNER JOIN Business_Hours AS T2 ON T1.business_id = T2.business_id INNER JOIN Days AS T3 ON T2.day_id = T3.day_id WHERE T3.day_of_week LIKE 'Monday' AND T3.business_id = 15098 ;
"SELECT COUNT(T1.CustomerID) FROM customers AS T1 INNER JOIN transaction AS T2 ON T1.CustomerID = T2.CustomerID WHERE T1.First = 'Frank-Paul' AND T1.Last = 'Santangelo' AND STRFTIME('%Y-%m', T2.TransactionDate) = '2014-07' ;","SELECT COUNT(T1.CustomerID) FROM customers AS T1 INNER JOIN transaction AS T2 ON T1.CustomerID = T2.CustomerID WHERE T2.First = 'Frank-Paul' AND T1.Last = 'Santangelo' AND SUBSTR(T2.TransactionDate, 1, 4) = '2014' ;"
SELECT Div FROM matchs WHERE season = 2008 AND FTR = 'D' GROUP BY Div ORDER BY COUNT(FTR) DESC LIMIT 1 ;,SELECT Div FROM matchs WHERE season = 2008 ORDER BY COUNT(FTR) DESC LIMIT 1 ;
SELECT DISTINCT ProductID FROM Sales WHERE Quantity = ( SELECT MAX(Quantity) FROM Sales ) ;,SELECT ProductID FROM Sales ORDER BY Quantity DESC LIMIT 1 ;
"SELECT Code FROM Airports WHERE Description = 'Anita Bay, AK: Anita Bay Airport' ;","SELECT Code FROM Airports WHERE Description = 'Anita Bay, AK: Anita Bay Airport' ;"
SELECT T2.email FROM registration AS T1 INNER JOIN student AS T2 ON T1.student_id = T2.student_id INNER JOIN course AS T3 ON T1.course_id = T3.course_id WHERE T1.grade = 'B' GROUP BY T3.diff HAVING T3.diff > AVG(T3.diff) * 0.8 ;,SELECT T3.email FROM student AS T1 INNER JOIN registration AS T2 ON T1.student_id = T2.student_id INNER JOIN course AS T3 ON T2.course_id = T3.course_id WHERE T1.grade = B AND T1.diff > ( SELECT AVG(diff) FROM student ) ;
"SELECT T1.firstname, T1.lastname, T1.ssn FROM employee AS T1 INNER JOIN position AS T2 ON T1.positionID = T2.positionID WHERE T1.performance = 'Average' ;","SELECT T1.firstname, T1.lastname, T1.ssn FROM employee AS T1 INNER JOIN position AS T2 ON T1.positionID = T2.positionID WHERE T2.positiontitle = 'Account Representative' AND T1.performance = 'Average' ;"
SELECT CAST(SUM(CASE WHEN T1.ConferenceId = 0 THEN 1 ELSE 0 END) AS REAL) * 100 / COUNT(T1.ConferenceId) FROM Paper AS T1 INNER JOIN Journal AS T2 ON T1.JournalId = T2.Id WHERE T1.JournalId BETWEEN 200 AND 300 AND T2.ShortName LIKE 'A%' ;,SELECT CAST(SUM(CASE WHEN T2.JournalId BETWEEN 200 AND 300 THEN 1 ELSE 0 END) AS REAL) * 100 / COUNT(T1.Id) FROM Paper AS T1 INNER JOIN Journal AS T2 ON T1.JournalId = T2.Id WHERE T1.ConferenceId BETWEEN 200 AND 300 ;
SELECT T1.name FROM Ingredient AS T1 INNER JOIN Quantity AS T2 ON T1.ingredient_id = T2.ingredient_id GROUP BY T2.ingredient_id ORDER BY COUNT(T2.ingredient_id) ASC LIMIT 1 ;,SELECT T2.name FROM Quantity AS T1 INNER JOIN Ingredient AS T2 ON T1.ingredient_id = T2.ingredient_id ORDER BY T1.ingredient_id DESC LIMIT 1 ;
SELECT COUNT(film_id) FROM film WHERE release_year = 2006 ;,SELECT COUNT(film_id) FROM film WHERE release_year = 2006 ;
SELECT T1.name FROM longest_absense_from_school AS T1 INNER JOIN unemployed AS T2 ON T1.name = T2.name WHERE T1.month = 6 ;,SELECT COUNT(T1.name) FROM longest_absense_from_school AS T1 INNER JOIN unemployed AS T2 ON T1.name = T2.name WHERE T2.month = 6 ;
SELECT attribute_id FROM Attributes WHERE attribute_name LIKE '%payment%' ;,SELECT DISTINCT attribute_name FROM Attributes WHERE attribute_name LIKE '%payment%' ;
SELECT T1.project_resource_type FROM resources AS T1 INNER JOIN projects AS T2 ON T1.projectid = T2.projectid WHERE T2.school_district = 'Los Angeles Unif Sch Dist' GROUP BY T2.school_district ORDER BY COUNT(T1.project_resource_type) DESC LIMIT 1 ;,SELECT T2.project_resource_type FROM projects AS T1 INNER JOIN resources AS T2 ON T1.projectid = T2.projectid WHERE T1.school_district = 'Los Angeles Unif Sch Dist' GROUP BY T2.project_resource_type ORDER BY COUNT(T1.project_resource_type) DESC LIMIT 1 ;
SELECT T1.title FROM movie AS T1 INNER JOIN movie_languages AS T2 ON T1.movie_id = T2.movie_id INNER JOIN language AS T3 ON T2.language_id = T3.language_id WHERE T3.language_name = 'Latin' AND T1.release_date BETWEEN '1990-01-01' AND '1995-12-31' ;,SELECT T3.title FROM movie AS T1 INNER JOIN movie_languages AS T2 ON T1.movie_id = T2.movie_id INNER JOIN language AS T3 ON T2.language_id = T3.language_id WHERE T1.language_name = 'Latin' AND T1.release_date BETWEEN '1990-01-01' AND '1995-12-31' ;
SELECT T2.inspection_id FROM inspection_point AS T1 INNER JOIN violation AS T2 ON T1.point_id = T2.point_id WHERE T2.fine = 500 AND T1.point_level = 'Critical' AND T2.inspector_comment = 'CDI ON 5-17-10' ;,SELECT T2.inspection_id FROM inspection_point AS T1 INNER JOIN violation AS T2 ON T1.point_id = T2.point_id WHERE T1.point_level = 'Critical' AND T1.fine = 500 ;
"SELECT DISTINCT T2.StoreID, T2.City Name, T1.State, T2.Type FROM Regions AS T1 INNER JOIN Store Locations AS T2 ON T2.StateCode = T1.StateCode WHERE T2.Type = 'Borough' OR T2.Type = 'CDP' ;","SELECT T2.StoreID, T2.city, T3.state, T3.Region FROM Regions AS T1 INNER JOIN Store Locations AS T2 ON T2.StateCode = T1.StateCode INNER JOIN Sales Team AS T3 ON T3.SalesTeamID = T3.SalesTeamID WHERE T3.Type = 'Borough' AND T1.Type = 'CDP' ;"
SELECT T3.Population FROM politics AS T1 INNER JOIN country AS T2 ON T1.Country = T2.Code INNER JOIN city AS T3 ON T3.Name = T2.Capital WHERE T1.Independence = '1947-08-15' ;,SELECT COUNT(T1.Name) FROM country AS T1 INNER JOIN politics AS T2 ON T1.Code = T2.Country INNER JOIN city AS T3 ON T3.Name = T2.Country WHERE T3.Independence = '1947' AND T3.Name = 'Capital' ;
SELECT MAX(student_staff_ratio) FROM university_year ORDER BY student_staff_ratio DESC LIMIT 1 ;,SELECT student_staff_ratio FROM university_year ORDER BY student_staff_ratio DESC LIMIT 1 ;
SELECT COUNT(T1.ID) FROM Customers AS T1 INNER JOIN Demog AS T2 ON T1.GEOID = T2.GEOID WHERE T1.SEX = 'Female' AND T1.age >= 50 AND T1.age = 60 AND T2.INHABITANTS_K >= 19 AND T2.INHABITANTS_K = 24 ;,SELECT COUNT(DISTINCT T1.GEOID) FROM Customers AS T1 INNER JOIN Demog AS T2 ON T1.GEOID = T2.GEOID WHERE T2.INHABITANTS_K BETWEEN 19 AND 24 AND T1.age BETWEEN 50 AND 60 AND T1.age BETWEEN 50 AND 60 ;
SELECT COUNT(T1.ProductID) FROM Sales AS T1 INNER JOIN Customers AS T2 ON T1.CustomerID = T2.CustomerID WHERE T2.FirstName = 'Erica' AND T1.Quantity  200 ;,SELECT COUNT(T1.CustomerID) FROM Customers AS T1 INNER JOIN Sales AS T2 ON T1.CustomerID = T2.CustomerID WHERE T2.FirstName = 'Erica' AND T1.Quantity  200 ;
SELECT COUNT(*) FROM customer AS T1 INNER JOIN shipment AS T2 ON T1.cust_id = T2.cust_id INNER JOIN driver AS T3 ON T3.driver_id = T2.driver_id WHERE T1.cust_name = 'S K L Enterprises Inc' AND T3.first_name = 'Sue' AND T3.last_name = 'Newell' ;,SELECT COUNT(*) FROM shipment AS T1 INNER JOIN customer AS T2 ON T1.cust_id = T2.cust_id INNER JOIN driver AS T3 ON T2.driver_id = T3.driver_id WHERE T3.first_name = 'Sue' AND T3.last_name = 'Newell' ;
SELECT DISTINCT T2.l_shipmode FROM orders AS T1 INNER JOIN lineitem AS T2 ON T1.o_orderkey = T2.l_orderkey WHERE T1.o_orderdate = '1994-12-31' ;,SELECT T2.l_shipmode FROM orders AS T1 INNER JOIN lineitem AS T2 ON T1.o_orderkey = T2.l_orderkey WHERE T1.o_orderdate = '1994-12-31' ;
SELECT T1.award FROM Award AS T1 INNER JOIN Episode AS T2 ON T1.episode_id = T2.episode_id WHERE T1.result = 'Winner' AND T2.air_date = '2008-11-30' ;,SELECT T2.award FROM Episode AS T1 INNER JOIN Award AS T2 ON T1.episode_id = T2.episode_id WHERE T1.air_date = '11/30/2008' AND T1.result = 'Winner' ;
SELECT T2.publisher_name FROM game_publisher AS T1 INNER JOIN publisher AS T2 ON T1.publisher_id = T2.id WHERE T1.game_id = 75 ;,SELECT T2.publisher_name FROM game_publisher AS T1 INNER JOIN publisher AS T2 ON T1.publisher_id = T2.id WHERE T1.game_id = 75 ;
SELECT COUNT(T1.name) FROM unemployed AS T1 INNER JOIN no_payment_due AS T2 ON T1.name = T2.name ;,SELECT COUNT(T1.name) FROM no_payment_due AS T1 INNER JOIN unemployed AS T2 ON T1.name = T2.name WHERE T2.bool = 'N' ;
SELECT CAST(SUM(CASE WHEN T1.d_quality = 4 AND T1.avg_revenue = 4 THEN 1 ELSE 0 END) AS REAL) / COUNT(T2.movieid) FROM directors AS T1 INNER JOIN movies2directors AS T2 ON T1.directorid = T2.directorid ;,SELECT SUM(T3.rating) FROM directors AS T1 INNER JOIN movies2directors AS T2 ON T1.directorid = T2.directorid INNER JOIN u2base AS T3 ON T2.movieid = T3.movieid WHERE T1.d_quality = 4 ;
SELECT T1.attribute_name FROM Attributes AS T1 INNER JOIN Business_Attributes AS T2 ON T1.attribute_id = T2.attribute_id WHERE T2.attribute_value LIKE 'TRUE' AND T2.business_id = 56 ;,SELECT T3.attribute_name FROM Business AS T1 INNER JOIN Business_Attributes AS T2 ON T1.business_id = T2.business_id INNER JOIN Attributes AS T3 ON T2.attribute_id = T3.attribute_id WHERE T1.attribute_value = 'true' AND T1.business_id = 56 ;
SELECT t4.productName FROM orderdetails AS t1 INNER JOIN orders AS t2 ON t1.orderNumber = t2.orderNumber INNER JOIN customers AS t3 ON t2.customerNumber = t3.customerNumber INNER JOIN products AS t4 ON t1.productCode = t4.productCode WHERE t3.customerName = 'Cruz & Sons Co.' ORDER BY t1.priceEach * t1.quantityOrdered DESC LIMIT 1 ;,SELECT T3.productName FROM customers AS T1 INNER JOIN orderdetails AS T2 ON T1.customerNumber = T2.customerNumber INNER JOIN products AS T3 ON T2.productCode = T3.productCode WHERE T1.customerName = 'Cruz & Sons Co.' ORDER BY T3.quantityOrdered DESC LIMIT 1 ;
SELECT T2.HomePage FROM Paper AS T1 INNER JOIN Conference AS T2 ON T1.ConferenceId = T2.Id WHERE T1.Title = 'Energy-efficiency bounds for noise-tolerant dynamic circuits' ;,SELECT T1.HomePage FROM Journal AS T1 INNER JOIN Paper AS T2 ON T1.Id = T2.JournalId INNER JOIN Conference AS T3 ON T2.ConferenceId = T3.Id WHERE T3.Title = 'Energy-efficiency bounds for noise-tolerant dynamic circuits' ;
SELECT email FROM customer WHERE first_name = 'Moss' AND last_name = 'Zarb' ;,SELECT contact_email FROM customer WHERE first_name = 'Moss' AND last_name = 'Zarb' ;
SELECT COUNT(DISTINCT category_id) FROM category ;,SELECT COUNT(category_id) FROM category ;
SELECT COUNT(T3.name) FROM ( SELECT T2.name FROM movies_total_gross AS T1 INNER JOIN director AS T2 ON T1.movie_title = T2.name WHERE T2.director = 'Wolfgang Reitherman' AND T1.genre = 'Comedy' GROUP BY T2.name ) T3 ;,SELECT COUNT(T1.movie_title) FROM movies_total_gross AS T1 INNER JOIN director AS T2 ON T1.movie_title = T2.name WHERE T2.director = 'Wolfgang Reitherman' AND T1.genre = 'Comedy' ;
SELECT COUNT(*) FROM ( SELECT T2.UserID FROM Question AS T1 INNER JOIN Answer AS T2 ON T1.questionid = T2.QuestionID INNER JOIN Survey AS T3 ON T2.SurveyID = T3.SurveyID WHERE T3.Description ='mental health survey for 2017' AND T1.questionid = 2 AND T2.AnswerText = 'Female' UNION SELECT T2.UserID FROM Question AS T1 INNER JOIN Answer AS T2 ON T1.questionid = T2.QuestionID INNER JOIN Survey AS T3 ON T2.SurveyID = T3.SurveyID WHERE T1.questionid = 4 AND T2.AnswerText = 'Nebraska' AND T3.Description ='mental health survey for 2017' ) ;,SELECT COUNT(T1.UserID) FROM Question AS T1 INNER JOIN Survey AS T2 ON T1.QuestionID = T2.questionid INNER JOIN Answer AS T3 ON T2.QuestionID = T3.questionid WHERE T3.questionid = 2 AND T3.Description = 'Do you have a family history of mental illness?' AND T3.AnswerText = 'Female' AND T3.AnswerText = 'Yes' AND T3.QuestionID = 2 AND T1.questionid = 'Do you have a family history of mental illness?' AND T1.AnswerText = 'Nebraska' AND T1.QuestionID = 'Female' AND T1.questionid = 2 ;
SELECT T1.SHORTNAME FROM Country AS T1 INNER JOIN FootNotes AS T2 ON T1.CountryCode = T2.Countrycode WHERE T2.Description = 'Data are classified as official aid.' AND T2.Seriescode = 'DC.DAC.AUSL.CD' AND T2.Year LIKE '%2002%' ;,SELECT T1.ShortName FROM Country AS T1 INNER JOIN FootNotes AS T2 ON T1.CountryCode = T2.Countrycode WHERE T2.Seriescode = 'DC.DAC.AUSL.CD' AND T1.Description = 'Data are classified as official aid' AND T2.Year = 'yr2002' ;
SELECT T1.directorid FROM directors AS T1 INNER JOIN movies2directors AS T2 ON T1.directorid = T2.directorid WHERE T1.d_quality >= 3 GROUP BY T1.directorid HAVING COUNT(T2.movieid) >= 2 ;,SELECT T2.directorid FROM directors AS T1 INNER JOIN movies2directors AS T2 ON T1.directorid = T2.directorid WHERE T1.d_quality = 3 AND T1.genre = 2 ;
SELECT T1.Match_Id FROM Match AS T1 INNER JOIN Venue AS T2 ON T2.Venue_Id = T1.Venue_Id WHERE T2.Venue_Name = 'Brabourne Stadium' ;,SELECT T2.Match_Id FROM Venue AS T1 INNER JOIN Match AS T2 ON T1.Venue_Id = T2.Venue_Id WHERE T1.Venue_Name = 'Brabourne Stadium' ;
"SELECT T3.f_name, T3.l_name, T3.gpa FROM prof AS T1 INNER JOIN RA AS T2 ON T1.prof_id = T2.prof_id INNER JOIN student AS T3 ON T2.student_id = T3.student_id ORDER BY T1.popularity DESC LIMIT 1 ;","SELECT T3.f_name, T3.l_name, T3.gpa FROM RA AS T1 INNER JOIN student AS T2 ON T1.student_id = T2.student_id INNER JOIN prof AS T3 ON T2.prof_id = T3.prof_id ORDER BY T3.popularity DESC LIMIT 1 ;"
SELECT DISTINCT T2.county FROM generalinfo AS T1 INNER JOIN geographic AS T2 ON T1.city = T2.city WHERE T1.label = 'a & w root beer' ;,SELECT T3.county FROM generalinfo AS T1 INNER JOIN location AS T2 ON T1.id_restaurant = T2.id_restaurant INNER JOIN geographic AS T3 ON T2.city = T3.city WHERE T1.label = 'a & w root beer' ;
"SELECT w1st, w2nd FROM biwords WHERE occurrences = ( SELECT MAX(occurrences) FROM biwords ) ;","SELECT w1st, w2nd, occurrences FROM biwords WHERE w1st = ( SELECT w1st FROM biwords GROUP BY w2nd ORDER BY occurrences DESC LIMIT 1 ) ;"
"SELECT T2.Name, T2.CreditRating FROM ProductVendor AS T1 INNER JOIN Vendor AS T2 ON T1.BusinessEntityID = T2.BusinessEntityID WHERE T1.AverageLeadTime = 60 ORDER BY T1.LastReceiptCost - T1.StandardPrice DESC LIMIT 1 ;","SELECT T2.Name, T2.CreditRating FROM ProductVendor AS T1 INNER JOIN Vendor AS T2 ON T1.BusinessEntityID = T2.BusinessEntityID WHERE T1.AverageLeadTime = 60 ORDER BY T1.StandardPrice DESC LIMIT 1 ;"
SELECT title FROM pages WHERE words  10 ;,SELECT title FROM pages WHERE words  10 ;
SELECT CountryName FROM Indicators WHERE Year = 1960 AND IndicatorName = 'CO2 emissions (metric tons per capita)' ORDER BY Value DESC LIMIT 1 ;,SELECT countryname FROM country WHERE year = 1960 ORDER BY CO2 emissions DESC LIMIT 1 ;
SELECT COUNT(event_id) FROM events WHERE latitude = 40 AND longitude = 97 ;,SELECT COUNT(event_id) FROM events WHERE longitude = 97 AND latitude = 40 ;
SELECT movie_url FROM movies WHERE movie_title = 'La Antena' ;,SELECT movie_url FROM movies WHERE movie_title = 'La Antena' ;
SELECT T2.max_humidity FROM trip AS T1 INNER JOIN weather AS T2 ON T2.zip_code = T1.zip_code WHERE T1.start_date LIKE '8/29/2013%' AND T1.bike_id = 496 AND T1.start_station_name = 'Powell Street BART' ;,SELECT T2.max_humidity FROM trip AS T1 INNER JOIN weather AS T2 ON T1.zip_code = T2.zip_code WHERE T1.start_station_name = 'Powell Street BART' AND T1.bike_id = 496 AND T1.start_date = '8/29/2013' ;
"SELECT T2.firstName, T2.lastName FROM Goalies AS T1 INNER JOIN Master AS T2 ON T1.playerID = T2.playerID INNER JOIN Teams AS T3 ON T1.tmID = T3.tmID AND T1.year = T3.year WHERE T3.name = 'Quebec Bulldogs' AND T2.pos = 'D' GROUP BY T1.playerID, T2.firstName, T2.lastName ORDER BY SUM(T1.Min) DESC LIMIT 1 ;",SELECT T3.name FROM Goalies AS T1 INNER JOIN Teams AS T2 ON T1.tmID = T2.tmID INNER JOIN Master AS T3 ON T2.playerID = T3.playerID WHERE T1.pos = 'G' AND T1.firstName = 'Québec Bulldogs' GROUP BY T3.name ORDER BY COUNT(T3.name) DESC LIMIT 1 ;
SELECT COUNT(T1.id) FROM person AS T1 INNER JOIN games_competitor AS T2 ON T1.id = T2.person_id INNER JOIN competitor_event AS T3 ON T2.id = T3.competitor_id INNER JOIN medal AS T4 ON T3.medal_id = T4.id WHERE T1.full_name = 'Henk Jan Zwolle' AND T4.medal_name = 'Gold' ;,SELECT COUNT(DISTINCT T3.id) FROM person AS T1 INNER JOIN games_competitor AS T2 ON T1.id = T2.person_id INNER JOIN competitor_event AS T3 ON T2.competitor_id = T3.id INNER JOIN medal AS T4 ON T3.medal_id = T4.id WHERE T4.full_name = 'Henk Jan Zwolle' ;
SELECT T1.birthYear FROM Master AS T1 INNER JOIN Goalies AS T2 ON T1.playerID = T2.playerID WHERE T2.year = 2008 ORDER BY T2.PostSA DESC LIMIT 1 ;,SELECT T2.birthYear FROM Goalies AS T1 INNER JOIN Master AS T2 ON T1.playerID = T2.playerID WHERE T1.year = 2008 ORDER BY T1.PostSA DESC LIMIT 1 ;
SELECT COUNT(*) FROM book AS T1 INNER JOIN publisher AS T2 ON T1.publisher_id = T2.publisher_id WHERE T2.publisher_name = 'HarperCollins Publishers' AND T1.num_pages  300 ;,SELECT COUNT(*) FROM book AS T1 INNER JOIN publisher AS T2 ON T1.publisher_id = T2.publisher_id WHERE T2.publisher_name = 'HarperCollins Publishers' AND T1.num_pages  300 ;
SELECT COUNT(T1.Name) FROM country AS T1 INNER JOIN economy AS T2 ON T1.Code = T2.Country WHERE T2.GDP > 500000 AND T1.Population > 10000000 ;,SELECT COUNT(T1.Name) FROM country AS T1 INNER JOIN economy AS T2 ON T1.Code = T2.Country WHERE T2.Population > 10000000 AND T1.GDP > 500000 ;
SELECT T1.Customer Names FROM Customers AS T1 INNER JOIN Sales Orders AS T2 ON T2._CustomerID = T1.CustomerID WHERE T2.OrderDate LIKE '%/%/18' OR T2.OrderDate LIKE '%/%/19' OR T2.OrderDate LIKE '%/%/20' ORDER BY T2.Order Quantity DESC LIMIT 1 ;,SELECT T2.Customer Names FROM Sales Orders AS T1 INNER JOIN Customers AS T2 ON T1._CustomerID = T2._CustomerID WHERE T1.OrderDate BETWEEN '1/1/2018' AND '31/12/2020' ORDER BY T1.Order Quantity DESC LIMIT 1 ;
SELECT COUNT(T2.SolutionId) FROM Solution AS T1 INNER JOIN Method AS T2 ON T1.Id = T2.SolutionId WHERE T1.RepoId = 3 AND T2.CommentIsXml = 1 ;,SELECT COUNT(T1.Id) FROM Solution AS T1 INNER JOIN Method AS T2 ON T1.Id = T2.SolutionId WHERE T2.CommentIsXml = 1 AND T1.RepoId = 3 ;
SELECT COUNT(T1.c_custkey) FROM customer AS T1 INNER JOIN nation AS T2 ON T1.c_nationkey = T2.n_nationkey WHERE T2.n_name = 'GERMANY' AND T1.c_acctbal > 1000 ;,SELECT COUNT(T1.c_custkey) FROM customer AS T1 INNER JOIN nation AS T2 ON T1.c_nationkey = T2.n_nationkey WHERE T2.c_acctbal > 1000 AND T1.n_name = 'GERMANY' ;
SELECT DISTINCT T2.OBJ_CLASS FROM IMG_OBJ AS T1 INNER JOIN OBJ_CLASSES AS T2 ON T1.OBJ_CLASS_ID = T2.OBJ_CLASS_ID WHERE T1.IMG_ID = 10 ;,SELECT T2.OBJ_CLASS FROM IMG_OBJ AS T1 INNER JOIN OBJ_CLASSES AS T2 ON T1.OBJ_CLASS_ID = T2.OBJ_CLASS_ID WHERE T1.IMG_ID = 10 ;
SELECT COUNT(Match_Id) FROM Match WHERE Season_Id = 7 ;,SELECT COUNT(Match_Id) FROM Match WHERE Season_Id = 7 ;
SELECT SUM(CASE WHEN Match_Date LIKE '2010-03%' THEN 1 ELSE 0 END) FROM Match ;,SELECT COUNT(Match_Id) FROM Match WHERE Match_Date LIKE '2010-03%' ;
"SELECT title FROM movie WHERE CAST(STRFTIME('%Y', release_date) AS INT)  2000 LIMIT 5 ;",SELECT title FROM movie WHERE release_date LIKE '2000-01-01' ;
"SELECT T2.stars FROM Episode AS T1 INNER JOIN Vote AS T2 ON T2.episode_id = T1.episode_id WHERE SUBSTR(T1.air_date, 1, 7) = '2008-11' ;",SELECT T2.stars FROM Episode AS T1 INNER JOIN Vote AS T2 ON T1.episode_id = T2.episode_id WHERE T1.air_date LIKE '2008-11%' ;
SELECT T2.party FROM current AS T1 INNER JOIN current-terms AS T2 ON T1.bioguide_id = T2.bioguide WHERE T1.religion_bio = 'Baptist' GROUP BY T2.party ORDER BY COUNT(T2.party) DESC LIMIT 1 ;,SELECT T3.party FROM current AS T1 INNER JOIN current-terms AS T2 ON T1.bioguide_id = T2.bioguide INNER JOIN historical AS T3 ON T2.bioguide_id = T3.bioguide WHERE T1.religion_bio = 'Baptist' GROUP BY T3.party ORDER BY COUNT(T3.party) DESC LIMIT 1 ;
"SELECT CAST(SUM(CASE WHEN Government ='republic' THEN 1 ELSE 0 END) AS REAL) * 100 / COUNT(Country) FROM politics WHERE STRFTIME('%Y', Independence) > '1970' ;",SELECT CAST(COUNT(CASE WHEN Government ='republic' THEN 1 ELSE NULL END) AS REAL) * 100 / COUNT(Country) FROM politics WHERE Independence = '1970' ;
SELECT T2.Country FROM twitter AS T1 INNER JOIN location AS T2 ON T1.LocationID = T2.LocationID WHERE T1.TweetID = 'tw-682723090279841798' ;,SELECT T2.Country FROM twitter AS T1 INNER JOIN location AS T2 ON T1.LocationID = T2.LocationID WHERE T1.TweetID = 'tw-682723090279841798' ;
SELECT T2.device_id FROM phone_brand_device_model2 AS T1 INNER JOIN gender_age AS T2 ON T2.device_id = T1.device_id WHERE T1.device_model = 'Butterfly' AND T2.gender = 'F' AND T1.phone_brand = 'HTC' LIMIT 5 ;,SELECT T1.device_id FROM gender_age AS T1 INNER JOIN phone_brand_device_model2 AS T2 ON T1.device_id = T2.device_id WHERE T2.phone_brand = 'HTC' AND T2.device_model = 'Butterfly' AND T1.gender = 'F' ;
SELECT T1.street_name FROM location AS T1 INNER JOIN generalinfo AS T2 ON T1.id_restaurant = T2.id_restaurant INNER JOIN geographic AS T3 ON T2.city = T3.city WHERE T2.label = 'good heavens' AND T3.county = 'tuolumne county' ;,SELECT T2.street_name FROM generalinfo AS T1 INNER JOIN location AS T2 ON T1.id_restaurant = T2.id_restaurant INNER JOIN geographic AS T3 ON T2.city = T3.city WHERE T3.county = 'tuolumne county' AND T3.label = 'good heavens' ;
"SELECT SUM(units) FROM sales_in_weather WHERE SUBSTR(date, 6, 2) = '01' AND SUBSTR(date, 1, 4) = '2012' AND item_nbr = 9 AND store_nbr = 1 ;","SELECT units FROM sales_in_weather WHERE SUBSTR(date, 1, 4) = '2012' AND SUBSTR(date, 6, 2) = '01' AND item_nbr = 9 ;"
SELECT T1.voice-actor FROM voice-actors AS T1 INNER JOIN characters AS T2 ON T1.movie = T2.movie_title WHERE T1.character LIKE '%' OR T2.villian OR '%' AND T2.movie_title = 'Alice in Wonderland' ;,SELECT T2.voice-actor FROM characters AS T1 INNER JOIN voice-actors AS T2 ON T1.movie = T2.movie WHERE T1.movie = 'Alice in Wonderland' AND T1.character LIKE '%' AND T1.villian = '%' ;
"SELECT T1.FirstName, T1.LastName FROM Employees AS T1 INNER JOIN Sales AS T2 ON T1.EmployeeID = T2.SalesPersonID ORDER BY T2.Quantity DESC LIMIT 1 ;","SELECT T2.FirstName, T1.LastName FROM Sales AS T1 INNER JOIN Employees AS T2 ON T1.EmployeeID = T2.EmployeeID ORDER BY T1.Quantity DESC LIMIT 1 ;"
SELECT CAST(SUM(T1.revenue) AS REAL) / COUNT(T1.movie_id) FROM movie AS T1 INNER JOIN movie_crew AS T2 ON T1.movie_id = T2.movie_id INNER JOIN person AS T3 ON T2.person_id = T3.person_id WHERE T3.person_name = 'Dariusz Wolski' AND T2.job = 'Director of Photography' ;,SELECT CAST(SUM(T3.revenue) AS REAL) / COUNT(T3.movie_id) FROM movie AS T1 INNER JOIN movie_crew AS T2 ON T1.movie_id = T2.movie_id INNER JOIN person AS T3 ON T2.person_id = T3.person_id WHERE T1.person_name = 'Dariusz Wolski' AND T3.job = 'Director of Photography' ;
SELECT COUNT(T1.device_id) FROM gender_age AS T1 INNER JOIN phone_brand_device_model2 AS T2 ON T1.device_id = T2.device_id WHERE T1.gender = 'F' AND T2.device_model = 'MI 3' ;,SELECT COUNT(T1.device_id) FROM gender_age AS T1 INNER JOIN phone_brand_device_model2 AS T2 ON T1.device_id = T2.device_id WHERE T2.device_model = 'MI 3' AND T1.gender = 'F' ;
"SELECT DISTINCT name FROM teams WHERE tmID IN ( SELECT tmID FROM players_teams AS T1 INNER JOIN players AS T2 ON T1.playerID = T2.playerID WHERE T2.birthState IS NOT NULL GROUP BY T1.tmID, T2.birthState HAVING COUNT(*) > 5 ) ;",SELECT T1.name FROM players AS T1 INNER JOIN players_teams AS T2 ON T1.playerID = T2.playerID INNER JOIN teams AS T3 ON T2.tmID = T3.tmID WHERE T3.birthState = 'birthState' ;
"SELECT DISTINCT T1.Title, T2.ShortName FROM Paper AS T1 INNER JOIN Conference AS T2 ON T1.ConferenceId = T2.Id WHERE T1.ConferenceId BETWEEN 160 AND 170 ;",SELECT T2.Title FROM Paper AS T1 INNER JOIN Conference AS T2 ON T1.ConferenceId = T2.Id WHERE T1.Id BETWEEN 160 AND 170 ;
SELECT T1.JobTitle FROM Employee AS T1 INNER JOIN EmployeePayHistory AS T2 ON T1.BusinessEntityID = T2.BusinessEntityID ORDER BY T2.Rate ASC LIMIT 1 ;,SELECT T2.JobTitle FROM Employee AS T1 INNER JOIN EmployeePayHistory AS T2 ON T1.BusinessEntityID = T2.BusinessEntityID ORDER BY T1.Rate DESC LIMIT 1 ;
SELECT T3.category_name FROM Business AS T1 INNER JOIN Business_Categories ON T1.business_id = Business_Categories.business_id INNER JOIN Categories AS T3 ON Business_Categories.category_id = T3.category_id WHERE T1.active LIKE 'TRUE' AND T1.state LIKE 'AZ' AND T1.city LIKE 'Surprise' GROUP BY T3.category_name ;,SELECT T3.category_name FROM Business AS T1 INNER JOIN Business_Categories AS T2 ON T1.business_id = T2.business_id INNER JOIN Categories AS T3 ON T2.category_id = T3.category_id WHERE T1.city = 'Surprise' AND T1.state = 'AZ' AND T1.active = 'true' ;
"SELECT AVG(CAST(SUBSTR(ser_time, 4, 2) AS REAL)) FROM callcenterlogs WHERE Date received BETWEEN '2017-01-01' AND '2017-04-01' ;",SELECT AVG(ser_time) FROM callcenterlogs WHERE server = 'DARMON' AND Date received BETWEEN '2017-01-01' AND '2017-04-01' ;
SELECT COUNT(T3.id) FROM games_city AS T1 INNER JOIN city AS T2 ON T1.city_id = T2.id INNER JOIN games AS T3 ON T1.games_id = T3.id WHERE T2.city_name = 'Stockholm' AND T3.season = 'Summer' ;,SELECT COUNT(DISTINCT T3.games_id) FROM games AS T1 INNER JOIN games_city AS T2 ON T1.games_id = T2.id INNER JOIN city AS T3 ON T2.city_id = T3.id WHERE T3.city_name = 'Stockholm' AND T3.season = 'Summer' ;
SELECT T2.movie_title FROM ratings AS T1 INNER JOIN movies AS T2 ON T1.movie_id = T2.movie_id INNER JOIN lists AS T3 ON T3.user_id = T1.user_id WHERE T3.list_title = '250 Favourite Films' ;,SELECT T3.movie_title FROM lists AS T1 INNER JOIN ratings AS T2 ON T1.user_id = T2.user_id INNER JOIN movies AS T3 ON T2.movie_id = T3.movie_id WHERE T1.list_title = '250 Favourite Films' ;
SELECT SUM(T2.UnitPrice * T2.Quantity * (1 - T2.Discount)) AS sum FROM Products AS T1 INNER JOIN Order Details AS T2 ON T1.ProductID = T2.ProductID WHERE T1.ProductName = 'Vegie-spread' ;,SELECT SUM(UnitPrice * Quantity * (1-Discount)) FROM Products AS T1 INNER JOIN Order Details AS T2 ON T1.ProductID = T2.ProductID WHERE T2.ProductName = 'Vegie-spread' ;
SELECT COUNT(name) FROM enlist WHERE organ = 'air_force' ;,SELECT COUNT(name) FROM enlist WHERE organ = 'air_force' ;
SELECT T1.menu_page_id FROM MenuItem AS T1 INNER JOIN Dish AS T2 ON T2.id = T1.dish_id WHERE T2.name = 'Milk' ORDER BY T1.price DESC LIMIT 1 ;,SELECT T2.menu_page_id FROM Dish AS T1 INNER JOIN MenuItem AS T2 ON T1.id = T2.dish_id WHERE T1.name = 'Milch' ORDER BY T1.price DESC LIMIT 1 ;
"SELECT CAST(((SUM(IIF(month = 0, 1, 0)) - SUM(IIF(month = 9, 1, 0)))) AS REAL) * 100 / SUM(IIF(month = 0, 1, 0)) FROM longest_absense_from_school ;",SELECT CAST(SUM(CASE WHEN month = 0 THEN 1 ELSE 0 END) AS REAL) * 100 / COUNT(name) FROM longest_absense_from_school ;
SELECT T1.category FROM categories AS T1 INNER JOIN reviews AS T2 ON T2.podcast_id = T1.podcast_id GROUP BY T1.category ORDER BY COUNT(T2.podcast_id) DESC LIMIT 1 ;,SELECT T2.category FROM reviews AS T1 INNER JOIN categories AS T2 ON T1.podcast_id = T2.podcast_id GROUP BY T1.category ORDER BY COUNT(T1.podcast_id) DESC LIMIT 1 ;
"SELECT 100.0 * (SUM(CASE WHEN strftime('%Y', T2.Date received) = '2017' THEN 1 ELSE 0 END) - SUM(CASE WHEN strftime('%Y', T2.Date received) = '2016' THEN 1 ELSE 0 END)) / SUM(CASE WHEN strftime('%Y', T2.Date received) = '2016' THEN 1 ELSE 0 END) FROM client AS T1 INNER JOIN events AS T2 ON T1.client_id = T2.Client_ID WHERE T1.city = 'New York City' ;","SELECT CAST(SUM(CASE WHEN T3.city = 'New York City' THEN 1 ELSE 0 END) AS REAL) * 100 / SUM(CASE WHEN T3.city = 'New York City' THEN 1 ELSE 0 END) FROM client AS T1 INNER JOIN events AS T2 ON T1.client_id = T2.rand client INNER JOIN callcenterlogs AS T3 ON T2.Complaint ID = T3.Date received WHERE T3.city = 'New York City' AND T3.year('%Y', T3.Date received) = '2017' ;"
SELECT T1.Team_Name FROM Team AS T1 INNER JOIN Match AS T2 ON T1.Team_Id = T2.Team_1 WHERE T2.win_margin = 38 AND match_date = '2009-04-30' ;,SELECT T2.Team_Name FROM Match AS T1 INNER JOIN Team AS T2 ON T1.Team_Id = T2.Match_Winner WHERE T1.Win_Margin = 38 AND T1.match_date = '2009-04-30' ;
SELECT SUM(T1.priceEach - T2.buyPrice) / COUNT(*) FROM orderdetails AS T1 INNER JOIN products AS T2 ON T1.productCode = T2.productCode WHERE T2.productName = '1937 Lincoln Berline' ;,SELECT AVG(T1.priceEach - T1.buyPrice) FROM orderdetails AS T1 INNER JOIN products AS T2 ON T1.productCode = T2.productCode WHERE T2.productName = '1937 Lincoln Berline' ;
"SELECT T1.CBSA_name, T1.CBSA_type FROM CBSA AS T1 INNER JOIN zip_data AS T2 ON T1.CBSA = T2.CBSA WHERE T2.city = 'York' AND T2.state = 'ME' ;","SELECT T3.CBSA_name, T3.type FROM country AS T1 INNER JOIN zip_data AS T2 ON T1.zip_code = T2.zip_code INNER JOIN CBSA AS T3 ON T2.CBSA = T3.CBSA WHERE T1.city = 'York' AND T1.state = 'ME' ;"
SELECT T1.title FROM movie AS T1 INNER JOIN production_COUNTry AS T2 ON T1.movie_id = T2.movie_id INNER JOIN COUNTry AS T3 ON T2.COUNTry_id = T3.COUNTry_id WHERE T3.COUNTry_name = 'Canada' ;,SELECT T3.title FROM production_country AS T1 INNER JOIN movie AS T2 ON T1.movie_id = T2.movie_id INNER JOIN country AS T3 ON T2.country_id = T3.country_id WHERE T1.country_name = 'Canada' ;
"SELECT T1.FirstName, T1.LastName FROM Person AS T1 INNER JOIN Employee AS T2 ON T1.BusinessEntityID = T2.BusinessEntityID WHERE STRFTIME('%Y', T2.HireDate) >= '2007' AND T2.SalariedFlag = 1 ;","SELECT T2.FirstName, T1.LastName FROM Employee AS T1 INNER JOIN Person AS T2 ON T1.BusinessEntityID = T2.BusinessEntityID WHERE T1.HireDate >= 2007 AND T1.SalariedFlag = 1 ;"
SELECT T2.Name FROM WorkOrderRouting AS T1 INNER JOIN Location AS T2 ON T1.LocationID = T2.LocationID WHERE T1.WorkOrderID = 35493 ;,SELECT T2.Name FROM WorkOrderRouting AS T1 INNER JOIN Location AS T2 ON T1.LocationID = T2.LocationID WHERE T1.WorkOrderID = 35493 ;
"SELECT T3.title, T2.name FROM film_category AS T1 INNER JOIN category AS T2 ON T1.category_id = T2.category_id INNER JOIN film AS T3 ON T1.film_id = T3.film_id INNER JOIN inventory AS T4 ON T3.film_id = T4.film_id INNER JOIN customer AS T5 ON T4.store_id = T5.store_id INNER JOIN rental AS T6 ON T4.inventory_id = T6.inventory_id WHERE T5.first_name = 'Natalie' AND T5.last_name = 'Meyer' AND STRFTIME('%Y',T3.rental_rate) = '2006' AND STRFTIME('%m',T3.rental_rate) = '2' ;",SELECT T3.title FROM customer AS T1 INNER JOIN rental AS T2 ON T1.customer_id = T2.customer_id INNER JOIN film_category AS T3 ON T2.film_id = T3.film_id INNER JOIN inventory AS T4 ON T3.inventory_id = T4.inventory_id INNER JOIN category AS T4 ON T4.category_id = T4.category_id INNER JOIN customer AS T5 ON T4.customer_id = T5.customer_id INNER JOIN film AS T5 ON T3.film_id = T5.film_id INNER JOIN film_category AS T5 ON T3.film_id = T4.film_id INNER JOIN inventory AS T5 ON T4.inventory_id = T4.inventory_id INNER JOIN category AS T5 ON T4.category_id = T4.category_id INNER JOIN rental AS T5
SELECT T FROM ( SELECT DISTINCT CASE WHEN chronname = 'Swarthmore College' THEN site ELSE NULL END AS T FROM institution_details ) WHERE T IS NOT NULL ;,SELECT site FROM institution_details WHERE chronname = 'Swarthmore College' ;
"SELECT T1.NAME, MAX(T2.DATE) FROM coins AS T1 INNER JOIN historical AS T2 ON T1.ID = T2.coin_id WHERE T1.status = 'inactive' ORDER BY T2.DATE DESC LIMIT 1 ;","SELECT T2.name, T2.date FROM coins AS T1 INNER JOIN historical AS T2 ON T1.id = T2.coin_id WHERE T1.status = 'inactive' ;"
"SELECT T1.official_full_name FROM current AS T1 INNER JOIN current-terms AS T2 ON T1.bioguide_id = T2.bioguide GROUP BY T1.official_full_name, T2.bioguide ORDER BY COUNT(T2.bioguide) DESC LIMIT 1 ;",SELECT T1.official_full_name FROM current AS T1 INNER JOIN current-terms AS T2 ON T1.bioguide = T2.bioguide WHERE T2.bioguide = ( SELECT MAX(T1.bioguide) FROM current ) ;
"SELECT T1.firstName, T1.lastName, T1.email FROM employees AS T1 INNER JOIN offices AS T2 ON T1.officeCode = T2.officeCode WHERE T2.city = 'Tokyo' AND T1.jobTitle = 'Sales Rep' ;",SELECT COUNT(T1.email) FROM employees AS T1 INNER JOIN offices AS T2 ON T1.officeCode = T2.officeCode WHERE T2.jobTitle = 'Sales Rep' AND T1.city = 'Tokyo' ;
"SELECT Discount Applied FROM Sales Orders WHERE REPLACE(Unit Price, ',', '') = ( SELECT REPLACE(Unit Price, ',', '') FROM Sales Orders ORDER BY REPLACE(Unit Price, ',', '') DESC LIMIT 1 ) ORDER BY REPLACE(Unit Price, ',', '') DESC LIMIT 1 ;",SELECT Discount Applied FROM Sales Orders ORDER BY Unit Price DESC LIMIT 1 ;
"SELECT T1.contract FROM authors AS T1 INNER JOIN titleauthor AS T2 ON T1.au_id = T2.au_id INNER JOIN titles AS T3 ON T2.title_id = T3.title_id WHERE T3.title = 'Sushi, Anyone?' ;","SELECT T3.title FROM titles AS T1 INNER JOIN titleauthor AS T2 ON T1.title_id = T2.title_id INNER JOIN authors AS T3 ON T2.au_id = T3.au_id WHERE T1.title = 'Sushi, Anyone?' AND T1.contract = 0 ;"
SELECT MAX(T3.Win_Margin) FROM Player AS T1 INNER JOIN Player_Match AS T2 ON T1.Player_Id = T2.Player_Id INNER JOIN Match AS T3 ON T2.Match_Id = T3.Match_Id WHERE T1.Player_Name = 'SC Ganguly' ;,SELECT T3.Win_Margin FROM Player AS T1 INNER JOIN Player_Match AS T2 ON T1.Player_Id = T2.Player_Id INNER JOIN Match AS T3 ON T2.Match_Id = T3.Match_Id WHERE T1.Player_Name = 'SC Ganguly' ;
SELECT DISTINCT county FROM geographic WHERE region!= 'bay area' ;,SELECT county FROM geographic WHERE region!= 'bay area' ;
SELECT name FROM director WHERE director = 'Jack Kinney' ;,SELECT name FROM director WHERE director = 'Jack Kinney' ;
SELECT T2.Affiliation FROM Paper AS T1 INNER JOIN PaperAuthor AS T2 ON T1.Id = T2.PaperId WHERE T1.Keyword = 'Quantum Physics' ;,SELECT T2.Affiliation FROM Paper AS T1 INNER JOIN PaperAuthor AS T2 ON T1.Id = T2.PaperId WHERE T1.Keyword = 'Quantum Physics' ;
"SELECT LastName FROM Employees WHERE ReportsTo = ( SELECT EmployeeID FROM Employees WHERE Title = 'Vice President, Sales' ) ;","SELECT LastName FROM Employees WHERE Title = 'Vice President, Sales' ;"
SELECT T3.Player_Name FROM Season AS T1 INNER JOIN Match AS T2 ON T1.Man_of_the_Series = T2.Man_of_the_Match INNER JOIN Player AS T3 ON T2.Man_of_the_Match = T3.Player_Id GROUP BY T3.Player_Name ORDER BY COUNT(T1.Man_of_the_Series) DESC LIMIT 1 ;,SELECT T3.Player_Name FROM Season AS T1 INNER JOIN Match AS T2 ON T1.Season_Id = T2.Season_Id INNER JOIN Player AS T3 ON T2.Player_Id = T3.Man_of_the_Match WHERE T1.Man_of_the_Series = ( SELECT Man_of_the_Match FROM Season GROUP BY Man_of_the_Match ORDER BY COUNT(T3.Man_of_the_Match) DESC LIMIT 1 ) ;
"SELECT COUNT(credited) FROM Credit WHERE episode_id IN ( 'S20-E5', 'S20-E6', 'S20-E7', 'S20-E8', 'S20-E9', 'S20-E10' ) AND credited = 'true' AND role = 'casting' ;","SELECT COUNT(DISTINCT T2.episode_id) FROM Episode AS T1 INNER JOIN Credit AS T2 ON T1.episode_id = T2.episode_id WHERE T1.role = 'casting' AND T1.episode_id IN ('S20-E5', 'S20-E6', 'S20-E7', 'S20-E9') ;"
SELECT T2.HomePage FROM Paper AS T1 INNER JOIN Journal AS T2 ON T1.JournalId = T2.Id WHERE T1.Title = '364: Induction of Mixed Chimerism and Transplantation Tolerance in a Non-Human Primate Lung Allograft Model: Early Results' ;,SELECT T2.HomePage FROM Paper AS T1 INNER JOIN Journal AS T2 ON T1.JournalId = T2.Id WHERE T1.Title = '364: Induction of Mixed Chimerism and Transplantation Tolerance in a Non-Human Primate Lung Allograft Model: Early Results' ;
"SELECT T1.voice-actor, T2.villian FROM voice-actors AS T1 INNER JOIN characters AS T2 ON T1.movie = T2.movie_title WHERE T2.movie_title = 'Cinderella' ;",SELECT T2.voice-actor FROM characters AS T1 INNER JOIN voice-actors AS T2 ON T1.movie = T2.movie_title WHERE T1.movie = 'Cinderella' ;
"SELECT T1.official_full_name, T1.nickname_name FROM current AS T1 INNER JOIN social-media AS T2 ON T2.bioguide = T1.bioguide_id WHERE T2.instagram IS NOT NULL AND T1.thomas_id  1000 ;","SELECT T2.official_full_name, T2.nickname FROM social-media AS T1 INNER JOIN current AS T2 ON T1.bioguide = T2.bioguide WHERE T1.thomas_id  1000 AND T1.instagram IS NOT NULL ;"
"SELECT T2.X, T2.Y, T2.W, T2.H FROM OBJ_CLASSES AS T1 INNER JOIN IMG_OBJ AS T2 ON T1.OBJ_CLASS_ID = T2.OBJ_CLASS_ID WHERE T2.IMG_ID = 2324765 AND T1.OBJ_CLASS = 'kite' ;","SELECT T2.X, T2.Y, T1.W, T1.H FROM IMG_OBJ AS T1 INNER JOIN OBJ_CLASSES AS T2 ON T1.OBJ_CLASS_ID = T2.OBJ_CLASS_ID WHERE T1.IMG_ID = 2324765 AND T1.OBJ_CLASS = 'kite' ;"
"SELECT T1.Player_Name FROM Player AS T1 INNER JOIN Season AS T2 ON T1.Player_Id = T2.Purple_Cap ORDER BY T2.Season_Year - SUBSTR(T1.DOB, 1, 4) LIMIT 1 ;",SELECT T2.Player_Name FROM Season AS T1 INNER JOIN Player AS T2 ON T1.Player_Id = T2.Player_Id WHERE T1.Season_Year = ( SELECT DESC LIMIT 1 ) ;
"SELECT T2.lat, T2.long FROM trip AS T1 INNER JOIN station AS T2 ON T2.name = T1.start_station_name WHERE T1.duration = ( SELECT MAX(T1.duration) FROM trip AS T1 INNER JOIN station AS T2 ON T2.name = T1.start_station_name ) ;","SELECT T2.lat, T2.long FROM trip AS T1 INNER JOIN station AS T2 ON T1.name = T2.start_station_name ORDER BY T1.duration DESC LIMIT 1 ;"
SELECT T1.title FROM Episode AS T1 INNER JOIN Keyword AS T2 ON T1.episode_id = T2.episode_id WHERE T2.keyword = '1930s to 2020s' LIMIT 2 ;,SELECT T2.title FROM Keyword AS T1 INNER JOIN Episode AS T2 ON T1.episode_id = T2.episode_id WHERE T1.keyword = '1930s to 2020s' ;
"SELECT Name FROM desert ORDER BY Area DESC LIMIT 1, 1 ;",SELECT Name FROM desert WHERE Area = ( SELECT MAX(Area) FROM desert ) ;
SELECT COUNT(EmployeeID) FROM Employees ;,SELECT COUNT(T1.SalesID) FROM Employees AS T1 INNER JOIN Sales AS T2 ON T1.EmployeeID = T2.SalesPersonID WHERE T2.CustomerID = 'SalesPersonID' ;
SELECT T1.Sales / (1 - T1.Discount) FROM central_superstore AS T1 INNER JOIN product AS T2 ON T1.Product ID = T2.Product ID WHERE T2.Product Name = 'Blackstonian Pencils' ;,"SELECT SUM(T3.Sales) / (1 - T3.Discount) FROM central_superstore AS T1 INNER JOIN product AS T2 ON T1.Product ID = T2.Product ID INNER JOIN central_superstore AS T3 ON T2.Product ID = T3.Product ID WHERE T1.Product Name = 'Avery Flip-Chart Easel Binder, Black' ;"
SELECT T1.business_id FROM Business_Hours AS T1 INNER JOIN Days AS T2 ON T1.day_id = T2.day_id WHERE T1.day_id = 1 ;,SELECT T1.business_id FROM Business_Hours AS T1 INNER JOIN Days AS T2 ON T1.day_id = T2.day_id WHERE T2.day_id = 1 ;
SELECT AVG(T1.rating) FROM u2base AS T1 INNER JOIN movies AS T2 ON T1.movieid = T2.movieid WHERE T2.country = 'france' AND T2.year = 4 ;,SELECT AVG(T2.rating) FROM u2base AS T1 INNER JOIN movies AS T2 ON T1.movieid = T2.movieid WHERE T1.country = 'France' AND T1.year = 4 ;
SELECT COUNT(T1.Id) FROM Paper AS T1 INNER JOIN Conference AS T2 ON T1.ConferenceId = T2.Id WHERE T2.ShortName = 'ECSQARU' AND T1.Year = '2003' ;,SELECT COUNT(T2.Id) FROM Conference AS T1 INNER JOIN Paper AS T2 ON T1.ConferenceId = T2.Id WHERE T1.Year = 2003 AND T2.ShortName = 'ECSQARU' ;
SELECT COUNT(T1.IMG_ID) FROM IMG_OBJ AS T1 INNER JOIN OBJ_CLASSES AS T2 ON T1.OBJ_CLASS_ID = T2.OBJ_CLASS_ID WHERE T2.OBJ_CLASS = 'keyboard' ;,SELECT COUNT(T1.IMG_ID) FROM IMG_OBJ AS T1 INNER JOIN OBJ_CLASSES AS T2 ON T1.OBJ_CLASS_ID = T2.OBJ_CLASS_ID WHERE T2.OBJ_CLASS = 'keyboard' ;
SELECT district FROM historical-terms WHERE party = 'Anti-Administration' GROUP BY district ;,SELECT DISTINCT district FROM historical-terms WHERE party = 'Anti-Administration' ;
"SELECT CAST(SUM(IIF(T3.FirstName = 'Albert' AND T3.MiddleInitial = 'I' AND T3.LastName = 'Ringer', 1, 0)) AS REAL) * 100 / COUNT(T2.CustomerID) FROM Products AS T1 INNER JOIN Sales AS T2 ON T1.ProductID = T2.ProductID INNER JOIN Employees AS T3 ON T2.SalesPersonID = T3.EmployeeID WHERE T1.Name = 'ML Bottom Bracket' ;",SELECT CAST(SUM(CASE WHEN T3.Name = 'ML Bottom Bracket' THEN 1 ELSE 0 END) AS REAL) * 100 / COUNT(T1.CustomerID) FROM Employees AS T1 INNER JOIN Sales AS T2 ON T1.EmployeeID = T2.SalesPersonID INNER JOIN Products AS T3 ON T2.ProductID = T3.ProductID WHERE T1.FirstName = 'Albert' AND T3.MiddleInitial = 'Ringer' ;
SELECT COUNT(*) FROM advisedBy WHERE p_id_dummy = 415 ;,SELECT COUNT(T1.student) FROM advisedBy AS T1 INNER JOIN person AS T2 ON T1.p_id = T2.p_id WHERE T2.p_id_dummy = 415 ;
SELECT DISTINCT T1.firstName FROM players AS T1 INNER JOIN players_teams AS T2 ON T1.playerID = T2.playerID WHERE (T1.pos = 'F' OR T1.pos = 'F-C') AND T2.lgID = 'NBA' ;,SELECT T2.firstName FROM players AS T1 INNER JOIN players_teams AS T2 ON T1.playerID = T2.playerID WHERE T1.pos = 'F-C' AND T1.lgID = 'NBA' ;
SELECT CAST(COUNT(CASE WHEN T1.Toss_Name = 'bat' THEN T3.Runs_Scored ELSE NULL END) AS REAL) / SUM(CASE WHEN T1.Toss_Name = 'field' THEN 1 ELSE 0 END) FROM Toss_Decision AS T1 INNER JOIN Match AS T2 ON T1.Toss_Id = T2.Toss_Decide INNER JOIN Batsman_Scored AS T3 ON T2.Match_Id = T3.Match_Id WHERE T2.Match_Id = 335987 AND T2.Match_Date = '2008-04-18' GROUP BY T3.Over_Id HAVING COUNT(T1.Toss_Name = 'field') = 17 ;,SELECT SUM(T3.Runs_Scored) FROM Batsman_Scored AS T1 INNER JOIN Toss_Decision AS T2 ON T1.Toss_Id = T2.Toss_Id INNER JOIN Match AS T3 ON T2.Match_Id = T3.Match_Id WHERE T1.Match_Id = 335987 AND T1.Match_Date = '2008-04-23' ;
"SELECT T2.CountryCode, T2.Region FROM Indicators AS T1 INNER JOIN Country AS T2 ON T1.CountryCode = T2.CountryCode WHERE T1.IndicatorName = 'Population in largest city' AND T1.Year >= 1960 AND T1.Year  1980 ORDER BY T2.Region DESC LIMIT 1 ;",SELECT T2.Region FROM Indicators AS T1 INNER JOIN Country AS T2 ON T1.CountryCode = T2.CountryCode WHERE T1.Year BETWEEN 1960 AND 1979 ORDER BY T1.Value DESC LIMIT 1 ;
SELECT AVG(T1.DEP_DELAY) FROM Airlines AS T1 INNER JOIN Airports AS T2 ON T2.Code = T1.ORIGIN INNER JOIN Air Carriers AS T3 ON T1.OP_CARRIER_AIRLINE_ID = T3.Code WHERE T3.Description = 'American Airlines Inc.: AA' ;,SELECT AVG(T1.DEP_DELAY) FROM Airports AS T1 INNER JOIN Airlines AS T2 ON T1.Code = T2.ORIGIN INNER JOIN Air Carriers AS T3 ON T2.Code = T3.Code WHERE T3.Description = 'American Airlines Inc.: AA' ;
SELECT DISTINCT T1.DESCRIPTION FROM careplans AS T1 INNER JOIN conditions AS T2 ON T1.patient = T2.PATIENT WHERE T2.DESCRIPTION = 'Secondary malignant neoplasm of colon' ;,SELECT T2.DESCRIPTION FROM conditions AS T1 INNER JOIN careplans AS T2 ON T1.PATIENT = T2.PATIENT WHERE T1.DESCRIPTION = 'Secondary malignant neoplasm of colon' ;
"SELECT AVG(T1.gpa) FROM student AS T1 INNER JOIN registration AS T2 ON T1.student_id = T2.student_id INNER JOIN course AS T3 ON T2.course_id = T3.course_id WHERE T3.diff IN (2, 1) GROUP BY T3.diff ;",SELECT AVG(T3.diff) FROM student AS T1 INNER JOIN registration AS T2 ON T1.student_id = T2.student_id INNER JOIN course AS T3 ON T2.course_id = T3.course_id WHERE T1.diff = ( SELECT MAX(diff) FROM student ) ;
"SELECT T1.attribute_id, T2.business_id, T3.city FROM Attributes AS T1 INNER JOIN Business_Attributes AS T2 ON T1.attribute_id = T2.attribute_id INNER JOIN Business AS T3 ON T2.business_id = T3.business_id WHERE T1.attribute_name ='music_playlist' AND T3.active = 'false' ;","SELECT T3.attribute_id, T3.business_id, T3.city, T3.inactive FROM Business AS T1 INNER JOIN Business_Attributes AS T2 ON T1.business_id = T2.business_id INNER JOIN Attributes AS T3 ON T2.attribute_id = T3.attribute_id WHERE T1.active LIKE 'TRUE' AND T1.active LIKE 'False' ;"
SELECT CAST(( SELECT COUNT(T1.id) FROM works AS T1 INNER JOIN chapters AS T2 ON T1.id = T2.work_id WHERE T1.GenreType = 'History' AND T1.DATE BETWEEN 1500 AND 1599 GROUP BY T1.id HAVING COUNT(T2.Scene) >= 5 ) AS REAL) * 100 / COUNT(id) FROM works WHERE GenreType = 'History' AND DATE BETWEEN 1500 AND 1599 ;,SELECT CAST(COUNT(CASE WHEN T2.GenreType = 'history' THEN 1 ELSE NULL END) AS REAL) * 100 / COUNT(T1.id) FROM works AS T1 INNER JOIN chapters AS T2 ON T1.id = T2.work_id WHERE T2.Date >= 1500 AND T1.GenreType = 'history' ;
"SELECT T2.lgID FROM players AS T1 INNER JOIN players_teams AS T2 ON T1.playerID = T2.playerID GROUP BY T2.lgID, T1.weight HAVING T1.weight = MAX(T1.weight) - MAX(T1.weight) * 0.4 ;",SELECT T1.lgID FROM players AS T1 INNER JOIN players_teams AS T2 ON T1.playerID = T2.playerID WHERE T2.weight = ( SELECT MAX(weight) FROM players ) ;
SELECT T2.close FROM coins AS T1 INNER JOIN historical AS T2 ON T1.id = T2.coin_id WHERE T2.date = '2013-04-29' AND T1.name = 'Bitcoin' ;,SELECT T2.close FROM coins AS T1 INNER JOIN historical AS T2 ON T1.id = T2.coin_id WHERE T1.date = '2013-04-29' ;
SELECT T2.title FROM Vote AS T1 INNER JOIN Episode AS T2 ON T2.episode_id = T1.episode_id WHERE T1.stars BETWEEN 1 AND 10 GROUP BY T2.title ORDER BY CAST(SUM(T1.stars * T1.percent) AS REAL) / 100 DESC LIMIT 3 ;,SELECT T2.title FROM Episode AS T1 INNER JOIN Vote AS T2 ON T1.episode_id = T2.episode_id ORDER BY T1.stars DESC LIMIT 3 ;
SELECT DISTINCT release_year FROM film WHERE replacement_cost = ( SELECT MAX(replacement_cost) FROM film ) ;,SELECT release_year FROM film WHERE replacement_cost = ( SELECT MAX(replacement_cost) FROM film ) ;
"SELECT donationid, donation_total FROM donations ORDER BY donation_total DESC LIMIT 1 ;","SELECT donationid, donation_total FROM donations WHERE donation_total = ( SELECT MAX(donation_total) FROM donations ) ;"
"SELECT T1.title, T1.prep_min + T1.cook_min + T1.stnd_min FROM Recipe AS T1 INNER JOIN Nutrition AS T2 ON T1.recipe_id = T2.recipe_id ORDER BY T2.total_fat DESC LIMIT 1 ;","SELECT T2.title, T2.total_fat FROM Recipe AS T1 INNER JOIN Nutrition AS T2 ON T1.recipe_id = T2.recipe_id ORDER BY T1.total_fat DESC LIMIT 1 ;"
SELECT COUNT(*) FROM university_year AS T1 INNER JOIN university_ranking_year AS T2 ON T1.university_id = T2.university_id WHERE T2.score = 90 AND T1.year = 2011 ;,SELECT COUNT(T1.num_students) FROM university_year AS T1 INNER JOIN university_ranking_year AS T2 ON T1.university_id = T2.university_id WHERE T2.year = 2011 AND T1.score = 90 ;
SELECT T1.official_full_name FROM current AS T1 INNER JOIN social-media AS T2 ON T2.bioguide = T1.bioguide_id WHERE T2.youtube = 'RoskamIL06' ;,SELECT T2.official_full_name FROM social-media AS T1 INNER JOIN current AS T2 ON T1.bioguide = T2.bioguide WHERE T1.youtube = 'RoskamIL06' ;
SELECT COUNT(pid) FROM pages WHERE words BETWEEN 1000 AND 2000 ;,SELECT COUNT(T1.lid) FROM pages AS T1 INNER JOIN langs AS T2 ON T1.lid = T2.lid WHERE T2.words BETWEEN 1000 AND 2000 ;
"SELECT T2.date, T2.price FROM coins AS T1 INNER JOIN historical AS T2 ON T1.id = T2.coin_id WHERE T1.name = 'Bitcoin' ORDER BY T2.price LIMIT 1 ;","SELECT T2.date, T2.price FROM coins AS T1 INNER JOIN historical AS T2 ON T1.id = T2.coin_id WHERE T1.name = 'Bitcoin' ;"
SELECT CAST(SUM(CASE WHEN T1.servings >= 10 THEN 1 ELSE 0 END) AS REAL) * 100 / COUNT(*) FROM Recipe AS T1 INNER JOIN Quantity AS T2 ON T1.recipe_id = T2.recipe_id INNER JOIN Ingredient AS T3 ON T3.ingredient_id = T2.ingredient_id WHERE T3.name ='sea bass steak' ;,SELECT CAST(COUNT(CASE WHEN T3.servings >= 10 THEN 1 ELSE NULL END) AS REAL) * 100 / COUNT(T1.recipe_id) FROM Recipe AS T1 INNER JOIN Quantity AS T2 ON T1.recipe_id = T2.recipe_id INNER JOIN Ingredient AS T3 ON T2.ingredient_id = T3.ingredient_id WHERE T3.name ='sea bass' ;
"SELECT (CAST(SUM(IIF(STRFTIME('%Y', T2.l_shipdate) = 1995, 1, 0)) AS REAL) / 12) - (CAST(SUM(IIF(STRFTIME('%Y', T2.l_shipdate) = 1996, 1, 0)) AS REAL) / 12) FROM orders AS T1 INNER JOIN lineitem AS T2 ON T1.o_orderkey = T2.l_orderkey WHERE T1.o_orderpriority = '5-LOW' AND T2.l_shipmode = 'TRUCK' ;",SELECT CAST(SUM(CASE WHEN T1.o_orderpriority = '5-LOW' THEN 1 ELSE 0 END) AS REAL) * 100 / COUNT(T1.o_orderkey) FROM orders AS T1 INNER JOIN lineitem AS T2 ON T1.o_orderkey = T2.l_orderkey WHERE T2.l_shipdate = '1995' AND T1.l_shipmode = '1996' ;
SELECT DISTINCT T1.TerritoryDescription FROM Territories AS T1 INNER JOIN Region AS T2 ON T1.RegionID = T2.RegionID WHERE T2.RegionDescription = 'Northern' ;,SELECT T2.TerritoryDescription FROM Territories AS T1 INNER JOIN Region AS T2 ON T1.RegionID = T2.RegionID WHERE T1.RegionDescription = 'Northern' ;
"SELECT DISTINCT T2.phone_brand, T2.device_model FROM events AS T1 INNER JOIN phone_brand_device_model2 AS T2 ON T2.device_id = T1.device_id WHERE T1.timestamp LIKE '2016-05-05%' AND T1.longitude = 112 AND T1.latitude = 44 ;",SELECT T3.phone_brand FROM gender_age AS T1 INNER JOIN phone_brand_device_model2 AS T2 ON T1.device_id = T2.device_id INNER JOIN events_relevant AS T3 ON T2.event_id = T3.event_id WHERE T3.device_model = 'W2016' AND T3.longitude = 'Longitude' AND T3.latitude = 'W2016' ;
SELECT T2.Complaint ID FROM client AS T1 INNER JOIN callcenterlogs AS T2 ON T1.client_id = T2.rand client WHERE T1.year = 1931 ;,SELECT T3.rand client FROM client AS T1 INNER JOIN events AS T2 ON T1.client_id = T2.Client_ID INNER JOIN callcenterlogs AS T3 ON T2.Complaint ID = T3.Complaint ID WHERE T1.year = 1931 ;
SELECT T2.c_phone FROM orders AS T1 INNER JOIN customer AS T2 ON T1.o_custkey = T2.c_custkey WHERE T1.o_orderpriority = '1-URGENT' ;,SELECT T2.c_phone FROM orders AS T1 INNER JOIN customer AS T2 ON T1.o_custkey = T2.c_custkey WHERE T1.o_orderpriority = '1-URGENT' ;
SELECT COUNT(SupplierID) FROM Suppliers WHERE Country = 'USA' ;,SELECT COUNT(CompanyName) FROM Suppliers WHERE Country = 'USA' ;
SELECT T2.region FROM location AS T1 INNER JOIN geographic AS T2 ON T1.city = T2.city WHERE T1.street_num = 1149 AND T1.street_name = 'el camino real' ;,SELECT T2.region FROM location AS T1 INNER JOIN geographic AS T2 ON T1.city = T2.city WHERE T1.street_num = 1149 AND T1.street_name = 'el camino real' ;
SELECT COUNT(T1.ID) FROM Customers AS T1 INNER JOIN Mailings1_2 AS T2 ON T1.ID = T2.REFID INNER JOIN Demog AS T3 ON T1.GEOID = T3.GEOID WHERE T1.MARITAL_STATUS = 'Widowed' AND T2.RESPONSE = 'true' ;,SELECT COUNT(T1.ID) FROM Customers AS T1 INNER JOIN Mailings1_2 AS T2 ON T1.ID = T2.ID INNER JOIN Demog AS T3 ON T2.GEOID = T3.GEOID WHERE T3.MARITAL_STATUS = 'Widowed' AND T3.INHABITANTS_K = ( SELECT T3.INHABITANTS_K FROM Customers AS T1 INNER JOIN Mailings1_2 AS T3 ON T3.ID = T3.GEOID WHERE T1.MARITAL_STATUS = 'Widowed' AND T2.MARITAL_STATUS = 'False' ) ;
SELECT COUNT(*) FROM university AS T1 INNER JOIN country AS T2 ON T1.country_id = T2.id WHERE T2.country_name = 'Argentina' ;,SELECT COUNT(T1.id) FROM university AS T1 INNER JOIN country AS T2 ON T1.country_id = T2.id WHERE T2.country_name = 'Argentina' ;
"SELECT SUM(CASE WHEN CAST(REPLACE(REPLACE(T3.NetWorth, ',', ''), '$', '') AS REAL) > 400000000 THEN 1 ELSE 0 END) - SUM(CASE WHEN CAST(REPLACE(REPLACE(T3.NetWorth, ',', ''), '$', '') AS REAL)  400000000 THEN 1 ELSE 0 END) FROM movie AS T1 INNER JOIN characters AS T2 ON T1.MovieID = T2.MovieID INNER JOIN actor AS T3 ON T3.ActorID = T2.ActorID WHERE T1.Genre = 'Drama' ;","SELECT CAST(COUNT(CASE WHEN T3.NetWorth > '$400,000,000.00' THEN 1 ELSE NULL END) AS REAL) * 100 / COUNT(T3.ActorID) FROM movie AS T1 INNER JOIN characters AS T2 ON T1.MovieID = T2.MovieID INNER JOIN actor AS T3 ON T2.ActorID = T3.ActorID WHERE T3.Genre = 'Drama' ;"
"SELECT T1.Area, COUNT(T3.Name) FROM continent AS T1 INNER JOIN encompasses AS T2 ON T1.Name = T2.Continent INNER JOIN country AS T3 ON T3.Code = T2.Country WHERE T1.Name = 'Asia' GROUP BY T1.Name, T1.Area ;","SELECT T1.Name, T3.Area FROM continent AS T1 INNER JOIN encompasses AS T2 ON T1.Name = T2.Continent INNER JOIN country AS T3 ON T3.Code = T2.Country WHERE T1.Name = 'Africa' ;"
SELECT COUNT(T1.BusinessEntityID) FROM Employee AS T1 INNER JOIN Person AS T2 ON T1.BusinessEntityID = T2.BusinessEntityID WHERE T2.EmailPromotion = 0 AND T1.Gender = 'M' ;,SELECT COUNT(T1.BusinessEntityID) FROM Employee AS T1 INNER JOIN Person AS T2 ON T1.BusinessEntityID = T2.BusinessEntityID WHERE T2.Gender = 'M' AND T2.EmailPromotion = 0 ;
"SELECT school, month FROM enrolled WHERE name ='student214' ;","SELECT school, month FROM enrolled WHERE name ='student214' ;"
"SELECT T1.acceleration, T1.cylinders, T2.model_year FROM data AS T1 INNER JOIN production AS T2 ON T1.ID = T2.ID INNER JOIN price AS T3 ON T3.ID = T2.ID ORDER BY T3.price ASC LIMIT 1 ;","SELECT T3.cylinders, T3.model_year FROM data AS T1 INNER JOIN production AS T2 ON T1.ID = T2.ID INNER JOIN price AS T3 ON T2.ID = T3.ID ORDER BY T3.price DESC LIMIT 1 ;"
"SELECT AVG(T1.revenue), T1.title FROM movie AS T1 INNER JOIN movie_keywords AS T2 ON T1.movie_id = T2.movie_id INNER JOIN keyword AS T3 ON T2.keyword_id = T3.keyword_id WHERE T3.keyword_name = 'paris' ;",SELECT AVG(T1.revenue) FROM movie AS T1 INNER JOIN movie_keywords AS T2 ON T1.movie_id = T2.movie_id INNER JOIN keyword AS T3 ON T2.keyword_id = T3.keyword_id WHERE T3.keyword_name = 'paris' ;
SELECT T1.OrderNumber FROM Sales Orders AS T1 INNER JOIN Customers AS T2 ON T2.CustomerID = T1._CustomerID WHERE T2.Customer Names = 'Qualitest'ORDER BY T1.Order Quantity DESC LIMIT 1 ;,SELECT DISTINCT T2.OrderNumber FROM Customers AS T1 INNER JOIN Sales Orders AS T2 ON T1._CustomerID = T2.CustomerID WHERE T1.Customer Names = 'Qualitest' ORDER BY T1.Order Quantity DESC LIMIT 1 ;
SELECT Country_id FROM City WHERE City_Name = 'East London' ;,SELECT Country_id FROM City WHERE City_Name = 'East London' ;
SELECT T2.Name FROM ProductListPriceHistory AS T1 INNER JOIN Product AS T2 ON T1.ProductID = T2.ProductID GROUP BY T2.Name ORDER BY COUNT(T1.ListPrice) > 3 ;,SELECT T2.Name FROM ProductListPriceHistory AS T1 INNER JOIN Product AS T2 ON T1.ProductID = T2.ProductID WHERE T1.ListPrice > 3 ;
"SELECT CAST(COUNT(CASE WHEN T1.genre = 'Comedy' THEN T1.movie_title ELSE NULL END) AS REAL) * 100 / COUNT(T1.movie_title), group_concat(T1.movie_title), group_concat(T2.director) FROM movies_total_gross AS T1 INNER JOIN director AS T2 ON T1.movie_title = T2.name WHERE SUBSTR(T1.release_date, LENGTH(T1.release_date) - 3, LENGTH(T1.release_date)) BETWEEN '1991' AND '2000' ;",SELECT CAST(COUNT(CASE WHEN T2.genre = 'Comedy' THEN T1.movie_title ELSE NULL END) AS REAL) * 100 / COUNT(T1.movie_title) FROM director AS T1 INNER JOIN movies_total_gross AS T2 ON T1.movie_title = T2.name WHERE T1.release_date BETWEEN '1991' AND '2000' ;
SELECT T1.year FROM client AS T1 INNER JOIN events AS T2 ON T1.client_id = T2.Client_ID WHERE T2.Sub-product = '(CD) Certificate of deposit' GROUP BY T1.year ORDER BY COUNT(T1.year) DESC LIMIT 1 ;,SELECT T2.year FROM client AS T1 INNER JOIN events AS T2 ON T1.client_id = T2.Client_ID WHERE T1.Sub-product = '(CD) Certificate of deposit' GROUP BY T1.year ;
SELECT COUNT(T1.Player_Id) FROM Player_Match AS T1 INNER JOIN Match AS T2 ON T1.Match_Id = T2.Match_Id INNER JOIN Rolee AS T3 ON T1.Role_Id = T3.Role_Id WHERE T3.Role_Desc = 'Captain' AND T2.Match_Date LIKE '2008%' ;,SELECT COUNT(T1.Player_Id) FROM Player_Match AS T1 INNER JOIN Match AS T2 ON T1.Match_Id = T2.Match_Id INNER JOIN Rolee AS T3 ON T2.Role_Id = T3.Role_Id WHERE T3.Match_Date LIKE '2008%' AND T3.Role_Desc = 'Captain' ;
"SELECT T2.store_id, T1.address, T4.rental_rate FROM address AS T1 INNER JOIN store AS T2 ON T1.address_id = T2.address_id INNER JOIN inventory AS T3 ON T2.store_id = T3.store_id INNER JOIN film AS T4 ON T3.film_id = T4.film_id WHERE T4.title = 'WYOMING STORM' ;","SELECT T3.address, T3.rental_rate FROM film AS T1 INNER JOIN inventory AS T2 ON T1.film_id = T2.film_id INNER JOIN store AS T3 ON T2.store_id = T3.store_id INNER JOIN address AS T4 ON T3.address_id = T4.address_id WHERE T1.title = 'WYOMING STORM' ;"
SELECT CAST(SUM(CASE WHEN active = 0 THEN 1 ELSE 0 END) AS REAL) * 100 / COUNT(customer_id) FROM customer WHERE store_id = 1 ;,SELECT CAST(COUNT(CASE WHEN store_id = 1 THEN 1 ELSE NULL END) AS REAL) * 100 / COUNT(customer_id) FROM customer WHERE active = 0 ;
SELECT COUNT(T1.device_id) FROM gender_age AS T1 INNER JOIN phone_brand_device_model2 AS T2 ON T1.device_id = T2.device_id WHERE T1.gender = 'F' AND T2.device_model = 'Z1' AND T1.group = 'F23-' AND T2.phone_brand = 'ZUK' ;,SELECT COUNT(T1.device_id) FROM gender_age AS T1 INNER JOIN phone_brand_device_model2 AS T2 ON T1.device_id = T2.device_id WHERE T2.phone_brand = 'ZUK' AND T1.device_model = 'Z1' AND T1.gender = 'F' AND T1.group = 'F23-' ;
SELECT T2.GNP FROM City AS T1 INNER JOIN Country AS T2 ON T1.CountryCode = T2.Code WHERE T1.District = 'Entre Rios' LIMIT 1 ;,SELECT T2.GNP FROM City AS T1 INNER JOIN Country AS T2 ON T1.CountryCode = T2.Code WHERE T1.District = 'Entre Rios' ;
SELECT COUNT(T1.ProductID) FROM ProductReview AS T1 INNER JOIN Product AS T2 ON T1.ProductID = T2.ProductID WHERE T2.MakeFlag = 0 AND T1.Rating!= 5 ;,SELECT COUNT(T1.ProductID) FROM Product AS T1 INNER JOIN ProductReview AS T2 ON T1.ProductID = T2.ProductID WHERE T2.MakeFlag = 0 AND T1.Rating!= 5 ;
SELECT COUNT(T1.CountryCode) FROM Country AS T1 INNER JOIN Indicators AS T2 ON T1.CountryCode = T2.CountryCode WHERE T2.IndicatorName = 'Adjusted net national income per capita (constant 2005 US$)' AND T1.ExternalDebtReportingStatus = 'Preliminary' AND T2.Value > 1000 ;,"SELECT COUNT(T1.CountryCode) FROM Country AS T1 INNER JOIN Indicators AS T2 ON T1.CountryCode = T2.CountryCode WHERE T2.IndicatorName = 'Adjusted net national income per capita (constant 2005 US$)' AND T1.Value > 1,000 AND T1.ExternalDebtReportingStatus = 'Preliminary' ;"
SELECT T2.last_name FROM shipment AS T1 INNER JOIN driver AS T2 ON T1.driver_id = T2.driver_id WHERE T1.ship_id = '1088' ;,SELECT T1.last_name FROM driver AS T1 INNER JOIN shipment AS T2 ON T1.driver_id = T2.driver_id WHERE T2.ship_id = 1088 ;
SELECT COUNT(T1.student_id) FROM registration AS T1 INNER JOIN course AS T2 ON T1.course_id = T2.course_id WHERE T1.grade = 'A' AND T2.credit = '3' AND T2.diff = 1 ;,SELECT COUNT(T1.student_id) FROM course AS T1 INNER JOIN registration AS T2 ON T1.course_id = T2.course_id WHERE T2.credit = '3' AND T1.diff = 1 AND T1.grade = 'A' ;
SELECT COUNT(T1.CustomerID) FROM customers AS T1 INNER JOIN transaction AS T2 ON T1.CustomerID = T2.CustomerID INNER JOIN rootbeer AS T3 ON T2.RootBeerID = T3.RootBeerID INNER JOIN rootbeerbrand AS T4 ON T3.BrandID = T4.BrandID WHERE T1.First = 'Nicholas' AND T1.Last = 'Sparks' AND T4.BrandName LIKE 'Henry Weinhard%s' ;,SELECT COUNT(T1.CustomerID) FROM customers AS T1 INNER JOIN transaction AS T2 ON T1.CustomerID = T2.CustomerID INNER JOIN rootbeer AS T3 ON T2.RootBeerID = T3.RootBeerID WHERE T3.BrandName = 'Henry Weinhard''s' AND T3.First = 'Skeptic' AND T1.Last = 'Skeptic' ;
"SELECT ( SELECT T1.games_name FROM games AS T1 INNER JOIN games_competitor AS T2 ON T1.id = T2.games_id WHERE T1.season = 'Summer' GROUP BY T1.games_year ORDER BY COUNT(T2.person_id) DESC LIMIT 1 ) AS HIGHEST, ( SELECT T1.games_name FROM games AS T1 INNER JOIN games_competitor AS T2 ON T1.id = T2.games_id WHERE T1.season = 'Summer' GROUP BY T1.games_year ORDER BY COUNT(T2.person_id) LIMIT 1 ) AS LOWEST ;",SELECT T2.games_name FROM games AS T1 INNER JOIN games_competitor AS T2 ON T1.id = T2.games_id WHERE T1.season = 'Summer' GROUP BY T1.games_name ORDER BY COUNT(T1.person_id) DESC LIMIT 1 ;
SELECT COUNT(*) FROM truck AS T1 INNER JOIN shipment AS T2 ON T1.truck_id = T2.truck_id GROUP BY T1.model_year ORDER BY T1.model_year ASC LIMIT 1 ;,SELECT COUNT(DISTINCT T1.truck_id) FROM truck AS T1 INNER JOIN shipment AS T2 ON T1.truck_id = T2.truck_id ORDER BY T2.model_year DESC LIMIT 1 ;
SELECT COUNT(DISTINCT T1.violation_type_id) FROM violations AS T1 INNER JOIN businesses AS T2 ON T1.business_id = T2.business_id WHERE T2.name = 'Stacks Restaurant' AND T1.date = '2016-10-04' ;,SELECT COUNT(T1.violation_type_id) FROM violations AS T1 INNER JOIN businesses AS T2 ON T1.business_id = T2.business_id WHERE T2.date = '2016-10-04' AND T1.name = 'Stacks Restaurant' ;
SELECT CAST(SUM(T2.Quantity) AS REAL) / COUNT(T2.OrderID) FROM Products AS T1 INNER JOIN Order Details AS T2 ON T1.ProductID = T2.ProductID WHERE T1.ProductName = 'Ikura' ;,SELECT AVG(T2.Quantity) FROM Products AS T1 INNER JOIN Order Details AS T2 ON T1.ProductID = T2.ProductID WHERE T1.ProductName = 'Ikura' ;
"SELECT T2.name, AVG(T1.score) FROM inspections AS T1 INNER JOIN businesses AS T2 ON T1.business_id = T2.business_id GROUP BY T2.name ORDER BY COUNT(T2.business_id) DESC LIMIT 1 ;","SELECT T2.name, AVG(T2.score) FROM inspections AS T1 INNER JOIN businesses AS T2 ON T1.business_id = T2.business_id GROUP BY T1.name ORDER BY COUNT(T1.business_id) DESC LIMIT 1 ;"
"SELECT COUNT(DISTINCT T1.orderNumber) FROM orderdetails AS T1 INNER JOIN orders AS T2 ON T1.orderNumber = T2.orderNumber WHERE T1.quantityOrdered  30 AND STRFTIME('%Y', T2.orderDate) = '2003' ;","SELECT COUNT(T1.orderNumber) FROM orderdetails AS T1 INNER JOIN orders AS T2 ON T1.orderNumber = T2.orderNumber WHERE T2.quantityOrdered  30 AND STRFTIME('%Y', T2.orderDate) = '2003' ;"
"SELECT T1.course_id, T2.p_id FROM course AS T1 INNER JOIN taughtBy AS T2 ON T1.course_id = T2.course_id WHERE T1.courseLevel = 'Level_500' LIMIT 5 ;",SELECT T2.p_id FROM course AS T1 INNER JOIN taughtBy AS T2 ON T1.course_id = T2.course_id WHERE T1.courseLevel = 'Level_500' ;
SELECT T2.keyword FROM Episode AS T1 INNER JOIN Keyword AS T2 ON T1.episode_id = T2.episode_id WHERE T1.title = 'Shield' ;,SELECT T2.keyword FROM Episode AS T1 INNER JOIN Keyword AS T2 ON T1.episode_id = T2.episode_id WHERE T1.title = 'Shield' ;
"SELECT T1.firstName, T1.middleName, T1.lastName FROM players AS T1 INNER JOIN draft AS T2 ON T1.playerID = T2.playerID WHERE T2.draftRound = 1 AND T1.birthCountry!= 'USA' AND T2.draftYear = 1973 ;","SELECT T1.firstName, T1.middleName, T1.lastName FROM players AS T1 INNER JOIN draft AS T2 ON T1.playerID = T2.playerID WHERE T2.year = 1973 AND T1.birthCountry > 'USA' AND T1.firstName = 'firstName' AND T1.lastName = 'lastName' ;"
SELECT T2.StoreID FROM Sales Orders AS T1 INNER JOIN Store Locations AS T2 ON T2.StoreID = T1._StoreID WHERE T2.State = 'Arizona' ORDER BY T1.Unit Price - T1.Unit Cost DESC LIMIT 1 ;,SELECT T2.StoreID FROM Sales Orders AS T1 INNER JOIN Store Locations AS T2 ON T2.StoreID = T1._StoreID WHERE T1.Unit Price = 'Arizona' GROUP BY T1.StoreID ORDER BY COUNT(T1.Unit Cost) DESC LIMIT 1 ;
"SELECT T2.rank, T2.year, T2.name FROM Scoring AS T1 INNER JOIN Teams AS T2 ON T1.tmID = T2.tmID AND T1.year = T2.year WHERE T1.SHA >= 7 ORDER BY T1.A DESC LIMIT 1 ;","SELECT T2.year, T2.name, T2.Rank FROM Scoring AS T1 INNER JOIN Teams AS T2 ON T1.tmID = T2.tmID ORDER BY T1.SHA DESC LIMIT 1 ;"
SELECT T3.author_name FROM book AS T1 INNER JOIN book_author AS T2 ON T1.book_id = T2.book_id INNER JOIN author AS T3 ON T3.author_id = T2.author_id WHERE T1.title = 'First Things First' ;,SELECT T3.author_name FROM book AS T1 INNER JOIN book_author AS T2 ON T1.book_id = T2.book_id INNER JOIN author AS T3 ON T2.author_id = T3.author_id WHERE T1.title = 'First Things First' ;
SELECT T1.UnitPrice FROM Products AS T1 INNER JOIN Suppliers AS T2 ON T1.SupplierID = T2.SupplierID WHERE T2.CompanyName LIKE 'Mayumi%' AND T1.ProductName = 'Konbu' ;,SELECT T2.UnitPrice FROM Products AS T1 INNER JOIN Suppliers AS T2 ON T1.SupplierID = T2.SupplierID WHERE T1.ProductName = 'Mayumi''s' ;
SELECT T1.artist FROM torrents AS T1 INNER JOIN tags AS T2 ON T1.id = T2.id WHERE T1.id BETWEEN 10 AND 50 AND T2.tag LIKE 'new.york' ORDER BY T1.totalSnatched DESC LIMIT 1 ;,SELECT T2.artist FROM torrents AS T1 INNER JOIN tags AS T2 ON T1.id = T2.id WHERE T1.tag = 'new.york' AND T1.totalSnatched BETWEEN 10 AND 50 GROUP BY T2.artist ORDER BY COUNT(T1.id) DESC LIMIT 1 ;
SELECT Name FROM ContactType WHERE ContactTypeID = '16' ;,SELECT Name FROM ContactType WHERE ContactTypeID = 16 ;
SELECT T3.height_in_inch FROM PlayerInfo AS T1 INNER JOIN SeasonStatus AS T2 ON T1.ELITEID = T2.ELITEID INNER JOIN height_info AS T3 ON T1.height = T3.height_id WHERE T2.TEAM = 'Oshawa Generals' ;,SELECT T1.Height_in_inch FROM PlayerInfo AS T1 INNER JOIN SeasonStatus AS T2 ON T1.ELITEID = T2.ELITEID INNER JOIN height_info AS T3 ON T2.height = T3.height WHERE T3.TEAM = 'Oshawa Generals' ;
"SELECT IIF(T1.ProductID = 498, 'YES', 'NO') FROM Sales AS T1 INNER JOIN Customers AS T2 ON T1.CustomerID = T2.CustomerID WHERE T2.FirstName = 'Alex' ;",SELECT T2.ProductID FROM Customers AS T1 INNER JOIN Sales AS T2 ON T1.CustomerID = T2.CustomerID WHERE T1.FirstName = 'Alex' AND T1.ProductID = 498 ;
SELECT T2.donation_message FROM projects AS T1 INNER JOIN donations AS T2 ON T1.projectid = T2.projectid WHERE T1.school_city = 'Brooklyn' AND T1.school_magnet = 't' ;,SELECT T2.donation_message FROM projects AS T1 INNER JOIN donations AS T2 ON T1.projectid = T2.projectid WHERE T1.school_city = 'Brooklyn' AND T1.school_magnet = 't' ;
SELECT COUNT(T1.TweetID) FROM twitter AS T1 INNER JOIN location AS T2 ON T2.LocationID = T1.LocationID WHERE T2.Country = 'Argentina' LIMIT 1 ;,SELECT COUNT(T1.TweetID) FROM twitter AS T1 INNER JOIN location AS T2 ON T1.LocationID = T2.LocationID WHERE T2.Country = 'Argentina' ;
SELECT T2.report_no FROM FBI_Code AS T1 INNER JOIN Crime AS T2 ON T2.fbi_code_no = T1.fbi_code_no WHERE T1.title = 'Drug Abuse' ;,SELECT T2.crime FROM FBI_Code AS T1 INNER JOIN Crime AS T2 ON T1.fbi_code_no = T2.fbi_code_no WHERE T1.title = 'Drug Abuse' ;
SELECT T1.birthdate FROM Person AS T1 INNER JOIN Award AS T2 ON T1.name = T2.person WHERE T2.result = 'Winner' ;,SELECT T2.birthdate FROM Person AS T1 INNER JOIN Award AS T2 ON T1.name = T2.person WHERE T1.result = 'Winner' ;
SELECT SUM(T2.minutes) FROM players AS T1 INNER JOIN player_allstar AS T2 ON T1.playerID = T2.playerID WHERE T1.birthCity = 'Brooklyn' AND T1.nameNick LIKE '%Superman%' ;,SELECT SUM(T2.minutes) FROM players AS T1 INNER JOIN player_allstar AS T2 ON T1.playerID = T2.playerID WHERE T1.nameNick LIKE '%Superman%' AND T1.birthCity = 'Brooklyn' ;
SELECT MAX(Discount Applied) FROM Sales Orders WHERE OrderDate LIKE '%/%/20' ;,"SELECT MAX(Discount Applied) FROM Sales Orders WHERE STRFTIME('%Y', OrderDate) = '2020' ;"
SELECT DISTINCT T2.list_id FROM lists_users AS T1 INNER JOIN lists AS T2 ON T1.list_id = T2.list_id WHERE T1.user_subscriber = 1 ;,SELECT T2.list_title FROM lists AS T1 INNER JOIN lists_users AS T2 ON T1.list_id = T2.list_id WHERE T1.user_subscriber = 1 ;
"SELECT T1.f_name, T1.l_name FROM student AS T1 INNER JOIN registration AS T2 ON T1.student_id = T2.student_id INNER JOIN course AS T3 ON T2.course_id = T3.course_id WHERE T3.name = 'Machine Learning Theory' ;","SELECT T3.f_name, T3.l_name FROM student AS T1 INNER JOIN registration AS T2 ON T1.student_id = T2.student_id INNER JOIN course AS T3 ON T2.course_id = T3.course_id WHERE T1.name = 'Machine Learning Theory' ;"
"SELECT T2.company_id FROM movie AS T1 INNER JOIN movie_company AS T2 ON T1.movie_id = T2.movie_id WHERE CAST(STRFTIME('%Y', T1.release_date) AS INT) = 1916 ;",SELECT T3.company_id FROM movie AS T1 INNER JOIN movie_company AS T2 ON T1.movie_id = T2.movie_id INNER JOIN production_company AS T3 ON T2.company_id = T3.company_id WHERE T1.release_date LIKE '1916%' ;
SELECT T2.district FROM historical AS T1 INNER JOIN historical-terms AS T2 ON T1.bioguide_id = T2.bioguide WHERE T1.last_name = 'Grout' AND T1.first_name = 'Jonathan' AND T2.type ='rep' ;,SELECT T3.district FROM current AS T1 INNER JOIN current-terms AS T2 ON T1.bioguide_id = T2.bioguide INNER JOIN historical AS T3 ON T2.bioguide_id = T3.bioguide WHERE T1.first_name = 'James' AND T1.last_name = 'GROUT' AND T1.type ='rep' ;
SELECT CAST(occurrences AS REAL) / ( SELECT occurrences FROM biwords WHERE w1st = ( SELECT wid FROM words WHERE word = 'a' ) AND w2nd = ( SELECT wid FROM words WHERE word = 'decimal' ) ) FROM biwords WHERE w1st = ( SELECT wid FROM words WHERE word = 'a' ) AND w2nd = ( SELECT wid FROM words WHERE word = 'base' ) ;,SELECT occurrences FROM biwords WHERE word = 'a' AND wid = ( SELECT wid FROM words WHERE word = 'a' AND w2nd = ( SELECT wid FROM words WHERE word = 'base' ) ;
SELECT SUM(CASE WHEN T2.arrest = 'TRUE' THEN 1 ELSE 0 END) FROM IUCR AS T1 INNER JOIN Crime AS T2 ON T1.iucr_no = T2.iucr_no WHERE T2.location_description = 'DAY CARE CENTER' AND T1.secondary_description = 'FORCIBLE ENTRY' AND T1.primary_description = 'BURGLARY' ;,SELECT COUNT(T1.iucr_no) FROM IUCR AS T1 INNER JOIN Crime AS T2 ON T1.iucr_no = T2.iucr_no WHERE T2.arrest = 'TRUE' AND T1.primary_description = 'BURGLARY' AND T2.secondary_description = 'DAY CARE CENTER' ;
SELECT COUNT(T1.FTR) FROM matchs AS T1 INNER JOIN divisions AS T2 ON T1.Div = T2.division WHERE T2.name = 'Seria A' AND T1.FTR = 'D' ;,SELECT COUNT(T1.Div) FROM matchs AS T1 INNER JOIN divisions AS T2 ON T1.Div = T2.division WHERE T2.name = 'Seria A' AND T1.FTR = 'D' ;
SELECT CAST(SUM(CASE WHEN T1.email LIKE '%@gmail.com' THEN 1 ELSE 0 END) AS REAL) * 100 / COUNT(T1.email) FROM client AS T1 INNER JOIN callcenterlogs AS T2 ON T1.client_id = T2.rand client WHERE T2.server = 'ZOHARI' ;,SELECT CAST(COUNT(CASE WHEN T2.email LIKE '%@gmail.com' THEN 1 ELSE NULL END) AS REAL) * 100 / COUNT(T1.email) FROM client AS T1 INNER JOIN callcenterlogs AS T2 ON T1.client_id = T2.rand client WHERE T2.server = 'ZOHARI' ;
SELECT COUNT(CNAME) FROM ( SELECT T1.company_name AS CNAME FROM production_company AS T1 INNER JOIN movie_company AS T2 ON T1.company_id = T2.company_id INNER JOIN movie AS T3 ON T2.movie_id = T3.movie_id WHERE T3.title = 'Four Rooms' ) ;,SELECT COUNT(DISTINCT T3.company_id) FROM movie AS T1 INNER JOIN movie_company AS T2 ON T1.movie_id = T2.movie_id INNER JOIN production_company AS T3 ON T2.company_id = T3.company_id WHERE T1.title = 'Four Rooms' ;
SELECT T2.direction FROM cars AS T1 INNER JOIN trains AS T2 ON T1.train_id = T2.id WHERE T1.load_num = 0 ;,SELECT T1.direction FROM trains AS T1 INNER JOIN cars AS T2 ON T1.train_id = T2.id WHERE T2.load_num = 0 ;
SELECT COUNT(T2.award_id) FROM Person AS T1 INNER JOIN Award AS T2 ON T1.person_id = T2.person_id WHERE T1.name = 'Julia Roberts' AND T2.result = 'Nominee' ;,SELECT COUNT(DISTINCT T2.award_id) FROM Person AS T1 INNER JOIN Award AS T2 ON T1.person_id = T2.person_id WHERE T1.name = 'Julia Roberts' AND T1.result = 'Nominee' ;
SELECT COUNT(DISTINCT T1.license_no) FROM establishment AS T1 INNER JOIN inspection AS T2 ON T1.license_no = T2.license_no WHERE T2.inspection_date BETWEEN '2010-01-01' AND '2015-12-31' AND T1.ward = 42 AND T1.license_no IN ( SELECT license_no FROM ( SELECT license_no FROM inspection WHERE results = 'Fail' GROUP BY license_no HAVING COUNT(results) >= 5 ) ) ;,SELECT COUNT(T1.license_no) FROM establishment AS T1 INNER JOIN inspection AS T2 ON T1.license_no = T2.license_no WHERE T2.inspection_date BETWEEN '2010-01-01' AND '2015-12-31' AND T1.ward = 42 AND T1.results = 'Fail' ;
SELECT T2.s_address FROM partsupp AS T1 INNER JOIN supplier AS T2 ON T1.ps_suppkey = T2.s_suppkey INNER JOIN part AS T3 ON T1.ps_partkey = T3.p_partkey ORDER BY T3.p_size DESC LIMIT 1 ;,SELECT T3.s_address FROM part AS T1 INNER JOIN partsupp AS T2 ON T1.ps_partkey = T2.ps_partkey INNER JOIN supplier AS T3 ON T2.s_suppkey = T3.s_suppkey ORDER BY T1.p_size DESC LIMIT 1 ;
SELECT COUNT(T1.user_id) FROM lists_users AS T1 INNER JOIN lists AS T2 ON T1.list_id = T2.list_id WHERE T2.list_followers > 3000 AND T1.user_has_payment_method = 1 ;,SELECT COUNT(DISTINCT T1.list_id) FROM lists AS T1 INNER JOIN lists_users AS T2 ON T1.list_id = T2.list_id WHERE T2.user_has_payment_method = 1 ;
SELECT COUNT(p_partkey) FROM part WHERE p_container = 'JUMBO CASE' ;,SELECT COUNT(p_partkey) FROM part WHERE p_container = 'JUMBO CASE' ;
"SELECT COUNT(CASE WHEN T2.name IS NULL THEN T1.name END) AS ""number"" FROM person AS T1 LEFT JOIN disabled AS T2 ON T2.name = T1.name ;",SELECT COUNT(T1.name) FROM disabled AS T1 INNER JOIN person AS T2 ON T1.name = T2.name ;
SELECT SUM(CASE WHEN T1.date = '1898-11-17' THEN 1 ELSE 0 END) FROM Menu AS T1 INNER JOIN MenuPage AS T2 ON T1.id = T2.menu_id ;,SELECT COUNT(T1.page_count) FROM Menu AS T1 INNER JOIN MenuPage AS T2 ON T1.id = T2.menu_id WHERE T2.date = '1898-11-17' ;
"SELECT SUM(T2.Quantity) FROM Products AS T1 INNER JOIN Sales AS T2 ON T1.ProductID = T2.ProductID WHERE SUBSTR(T1.Name, 1, 1) = 'C' ;",SELECT SUM(T2.Quantity) FROM Products AS T1 INNER JOIN Sales AS T2 ON T1.ProductID = T2.ProductID WHERE T1.Name LIKE 'C%' ;
SELECT DISTINCT T1.title FROM book AS T1 INNER JOIN book_language AS T2 ON T1.language_id = T2.language_id WHERE T2.language_name = 'British English' ;,SELECT T1.title FROM book AS T1 INNER JOIN book_language AS T2 ON T1.language_id = T2.language_id WHERE T2.language_name = 'British English' ;
"SELECT T2.date_posted, T1.item_name FROM resources AS T1 INNER JOIN projects AS T2 ON T1.projectid = T2.projectid WHERE T2.date_posted = ( SELECT date_posted FROM projects ORDER BY date_posted ASC LIMIT 1 ) ;","SELECT T2.date, T2.item_name FROM resources AS T1 INNER JOIN projects AS T2 ON T1.projectid = T2.projectid WHERE T1.date_posted = '2014-05-05' ;"
SELECT CASE WHEN T1.MakeFlag = 1 THEN T1.Name END FROM Product AS T1 INNER JOIN ProductSubcategory AS T2 ON T1.ProductSubcategoryID = T2.ProductSubcategoryID INNER JOIN ProductCategory AS T3 ON T2.ProductCategoryID = T3.ProductCategoryID WHERE T2.ProductSubcategoryID = 3 ;,SELECT T3.Name FROM Product AS T1 INNER JOIN ProductSubcategory AS T2 ON T1.ProductSubcategoryID = T2.ProductSubcategoryID INNER JOIN Product AS T3 ON T2.ProductCategoryID = T3.ProductCategoryID WHERE T1.MakeFlag = 1 AND T1.FinishedGoodsFlag = 1 ;
"SELECT strftime('%Y', Date received), COUNT(Date received) FROM events WHERE product = 'Credit card' AND issue = 'Overlimit fee' GROUP BY strftime('%Y', Date received) HAVING COUNT(Date received) ;",SELECT COUNT(*) FROM events WHERE Product = 'Credit card' AND Issue = 'Overlimit fee' ;
SELECT T1.address FROM address AS T1 INNER JOIN customer AS T2 ON T1.address_id = T2.address_id WHERE T2.first_name = 'SUSAN' AND T1.postal_code = 77948 ;,SELECT T1.address FROM address AS T1 INNER JOIN customer AS T2 ON T1.address_id = T2.address_id WHERE T2.postal_code = '77948' ;
SELECT sport_name FROM sport WHERE id = 19 ;,SELECT sport_name FROM sport WHERE id = 19 ;
SELECT T2.Infant_Mortality * T1.Population * T2.Population_Growth FROM country AS T1 INNER JOIN population AS T2 ON T1.Code = T2.Country WHERE T1.Name = 'Switzerland' ;,SELECT CAST(SUM(T2.Infant_Mortality * T1.Population * T1.Population_Growth) AS REAL) * 100 / T1.Population_Growth FROM country AS T1 INNER JOIN population AS T2 ON T1.Code = T2.Country WHERE T1.Name = 'Switzerland' ;
"SELECT T1.First, T1.Last, strftime('%J', ReviewDate) - strftime('%J', FirstPurchaseDate) AS TIMEAGO FROM customers AS T1 INNER JOIN rootbeerreview AS T2 ON T1.CustomerID = T2.CustomerID LIMIT 1 ;","SELECT T2.First, T1.Last FROM customers AS T1 INNER JOIN rootbeerreview AS T2 ON T1.CustomerID = T2.CustomerID WHERE T1.ReviewDate LIKE '%2013%' AND T1.Last = 'T1.FirstPurchaseDate' ;"
"SELECT T2.first_name, T2.last_name FROM address AS T1 INNER JOIN customer AS T2 ON T1.address_id = T2.address_id WHERE T1.address = '692 Joliet Street' ;","SELECT T1.first_name, T1.last_name FROM customer AS T1 INNER JOIN address AS T2 ON T1.address_id = T2.address_id WHERE T2.address = 692 Joliet Street ;"
SELECT Title FROM works WHERE GenreType = 'History' LIMIT 5 ;,SELECT Title FROM works WHERE GenreType = 'History' ;
"SELECT DISTINCT T3.ProductName FROM Orders AS T1 INNER JOIN Order Details AS T2 ON T1.OrderID = T2.OrderID INNER JOIN Products AS T3 ON T2.ProductID = T3.ProductID WHERE DATEDIFF(T1.ShippedDate, T1.RequiredDate)  0 ;",SELECT T2.ProductName FROM Orders AS T1 INNER JOIN Products AS T2 ON T1.ProductID = T2.ProductID GROUP BY T1.ProductName ORDER BY COUNT(T1.ShippedDate) DESC LIMIT 1 ;
"SELECT T1.app_id, T2.timestamp FROM app_events AS T1 INNER JOIN events AS T2 ON T2.event_id = T1.event_id WHERE T2.event_id = 82 ;","SELECT T2.app_id, T2.timestamp FROM app_events AS T1 INNER JOIN events AS T2 ON T1.event_id = T2.event_id WHERE T1.event_id = 82 ;"
"SELECT T2.Latitude, T2.Longitude FROM location AS T1 INNER JOIN geolocation AS T2 ON T1.LocationID = T2.LocationID WHERE T1.ZipCode = 95819 ;","SELECT T2.Latitude, T2.Longitude FROM location AS T1 INNER JOIN geolocation AS T2 ON T1.LocationID = T2.LocationID WHERE T1.zipCode = 95819 ;"
SELECT COUNT(T2.schoolid) FROM resources AS T1 INNER JOIN projects AS T2 ON T1.projectid = T2.projectid WHERE T2.resource_type = 'Books' AND T2.school_metro = 'urban' ;,SELECT COUNT(T1.schoolid) FROM resources AS T1 INNER JOIN projects AS T2 ON T1.projectid = T2.projectid WHERE T2.school_metro = 'urban' AND T1.resource_type = 'Books' ;
"SELECT T1.courseLevel, T2.p_id FROM course AS T1 INNER JOIN taughtBy AS T2 ON T1.course_id = T2.course_id WHERE T2.course_id = 165 ;",SELECT T3.courseLevel FROM taughtBy AS T1 INNER JOIN person AS T2 ON T1.p_id = T2.p_id INNER JOIN course AS T3 ON T2.course_id = T3.course_id WHERE T1.course_id = 165 ;
SELECT MAX(avgspeed) FROM weather ;,SELECT MAX(avgspeed) FROM weather ;
"SELECT CASE WHEN T2.make = 'Peterbilt' THEN 'Texas (TX)' WHEN T2.make = 'Mack' THEN 'North Carolina (NC)' WHEN T2.make = 'Kenworth' THEN 'Washington (WA)' END AS ""result"" FROM shipment AS T1 INNER JOIN truck AS T2 ON T1.truck_id = T2.truck_id WHERE CAST(T1.ship_date AS DATE) = 2016 GROUP BY T2.make ORDER BY COUNT(T1.ship_id) DESC LIMIT 1 ;",SELECT T1.truck_id FROM truck AS T1 INNER JOIN shipment AS T2 ON T1.truck_id = T2.truck_id WHERE T2.make = 'Mack' AND T1.make = 'Kenworth' AND T1.ship_date LIKE '2016%' GROUP BY T1.truck_id ORDER BY COUNT(T1.truck_id) DESC LIMIT 1 ;
SELECT T1.id FROM cars AS T1 INNER JOIN trains AS T2 ON T1.train_id = T2.id WHERE T2.direction = 'east' AND T1.sides = 'double' ;,SELECT T1.id FROM cars AS T1 INNER JOIN trains AS T2 ON T1.train_id = T2.id WHERE T2.direction = 'west' AND T1.sides = 'double' ;
"SELECT AVG(T1.revenue) FROM movie AS T1 INNER JOIN production_COUNTry AS T2 ON T1.movie_id = T2.movie_id INNER JOIN COUNTry AS T3 ON T2.COUNTry_id = T3.COUNTry_id WHERE T3.COUNTry_name = 'United States of America' AND CAST(STRFTIME('%Y', T1.release_date) AS INT) = 2006 ;",SELECT AVG(T3.revenue) FROM movie AS T1 INNER JOIN production_production_production_production_production_production_production_production_production_production_production_production_production_production_production_production_production_production_production_production_production_production_production_production_production_production_production_production_production_production_production_production_production_production_production_production_production_production_production_production_production_production_production_production_production_production_name = 'United States of America' ;
SELECT organ FROM enlist WHERE name ='student285' ;,SELECT organ FROM enlist WHERE student285 ;
SELECT PlannedCost - ActualCost FROM WorkOrderRouting WHERE ProductID = 818 ;,SELECT ActualCost FROM WorkOrderRouting WHERE ProductID = 818 ;
SELECT T1.games_name FROM games AS T1 INNER JOIN games_competitor AS T2 ON T1.id = T2.games_id INNER JOIN person AS T3 ON T2.person_id = T3.id WHERE T3.full_name = 'Georgios Abaris' ;,SELECT T3.games_name FROM person AS T1 INNER JOIN games_competitor AS T2 ON T1.id = T2.person_id INNER JOIN games AS T3 ON T2.games_id = T3.id WHERE T1.full_name = 'Georgios Abaris' ;
SELECT T3.CardNumber FROM Person AS T1 INNER JOIN PersonCreditCard AS T2 ON T1.BusinessEntityID = T2.BusinessEntityID INNER JOIN CreditCard AS T3 ON T2.CreditCardID = T3.CreditCardID WHERE T1.FirstName = 'David' AND T1.LastName = 'Bradley' ;,SELECT T3.CardNumber FROM Person AS T1 INNER JOIN PersonCreditCard AS T2 ON T1.BusinessEntityID = T2.BusinessEntityID INNER JOIN CreditCard AS T3 ON T2.CreditCardID = T3.CreditCardID WHERE T1.FirstName = 'David' AND T1.LastName = 'Bradley' ;
SELECT DISTINCT T2.p_id FROM course AS T1 INNER JOIN taughtBy AS T2 ON T1.course_id = T2.course_id WHERE T1.courseLevel = 'Level_400' OR T1.courseLevel = 'Level_500' ;,SELECT T3.p_id FROM course AS T1 INNER JOIN taughtBy AS T2 ON T1.course_id = T2.course_id INNER JOIN person AS T3 ON T2.p_id = T3.p_id WHERE T1.courseLevel = 'Level_400' ;
"SELECT T1.First, T1.Last, T2.CreditCardType FROM customers AS T1 INNER JOIN transaction AS T2 ON T1.CustomerID = T2.CustomerID GROUP BY T1.CustomerID ORDER BY SUM(T2.PurchasePrice) DESC LIMIT 10 ;","SELECT T2.First, T1.Last, T1.CreditCardType FROM customers AS T1 INNER JOIN transaction AS T2 ON T1.CustomerID = T2.CustomerID WHERE T1.PurchasePrice = 10 GROUP BY T1.CreditCardType ORDER BY COUNT(T1.CustomerID) DESC LIMIT 10 ;"
"SELECT IIF(SUM(IIF(l_shipmode = 'RAIL', 1, 0)) - SUM(IIF(l_shipmode = 'MAIL', 1, 0)), 'RAIL', 'MAIL') AS result FROM lineitem WHERE l_shipinstruct = 'DELIVER IN PERSON' ;",SELECT l_shipmode FROM lineitem WHERE l_shipinstruct = 'DELIVER IN PERSON' ;
"SELECT T2.Customer Name FROM east_superstore AS T1 INNER JOIN people AS T2 ON T1.Customer ID = T2.Customer ID WHERE T2.Segment = 'Corporate' AND T2.State = 'Rhode Island' AND T2.Region = 'East' AND STRFTIME('%Y', T1.Order Date) = '2016' GROUP BY T2.Customer Name ORDER BY COUNT(T2.Customer Name) DESC LIMIT 1 ;",SELECT T2.Customer Name FROM east_superstore AS T1 INNER JOIN people AS T2 ON T1.Customer ID = T2.Customer ID WHERE T1.Segment = 'Corporate' AND T1.Region = 'East' AND T1.Order Date BETWEEN '2016-01-01' AND '2016-12-31' AND T1.Segment = 'East' GROUP BY T1.Customer Name ORDER BY COUNT(T2.Customer Name) DESC LIMIT 1 ;
SELECT T5.attribute_name FROM Business_Hours AS T1 INNER JOIN Days AS T2 ON T1.day_id = T2.day_id INNER JOIN Business AS T3 ON T1.business_id = T3.business_id INNER JOIN Business_Attributes AS T4 ON T3.business_id = T4.business_id INNER JOIN Attributes AS T5 ON T4.attribute_id = T5.attribute_id WHERE T2.day_id LIKE '1' AND '2' AND '3' AND '4' AND '5' AND '6' AND '7' AND T1.opening_time = T1.closing_time GROUP BY T5.attribute_name ;,SELECT T3.attribute_name FROM Business AS T1 INNER JOIN Business_Hours AS T2 ON T1.business_id = T2.business_id INNER JOIN Days AS T3 ON T2.day_id = T3.day_id INNER JOIN Attributes AS T4 ON T3.attribute_id = T4.attribute_id WHERE T1.closing_time = '24 hours' ;
SELECT COUNT(T1.CustomerID) FROM customers AS T1 INNER JOIN transaction AS T2 ON T1.CustomerID = T2.CustomerID INNER JOIN rootbeer AS T3 ON T2.RootBeerID = T3.RootBeerID INNER JOIN rootbeerbrand AS T4 ON T3.BrandID = T4.BrandID WHERE T1.Gender = 'F' AND T4.ArtificialSweetener = 'TRUE' ;,SELECT COUNT(T1.CustomerID) FROM customers AS T1 INNER JOIN transaction AS T2 ON T1.CustomerID = T2.CustomerID INNER JOIN rootbeerbrand AS T3 ON T2.BrandID = T3.BrandID WHERE T3.Gender = 'F' AND T3.ArtificialSweetener = 'TRUE' ;
SELECT T3.keyword_name FROM movie AS T1 INNER JOIN movie_keywords AS T2 ON T1.movie_id = T2.movie_id INNER JOIN keyword AS T3 ON T2.keyword_id = T3.keyword_id WHERE T1.release_date LIKE '2006%' GROUP BY T3.keyword_name ORDER BY COUNT(T3.keyword_name) DESC LIMIT 1 ;,SELECT T3.keyword_name FROM movie AS T1 INNER JOIN movie_keywords AS T2 ON T1.movie_id = T2.movie_id INNER JOIN keyword AS T3 ON T2.keyword_id = T3.keyword_id WHERE T1.release_date LIKE '%2006%' GROUP BY T3.keyword_name ORDER BY COUNT(T3.keyword_name) DESC LIMIT 1 ;
SELECT COUNT(CardNumber) FROM CreditCard WHERE CardType = 'vista' ;,SELECT COUNT(CardID) FROM CreditCard WHERE CardType = 'Vista' ;
SELECT COUNT(DISTINCT T3.character_id) FROM works AS T1 INNER JOIN chapters AS T2 ON T1.id = T2.work_id INNER JOIN paragraphs AS T3 ON T2.id = T3.chapter_id WHERE T1.Title = 'Hamlet' ;,SELECT COUNT(T1.character_id) FROM works AS T1 INNER JOIN chapters AS T2 ON T1.id = T2.work_id INNER JOIN paragraphs AS T3 ON T2.id = T3.work_id WHERE T3.Title = 'Hamlet' ;
SELECT DISTINCT T1.RepoId FROM Solution AS T1 INNER JOIN Method AS T2 ON T1.Id = T2.SolutionId WHERE T2.Lang = 'ro' ;,SELECT T2.RepoId FROM Solution AS T1 INNER JOIN Method AS T2 ON T1.Id = T2.SolutionId WHERE T1.Lang = 'ro' ;
"SELECT T2.author_id, T2.rating, T2.created_at FROM podcasts AS T1 INNER JOIN reviews AS T2 ON T2.podcast_id = T1.podcast_id WHERE T1.title = 'In The Thick' GROUP BY T2.author_id, T2.rating, T2.created_at ;","SELECT T1.author_id, T2.rating, T2.created_at FROM podcasts AS T1 INNER JOIN reviews AS T2 ON T2.podcast_id = T1.podcast_id WHERE T1.title = 'In The Thick' ;"
SELECT CAST(SUM(CASE WHEN T1.vendor_name = 'Best Buy for Business' THEN 1 ELSE 0 END) AS REAL) * 100 / COUNT(T1.projectid) FROM resources AS T1 INNER JOIN projects AS T2 ON T1.projectid = T2.projectid WHERE T1.project_resource_type = 'Technology' UNION ALL SELECT DISTINCT T1.date_posted FROM projects AS T1 INNER JOIN resources AS T2 ON T1.projectid = T2.projectid WHERE T2.vendor_name = 'Best Buy for Business' AND T2.project_resource_type = 'Technology' ;,SELECT CAST(COUNT(CASE WHEN T2.vendor_name = 'Best Buy for Business' THEN 1 ELSE NULL END) AS REAL) * 100 / COUNT(T1.projectid) FROM resources AS T1 INNER JOIN projects AS T2 ON T1.projectid = T2.projectid WHERE T1.project_resource_type = 'Technology' ;
"SELECT CAST(SUM(IIF(c_acctbal  0, 1, 0)) AS REAL) * 100 / COUNT(c_custkey) FROM customer ;",SELECT CAST(COUNT(CASE WHEN c_acctbal  0 THEN 1 ELSE NULL END) AS REAL) * 100 / COUNT(c_custkey) FROM customer ;
SELECT COUNT(T1.person_id) FROM person_region AS T1 INNER JOIN noc_region AS T2 ON T1.region_id = T2.id WHERE T2.region_name = 'Finland' ;,SELECT COUNT(T1.person_id) FROM person_region AS T1 INNER JOIN games_competitor AS T2 ON T1.id = T2.region_id INNER JOIN noc_region AS T3 ON T2.id = T3.region_id WHERE T3.region_name = 'Finland' ;
"SELECT CAST(SUM(IIF(T2.act = 5, 1, 0)) AS REAL) * 100 / COUNT(T2.act) FROM works AS T1 INNER JOIN chapters AS T2 ON T1.id = T2.work_id WHERE T1.Title = 'Titus Andronicus' ;",SELECT CAST(SUM(CASE WHEN T2.Act = 5 THEN 1 ELSE 0 END) AS REAL) * 100 / COUNT(T1.id) FROM works AS T1 INNER JOIN chapters AS T2 ON T1.id = T2.work_id WHERE T1.Title = 'Titus Andronicus' ;
SELECT T2.DATE - T1.birthdate AS age FROM patients AS T1 INNER JOIN encounters AS T2 ON T1.patient = T2.PATIENT WHERE T1.first = 'Stacy' AND T1.last = 'Morar' AND T2.DESCRIPTION = 'Emergency Room Admission' AND T2.REASONDESCRIPTION = 'Drug overdose' ORDER BY T2.DATE LIMIT 1 ;,SELECT T2.birthdate FROM encounters AS T1 INNER JOIN patients AS T2 ON T1.patient = T2.PATIENT WHERE T1.first = 'Stacy' AND T1.last = 'Morar' AND T1.REASONDESCRIPTION = 'Drug overdose' ;
SELECT CAST(COUNT(T2.name) AS REAL) * 100 / COUNT(T1.name) FROM person AS T1 LEFT JOIN disabled AS T2 ON T2.name = T1.name ;,SELECT CAST(COUNT(CASE WHEN T2.name IS NULL THEN 1 ELSE NULL END) AS REAL) * 100 / COUNT(T1.name) FROM disabled AS T1 INNER JOIN person AS T2 ON T1.name = T2.name ;
SELECT IMG_ID FROM IMG_REL GROUP BY PRED_CLASS_ID HAVING COUNT(DISTINCT OBJ1_SAMPLE_ID)!= 0 AND COUNT(DISTINCT OBJ2_SAMPLE_ID)!= 0 ;,SELECT IMG_ID FROM IMG_REL WHERE OBJ1_SAMPLE_ID = OBJ2_SAMPLE_ID ;
"SELECT title, words FROM pages WHERE title = ( SELECT MAX(LENGTH(title)) FROM pages ) ;","SELECT T2.title, T2.words FROM pages AS T1 INNER JOIN langs AS T2 ON T1.lid = T2.lid WHERE T1.pid = ( SELECT lid FROM pages WHERE title = 'Wikipedia' ) ;"
SELECT T1.Player_Name FROM Player AS T1 INNER JOIN Country AS T2 ON T1.Country_Name = T2.Country_Id WHERE T2.Country_Name = 'Zimbabwea' ;,SELECT T2.Player_Name FROM Country AS T1 INNER JOIN Player AS T2 ON T1.Country_Name = T2.Country_Id WHERE T1.Country_Name = 'Zimbabwea' ;
SELECT T1.title FROM movie AS T1 INNER JOIN movie_crew AS T2 ON T1.movie_id = T2.movie_id INNER JOIN person AS T3 ON T2.person_id = T3.person_id WHERE T3.person_name = 'Dariusz Wolski' AND T2.job = 'Director of Photography' ORDER BY T1.vote_average DESC LIMIT 1 ;,SELECT T3.title FROM movie AS T1 INNER JOIN movie_crew AS T2 ON T1.movie_id = T2.movie_id INNER JOIN person AS T3 ON T2.person_id = T3.person_id WHERE T1.person_name = 'Dariusz Wolski' AND T1.job = 'Director of Photography' ORDER BY T3.vote_average DESC LIMIT 1 ;
"SELECT T2.Name, T2.Affiliation, T3.ShortName, T3.FullName FROM Paper AS T1 INNER JOIN PaperAuthor AS T2 ON T1.Id = T2.PaperId INNER JOIN Journal AS T3 ON T1.JournalId = T3.Id WHERE T1.Title = 'Decreased Saliva Secretion and Down-Regulation of AQP5 in Submandibular Gland in Irradiated Rats' ;","SELECT T1.Name, T1.Affiliation, T1.FullName FROM Paper AS T1 INNER JOIN PaperAuthor AS T2 ON T1.Id = T2.PaperId INNER JOIN Journal AS T3 ON T2.JournalId = T3.Id WHERE T3.Title = 'Decreased Saliva Secretion and Down-Regulation of AQP5 in Submandibular Gland in Irradiated Rats' ;"
SELECT T1.user_id FROM ratings AS T1 INNER JOIN movies AS T2 ON T1.movie_id = T2.movie_id WHERE T2.movie_title = 'When Will I Be Loved' AND T1.critic_comments = 2 ;,SELECT T2.user_id FROM ratings AS T1 INNER JOIN movies AS T2 ON T1.movie_id = T2.movie_id WHERE T1.movie_title = 'When Will I Be Loved' AND T1.critic_comments = 2 ;
SELECT COUNT(student_id) FROM student WHERE type = 'RPG' ;,SELECT COUNT(student_id) FROM student WHERE type = 'RPG' ;
SELECT COUNT(BusinessEntityID) FROM Person WHERE PersonType = 'SC' AND Title = 'Mr.' ;,SELECT COUNT(BusinessEntityID) FROM Person WHERE PersonType = 'SC' AND Title = 'Mr.' ;
SELECT COUNT(T1.name) FROM disabled AS T1 INNER JOIN enlist AS T2 ON T1.name = T2.name WHERE T2.organ ='marines' ;,SELECT COUNT(T1.name) FROM disabled AS T1 INNER JOIN enlist AS T2 ON T1.name = T2.name WHERE T2.organ ='marines' ;
"SELECT T1.Name FROM country AS T1 INNER JOIN economy AS T2 ON T1.Code = T2.Country ORDER BY T2.GDP DESC, T2.Agriculture ASC LIMIT 1 ;",SELECT T2.Name FROM country AS T1 INNER JOIN economy AS T2 ON T1.Code = T2.Country ORDER BY T1.GDP DESC LIMIT 3 ;
SELECT COUNT(*) FROM ( SELECT COUNT(T2.p_id) FROM course AS T1 INNER JOIN taughtBy AS T2 ON T1.course_id = T2.course_id WHERE T1.courseLevel = 'Level_400' GROUP BY T2.p_id HAVING COUNT(DISTINCT T1.course_id) = 2 ) ;,SELECT COUNT(T1.p_id) FROM person AS T1 INNER JOIN taughtBy AS T2 ON T1.p_id = T2.p_id INNER JOIN course AS T3 ON T2.course_id = T3.course_id WHERE T3.courseLevel = 'Level_400' ;
SELECT l_linenumber FROM lineitem WHERE l_discount = 0.1 LIMIT 3 ;,SELECT T1.ps_supplycost * T2.l_quantity FROM partsupp AS T1 INNER JOIN lineitem AS T2 ON T1.ps_partkey = T2.ps_partkey INNER JOIN part AS T3 ON T2.ps_partkey = T3.ps_partkey WHERE T3.ps_supplycost * T3.ps_supplycost * T3.l_quantity!= ( SELECT l_extendedprice FROM lineitem WHERE T1.l_discount = ( SELECT 0 ) ;
SELECT T3.game_name FROM game_platform AS T1 INNER JOIN game_publisher AS T2 ON T1.game_publisher_id = T2.id INNER JOIN game AS T3 ON T2.game_id = T3.id WHERE T1.release_year = 2007 ;,SELECT T3.game_name FROM game_platform AS T1 INNER JOIN game AS T2 ON T1.id = T2.game_id INNER JOIN game AS T3 ON T2.game_publisher_id = T3.id WHERE T1.release_year = 2007 ;
SELECT SUM(T1.ps_availqty) FROM partsupp AS T1 INNER JOIN part AS T2 ON T1.ps_partkey = T2.p_partkey WHERE T2.p_name = 'hot spring dodger dim light' ;,SELECT SUM(T1.ps_availqty) FROM part AS T1 INNER JOIN nation AS T2 ON T1.p_nationkey = T2.n_nationkey WHERE T2.p_name = 'hot spring dodger dim light' ;
SELECT T1.Capital FROM Country AS T1 INNER JOIN City AS T2 ON T1.Code = T2.CountryCode ORDER BY T1.Population DESC LIMIT 1 ;,SELECT T2.Capital FROM Country AS T1 INNER JOIN City AS T2 ON T1.Code = T2.CountryCode ORDER BY T1.Population DESC LIMIT 1 ;
SELECT COUNT(T1.BrandID) FROM rootbeer AS T1 INNER JOIN rootbeerbrand AS T2 ON T1.BrandID = T2.BrandID INNER JOIN location AS T3 ON T1.LocationID = T3.LocationID WHERE T3.LocationName = 'Sac State American River Courtyard' AND T1.PurchaseDate LIKE '2015%' AND T2.Honey = 'TRUE' AND T2.CaneSugar = 'FALSE' AND T1.ContainerType = 'Bottle' ;,SELECT COUNT(DISTINCT T3.BrandID) FROM rootbeer AS T1 INNER JOIN transaction AS T2 ON T1.LocationID = T2.LocationID INNER JOIN rootbeerbrand AS T3 ON T2.BrandID = T3.BrandID INNER JOIN location AS T4 ON T3.LocationID = T4.LocationID WHERE T4.ContainerType = 'Bottle' AND T1.PurchaseDate LIKE '2014-07-07' AND T1.CurrentName = 'TRUE' ;
SELECT CAST(COUNT(CASE WHEN ContainerType = 'Can' THEN RootBeerID ELSE NULL END) AS REAL) * 100 / COUNT(RootBeerID) FROM rootbeer WHERE PurchaseDate LIKE '2014%' ;,SELECT CAST(SUM(CASE WHEN PurchaseDate >= '2014-01-01' THEN 1 ELSE 0 END) AS REAL) * 100 / COUNT(*) FROM rootbeer WHERE ContainerType = 'Can' AND PurchaseDate = '2014-12-31' ;
SELECT Name FROM Store WHERE SalesPersonID = 277 ;,SELECT T2.Name FROM SalesPerson AS T1 INNER JOIN Store AS T2 ON T1.BusinessEntityID = T2.BusinessEntityID WHERE T1.SalesPersonID = 277 ;
SELECT T2.Language FROM Country AS T1 INNER JOIN CountryLanguage AS T2 ON T1.Code = T2.CountryCode WHERE T1.Name = 'Malaysia' ;,SELECT T1.Language FROM Country AS T1 INNER JOIN CountryLanguage AS T2 ON T1.Code = T2.CountryCode WHERE T2.Name = 'Malaysia' ;
"SELECT SUM(CASE WHEN T2.year = 2011 THEN T2.grad_cohort ELSE 0 END), SUM(CASE WHEN T2.year = 2012 THEN T2.grad_cohort ELSE 0 END), SUM(CASE WHEN T2.year = 2013 THEN T2.grad_cohort ELSE 0 END) FROM institution_details AS T1 INNER JOIN institution_grads AS T2 ON T1.unitid = T2.unitid WHERE T2.gender = 'B' AND T2.race = 'X' AND T1.chronname = 'Auburn University' ;",SELECT COUNT(T1.grad_cohort) FROM institution_details AS T1 INNER JOIN institution_grads AS T2 ON T1.unitid = T2.unitid WHERE T2.chronname = 'Auburn University' AND T2.year BETWEEN 2011 AND 2013 AND T2.race = 'X' ;
"SELECT CAST(COUNT(PATIENT) AS REAL) / COUNT(DISTINCT strftime('%Y', DATE)) FROM procedures WHERE DESCRIPTION = 'Combined chemotherapy and radiation therapy (procedure)' ;",SELECT CAST(COUNT(DISTINCT CASE WHEN DESCRIPTION = 'Combined chemotherapy and radiation therapy (procedure)' THEN 1 ELSE NULL END) AS REAL) / COUNT(DISTINCT CASE WHEN DESCRIPTION = 'Combined chemotherapy and radiation therapy (procedure)' THEN 1 ELSE NULL END) FROM procedures ;
"SELECT DISTINCT T1.year, T2.name, T1.coachID FROM coaches AS T1 INNER JOIN teams AS T2 ON T1.tmID = T2.tmID WHERE CAST(T1.won AS REAL) / CAST((T1.won + T1.lost) AS REAL) > 0.75 ;","SELECT T1.year, T1.name, T1.name FROM coaches AS T1 INNER JOIN teams AS T2 ON T1.tmID = T2.tmID AND T1.year = T2.year WHERE T2.won > 75 ;"
SELECT COUNT(T1.category_id) FROM Categories AS T1 INNER JOIN Business_Categories AS T2 ON T1.category_id = T2.category_id WHERE T1.category_name LIKE 'Shopping' ;,SELECT COUNT(T1.business_id) FROM Business AS T1 INNER JOIN Business_Categories AS T2 ON T1.business_id = T2.business_id INNER JOIN Categories AS T3 ON T2.category_id = T3.category_id WHERE T3.category_name = 'Shopping' ;
SELECT COUNT(business_id) FROM Business WHERE state LIKE 'AZ' AND active LIKE 'True' ;,SELECT COUNT(business_id) FROM Business WHERE state LIKE 'AZ' AND active LIKE 'TRUE' ;
SELECT CAST(SUM(CASE WHEN T1.MARITAL_STATUS = 'never married' THEN 1.0 ELSE 0 END) AS REAL) * 100 / COUNT(*) FROM Customers AS T1 INNER JOIN Demog AS T2 ON T1.GEOID = T2.GEOID WHERE T1.GEOID = 24 ;,SELECT CAST(COUNT(CASE WHEN T2.age > 65 THEN 1 ELSE NULL END) AS REAL) * 100 / COUNT(T1.ID) FROM Customers AS T1 INNER JOIN Demog AS T2 ON T1.GEOID = T2.GEOID WHERE T1.GEOID = 24 AND T1.MARITAL_STATUS = 'Never-married' ;
SELECT AVG(T1.annual_revenue) FROM customer AS T1 INNER JOIN shipment AS T2 ON T1.cust_id = T2.cust_id WHERE T2.weight  65000 ;,SELECT AVG(T2.annual_revenue) FROM shipment AS T1 INNER JOIN customer AS T2 ON T1.cust_id = T2.cust_id WHERE T1.weight  65000 ;
SELECT SUM(T2.Scene) / COUNT(T2.Act) FROM works AS T1 INNER JOIN chapters AS T2 ON T1.id = T2.work_id WHERE T1.Title = 'Twelfth Night' ;,SELECT CAST(SUM(T2.Scene) AS REAL) / COUNT(T1.id) FROM works AS T1 INNER JOIN chapters AS T2 ON T1.id = T2.work_id WHERE T1.Title = 'Twelfth Night' ;
SELECT COUNT(DISTINCT T1.Name) FROM country AS T1 INNER JOIN language AS T2 ON T1.Code = T2.Country INNER JOIN population AS T3 ON T3.Country = T2.Country WHERE T2.Name = 'Bosnian' AND T3.Population_Growth  0 ;,SELECT COUNT(T1.Name) FROM country AS T1 INNER JOIN population AS T2 ON T1.Code = T2.Country INNER JOIN language AS T3 ON T3.Country = T2.Country WHERE T3.Name = 'Bosnian' AND T3.Population_Growth IS NOT NULL ;
SELECT CAST(T1.num_students * T1.pct_female_students AS REAL) / 100 FROM university_year AS T1 INNER JOIN university AS T2 ON T1.university_id = T2.id WHERE T1.year = 2011 AND T2.university_name = 'University of Pennsylvania' ;,SELECT CAST(SUM(T2.num_students * T1.pct_female_students) AS REAL) * 100 / T2.num_students FROM university AS T1 INNER JOIN university_year AS T2 ON T1.university_id = T2.id WHERE T1.year = 2011 AND T1.university_name = 'University of Pennsylvania' ;
SELECT COUNT(T1.movieid) FROM movies AS T1 INNER JOIN movies2directors AS T2 ON T1.movieid = T2.movieid WHERE T1.country = 'USA' AND T1.isEnglish = 'F' AND T2.genre = 'Action' ;,SELECT COUNT(DISTINCT T1.movieid) FROM movies AS T1 INNER JOIN movies2directors AS T2 ON T1.movieid = T2.movieid WHERE T2.country = 'USA' AND T1.genre = 'action' AND T1.isEnglish = 'F' ;
"SELECT T2.GeneID1, T2.GeneID2 FROM Genes AS T1 INNER JOIN Interactions AS T2 ON T1.GeneID = T2.GeneID1 WHERE T1.Localization = 'cytoplasm' AND T1.Chromosome = 7 ;",SELECT T1.Motif FROM Genes AS T1 INNER JOIN Interactions AS T2 ON T1.GeneID = T2.GeneID1 WHERE T2.Localization = 'cytoplasm' AND T2.Chromosome = 7 ;
SELECT CAST(COUNT(CASE WHEN T2.StarRating > 3 THEN 1 ELSE NULL END) AS REAL) * 100 / COUNT(T2.CustomerID) FROM customers AS T1 INNER JOIN rootbeerreview AS T2 ON T1.CustomerID = T2.CustomerID WHERE T1.SubscribedToEmailList = 'FALSE' ;,SELECT CAST(SUM(CASE WHEN T2.StarRating > 3 THEN 1 ELSE 0 END) AS REAL) * 100 / COUNT(T1.CustomerID) FROM customers AS T1 INNER JOIN rootbeerreview AS T2 ON T1.CustomerID = T2.CustomerID WHERE T1.SubscribedToEmailList = 'FALSE' ;
"SELECT MAX(T2.Value) FROM Country AS T1 INNER JOIN Indicators AS T2 ON T1.CountryCode = T2.CountryCode WHERE T1.IncomeGroup = 'Upper middle income' AND T2.Year = 1960 AND T2.IndicatorName = 'Population, total' ;",SELECT T2.Value FROM Country AS T1 INNER JOIN Indicators AS T2 ON T1.CountryCode = T2.CountryCode WHERE T1.IncomeGroup = 'Upper middle income' AND T1.Year = 1960 ORDER BY T1.Value DESC LIMIT 1 ;
SELECT birth_country FROM Person WHERE name = 'Michael Preston' ;,SELECT birth_country FROM Person WHERE name = 'Michael Preston' ;
SELECT T1.country FROM country AS T1 INNER JOIN city AS T2 ON T1.country_id = T2.country_id WHERE T2.city = 'Clarksville' ;,SELECT T1.country FROM country AS T1 INNER JOIN city AS T2 ON T1.country_id = T2.country_id WHERE T2.city = 'Clarksville' ;
SELECT Name FROM Country ORDER BY Population DESC LIMIT 1 ;,SELECT Name FROM Country ORDER BY Population DESC LIMIT 1 ;
SELECT COUNT(*) FROM current AS T1 INNER JOIN current-terms AS T2 ON T1.bioguide_id = T2.bioguide WHERE T1.official_full_name = 'Sherrod Brown' AND T2.district = 13 ;,SELECT COUNT(T2.title) FROM current AS T1 INNER JOIN current-terms AS T2 ON T1.bioguide_id = T2.bioguide WHERE T1.first_name = 'Sherrod Brown' AND T1.official_full_name = 'Brown' ;
SELECT T2.locationcity FROM employee AS T1 INNER JOIN location AS T2 ON T1.locationID = T2.locationID WHERE T1.firstname = 'Jose' AND T1.lastname = 'Rodriguez' ;,SELECT T2.locationcity FROM employee AS T1 INNER JOIN location AS T2 ON T1.locationID = T2.locationID WHERE T1.firstname = 'Jose' AND T1.lastname = 'Rodriguez' ;
SELECT CAST(COUNT(CASE WHEN T1.height_in_cm  200 AND T2.nation = 'Russia' THEN T2.ELITEID ELSE NULL END) AS REAL) * 100 / COUNT(T2.ELITEID) FROM height_info AS T1 INNER JOIN PlayerInfo AS T2 ON T1.height_id = T2.height ;,SELECT CAST(SUM(CASE WHEN T2.height_in_cm  200 THEN 1 ELSE 0 END) AS REAL) * 100 / COUNT(T1.ELITEID) FROM PlayerInfo AS T1 INNER JOIN height_info AS T2 ON T1.height = T2.height_id WHERE T1.nation = 'Russia' ;
SELECT DISTINCT T2.state FROM area_code AS T1 INNER JOIN zip_data AS T2 ON T1.zip_code = T2.zip_code WHERE T1.area_code = 787 ;,SELECT T2.state FROM area_code AS T1 INNER JOIN zip_data AS T2 ON T1.zip_code = T2.zip_code WHERE T1.area_code = 787 ;
"SELECT T2.date, AVG(T2.min_temperature_f) FROM trip AS T1 INNER JOIN weather AS T2 ON T2.zip_code = T1.zip_code GROUP BY T2.date ORDER BY COUNT(T1.start_date) DESC LIMIT 1 ;",SELECT CAST(SUM(CASE WHEN T2.start_date = '8/29/2013 9:31' THEN 1 ELSE 0 END) AS REAL) * 100 / COUNT(T1.id) FROM trip AS T1 INNER JOIN weather AS T2 ON T1.zip_code = T2.zip_code ;
SELECT COUNT(T2.EmployeeID) FROM Territories AS T1 INNER JOIN EmployeeTerritories AS T2 ON T1.TerritoryID = T2.TerritoryID INNER JOIN Region AS T3 ON T1.RegionID = T3.RegionID WHERE T3.RegionDescription = 'Northern' ;,SELECT COUNT(T1.Employee) FROM Region AS T1 INNER JOIN Region AS T2 ON T1.RegionID = T2.RegionID WHERE T2.RegionDescription = 'Northern' ;
SELECT T1.ship_id FROM shipment AS T1 INNER JOIN driver AS T2 ON T1.driver_id = T2.driver_id WHERE T2.first_name = 'Zachery' AND T2.last_name = 'Hicks' ORDER BY T1.weight DESC LIMIT 1 ;,SELECT T2.ship_id FROM shipment AS T1 INNER JOIN driver AS T2 ON T1.driver_id = T2.driver_id ORDER BY T1.weight DESC LIMIT 1 ;
SELECT COUNT(email) FROM client WHERE email NOT LIKE '%@gmail.com' ;,SELECT COUNT(client_id) FROM client WHERE email NOT LIKE '%@gmail.com' ;
SELECT COUNT(app_id) FROM app_events WHERE is_active = 1 ;,SELECT COUNT(app_id) FROM app_events WHERE is_active = 1 ;
SELECT CAST(COUNT(CASE WHEN T3.COUNTry_iso_code = 'US' THEN T1.movie_id ELSE NULL END) AS REAL) * 100 / COUNT(T1.movie_id) FROM movie AS T1 INNER JOIN production_COUNTry AS T2 ON T1.movie_id = T2.movie_id INNER JOIN COUNTry AS T3 ON T2.COUNTry_id = T3.COUNTry_id ;,SELECT CAST(COUNT(CASE WHEN T3.country_iso_code = 'US' THEN 1 ELSE NULL END) AS REAL) * 100 / COUNT(T3.movie_id) FROM production_production_production_production_production_production_production_production_production_production_production_production_production_production_production_production_production_production_production_production_production_production_production_production_production_production_production_production_name ;
SELECT COUNT(T3.Name) FROM country AS T1 INNER JOIN province AS T2 ON T1.Code = T2.Country INNER JOIN city AS T3 ON T3.Province = T2.Name WHERE T1.Name = 'Japan' ;,SELECT COUNT(T1.Name) FROM country AS T1 INNER JOIN city AS T2 ON T1.Code = T2.Country INNER JOIN province AS T3 ON T3.Name = T2.Province WHERE T3.Name = 'Japan' ;
SELECT T2.city FROM client AS T1 INNER JOIN district AS T2 ON T1.district_id = T2.district_id WHERE T2.division = 'West North Central' AND T1.age > 60 GROUP BY T2.city ORDER BY COUNT(T2.city) DESC LIMIT 1 ;,SELECT T2.city FROM client AS T1 INNER JOIN district AS T2 ON T1.district_id = T2.district_id WHERE T1.age > 60 AND T1.division = 'West North Central' GROUP BY T2.city ORDER BY COUNT(T1.client_id) DESC LIMIT 1 ;
"SELECT COUNT(T2.inspection_id) FROM employee AS T1 INNER JOIN inspection AS T2 ON T1.employee_id = T2.employee_id WHERE strftime('%Y', T2.inspection_date) = '2010' AND T1.first_name = 'Joshua' AND T1.last_name = 'Rosa' ;",SELECT COUNT(T1.inspection_id) FROM employee AS T1 INNER JOIN inspection AS T2 ON T1.employee_id = T2.employee_id WHERE T2.title = 'Sanitarian' AND T1.first_name = 'Joshua' AND T1.last_name = 'Rosa' AND T1.inspection_date LIKE '2010%' ;
SELECT SUM(CASE WHEN T3.preciptotal > 0.05 THEN units ELSE 0 END) AS sum FROM sales_in_weather AS T1 INNER JOIN relation AS T2 ON T1.store_nbr = T2.store_nbr INNER JOIN weather AS T3 ON T2.station_nbr = T3.station_nbr WHERE T2.store_nbr = 3 AND T1.item_nbr = 5 ;,SELECT COUNT(units) FROM sales_in_weather AS T1 INNER JOIN relation AS T2 ON T1.store_nbr = T2.store_nbr INNER JOIN weather AS T3 ON T2.station_nbr = T3.station_nbr WHERE T3.store_nbr = 3 AND T1.item_nbr = 5 AND T1.preciptotal > 0.05 ;
"SELECT word, wid FROM words ORDER BY occurrences DESC LIMIT 3 ;","SELECT wid, occurrences FROM words WHERE word = ( SELECT MAX(occurrences) FROM words ) ;"
SELECT DISTINCT T1.nameNick FROM Master AS T1 INNER JOIN AwardsPlayers AS T2 ON T1.playerID = T2.playerID WHERE T2.award = 'All-Rookie' AND T1.birthMon = 3 ;,SELECT T2.nameNick FROM Master AS T1 INNER JOIN AwardsPlayers AS T2 ON T1.playerID = T2.playerID WHERE T1.award = 'All-Rookie' AND T1.birthMon = 3 ;
SELECT T1.Title FROM Paper AS T1 INNER JOIN PaperAuthor AS T2 ON T1.Id = T2.PaperId WHERE T2.Name = 'Cheng Huang' AND T2.Affiliation = 'Microsoft' ;,SELECT T2.Title FROM Paper AS T1 INNER JOIN PaperAuthor AS T2 ON T1.Id = T2.PaperId WHERE T1.Name = 'Cheng Huang' AND T1.Affiliation LIKE 'Microsoft %' ;
SELECT T2.name FROM MenuItem AS T1 INNER JOIN Dish AS T2 ON T2.id = T1.dish_id WHERE T1.xpos > 0.75 AND T1.ypos > 0.75 AND T1.menu_page_id = 48706 ;,SELECT T3.name FROM MenuItem AS T1 INNER JOIN MenuPage AS T2 ON T1.id = T2.menu_page_id INNER JOIN Dish AS T3 ON T2.dish_id = T3.id WHERE T1.xpos > 0.75 AND T1.ypos > 0.75 ;
SELECT COUNT(*) FROM ( SELECT T.game_name FROM game AS T WHERE T.game_name LIKE '%FIFA%' ) ;,SELECT COUNT(id) FROM game WHERE game_name LIKE '%FIFA%' ;
SELECT T4.game_name FROM game_platform AS T1 INNER JOIN platform AS T2 ON T1.platform_id = T2.id INNER JOIN game_publisher AS T3 ON T1.game_publisher_id = T3.id INNER JOIN game AS T4 ON T3.game_id = T4.id WHERE T2.platform_name = 'SCD' ;,SELECT T3.game_name FROM platform AS T1 INNER JOIN game_platform AS T2 ON T1.id = T2.platform_id INNER JOIN game AS T3 ON T2.game_publisher_id = T3.id INNER JOIN game AS T4 ON T3.game_id = T4.id WHERE T4.platform_name = 'SCD' ;
SELECT COUNT(T1.r_name) FROM region AS T1 INNER JOIN nation AS T2 ON T1.r_regionkey = T2.n_regionkey WHERE T2.n_name = 'ALGERIA' ;,SELECT COUNT(T1.n_nationkey) FROM nation AS T1 INNER JOIN region AS T2 ON T1.n_regionkey = T2.n_regionkey WHERE T2.r_name = 'ALGERIA' ;
SELECT T1.dba_name FROM establishment AS T1 INNER JOIN inspection AS T2 ON T1.license_no = T2.license_no WHERE T2.inspection_type = 'License' ;,SELECT T2.dba_name FROM establishment AS T1 INNER JOIN inspection AS T2 ON T1.license_no = T2.license_no WHERE T1.inspection_type = 'License' ;
SELECT CAST(T1.num_students * T1.pct_international_students AS REAL) / 100 FROM university_year AS T1 INNER JOIN university AS T2 ON T1.university_id = T2.id WHERE T1.year = 2013 AND T2.university_name = 'University of Wisconsin-Madison' ;,SELECT CAST(SUM(T2.num_students * T1.pct_international_students) AS REAL) * 100 / 100 FROM university AS T1 INNER JOIN university_year AS T2 ON T1.university_id = T2.id WHERE T1.university_name = 'University of Wisconsin-Madison' AND T1.year = 2013 ;
"SELECT SUM(Pts), year FROM Teams GROUP BY year, tmID ORDER BY SUM(Pts) DESC LIMIT 1 ;",SELECT SUM(Pts) FROM Teams WHERE year = ( SELECT MAX(Pts) FROM Teams ) ;
SELECT COUNT(*) FROM customer AS T1 INNER JOIN cust_order AS T2 ON T1.customer_id = T2.customer_id INNER JOIN shipping_method AS T3 ON T3.method_id = T2.shipping_method_id WHERE T1.first_name = 'Daisey' AND T1.last_name = 'Lamball' AND T3.method_name = 'International' ;,SELECT COUNT(*) FROM cust_order AS T1 INNER JOIN customer AS T2 ON T1.customer_id = T2.customer_id INNER JOIN shipping_method AS T3 ON T2.method_id = T3.shipping_method_id WHERE T3.method_name = 'International' AND T1.first_name = 'Daisey' AND T1.last_name = 'Lamball' ;
SELECT SUM(CASE WHEN T2.Country_Name = 'India' THEN 1 ELSE 0 END) FROM City AS T1 INNER JOIN Country AS T2 ON T1.Country_Id = T2.Country_Id ;,SELECT COUNT(T2.City_Id) FROM City AS T1 INNER JOIN Country AS T2 ON T1.Country_id = T2.Country_id WHERE T1.Country_Name = 'India' ;
SELECT T2.DEST FROM Air Carriers AS T1 INNER JOIN Airlines AS T2 ON T1.Code = T2.OP_CARRIER_AIRLINE_ID WHERE T1.Description = 'Republic Airline: YX' GROUP BY T2.DEST ORDER BY COUNT(T2.DEST) DESC LIMIT 1 ;,SELECT T2.ORIGIN FROM Airlines AS T1 INNER JOIN Air Carriers AS T2 ON T1.Code = T2.OP_CARRIER_AIRLINE_ID WHERE T1.Description = 'Republic Airline: YX' GROUP BY T2.ORIGIN ORDER BY COUNT(T1.ORIGIN) DESC LIMIT 1 ;
SELECT T1.title FROM book AS T1 INNER JOIN order_line AS T2 ON T1.book_id = T2.book_id GROUP BY T1.title ORDER BY COUNT(T1.title) DESC LIMIT 1 ;,SELECT T2.title FROM order_line AS T1 INNER JOIN book AS T2 ON T1.book_id = T2.book_id GROUP BY T1.title ORDER BY COUNT(T1.order_id) DESC LIMIT 1 ;
SELECT DISTINCT T2.name FROM zip_data AS T1 INNER JOIN state AS T2 ON T1.state = T2.abbreviation WHERE T1.division IS NULL ;,SELECT T2.name FROM zip_data AS T1 INNER JOIN state AS T2 ON T1.abbreviation = T2.state WHERE T1.division IS NULL ;
"SELECT CAST(MIN(T2.start) - T1.birthday_bio AS DATE) AS AGE FROM current AS T1 INNER JOIN current-terms AS T2 ON T1.bioguide_id = T2.bioguide WHERE T1.official_full_name = 'F. James Sensenbrenner, Jr.' ;","SELECT T2.birthday_bio FROM current AS T1 INNER JOIN current-terms AS T2 ON T1.bioguide_id = T2.bioguide WHERE T1.official_full_name = 'F. James Sensenbrenner, Jr.' ;"
SELECT rating FROM film WHERE special_features LIKE '%Behind the Scenes%' ;,SELECT rating FROM film WHERE special_features = 'Behind the Scenes' ;
"SELECT T1.first_name, T1.last_name FROM customer AS T1 INNER JOIN cust_order AS T2 ON T1.customer_id = T2.customer_id GROUP BY T1.first_name, T1.last_name ORDER BY COUNT(*) DESC LIMIT 1 ;","SELECT T2.first_name, T2.last_name FROM cust_order AS T1 INNER JOIN customer AS T2 ON T1.customer_id = T2.customer_id GROUP BY T1.first_name, T1.last_name ORDER BY COUNT(T1.customer_id) DESC LIMIT 1 ;"
SELECT SUM(CASE WHEN T2.OBJ_CLASS = 'tip' THEN 1 ELSE 0 END) FROM IMG_OBJ AS T1 INNER JOIN OBJ_CLASSES AS T2 ON T1.OBJ_CLASS_ID = T2.OBJ_CLASS_ID WHERE T1.IMG_ID = 908 ;,SELECT COUNT(T1.OBJ_CLASS_ID) FROM IMG_OBJ AS T1 INNER JOIN OBJ_CLASSES AS T2 ON T1.OBJ_CLASS_ID = T2.OBJ_CLASS_ID WHERE T2.IMG_ID = 5 AND T1.OBJ_CLASS = 'tip' ;
SELECT T1.gender FROM gender_age AS T1 INNER JOIN phone_brand_device_model2 AS T2 ON T1.device_id = T2.device_id WHERE T2.device_model = 'Desire 826' AND T2.phone_brand = 'HTC' ;,SELECT T1.gender FROM gender_age AS T1 INNER JOIN phone_brand_device_model2 AS T2 ON T1.device_id = T2.device_id WHERE T2.phone_brand = 'HTC' AND T1.device_model = 'Desire 826' ;
"SELECT COUNT(*) FROM ( SELECT SUM(Quantity) FROM Sales WHERE ProductID IN ( SELECT ProductID FROM Products WHERE Name = 'Touring-2000 Blue, 50' ) GROUP BY Quantity, SalesPersonID HAVING SUM(Quantity) > 20000 ) ;","SELECT COUNT(T1.SalesID) FROM Sales AS T1 INNER JOIN Employees AS T2 ON T1.EmployeeID = T2.EmployeeID INNER JOIN Products AS T3 ON T2.ProductID = T3.ProductID WHERE T3.Name = 'Touring-2000 Blue, 50' AND T3.Quantity > 20000 ;"
"SELECT T1.CharName FROM characters AS T1 INNER JOIN paragraphs AS T2 ON T1.id = T2.character_id WHERE T2.PlainText = 'Would he do so, I''ld beg your precious mistress,Which he counts but a trifle.' ;","SELECT T2.CharName FROM paragraphs AS T1 INNER JOIN characters AS T2 ON T1.character_id = T2.id WHERE T1.PlainText = 'Would he do so, I'ld beg your precious mistress, Which he counts but a trifle.' ;"
SELECT COUNT(T3.game_id) FROM platform AS T1 INNER JOIN game_platform AS T2 ON T1.id = T2.platform_id INNER JOIN game_publisher AS T3 ON T2.game_publisher_id = T3.id WHERE T1.platform_name = 'PS3' AND T2.release_year = 2010 ;,SELECT COUNT(DISTINCT T3.game_id) FROM platform AS T1 INNER JOIN game_platform AS T2 ON T1.platform_id = T2.id INNER JOIN game_publisher AS T3 ON T2.game_publisher_id = T3.id INNER JOIN game AS T4 ON T4.game_id = T4.id WHERE T4.release_year = 2010 AND T4.platform_name = 'PS3' ;
SELECT COUNT(*) FROM person WHERE hasPosition = 'Faculty_eme' ;,SELECT COUNT(p_id) FROM person WHERE professor = 1 AND hasPosition = 'Faculty_eme' ;
SELECT T1.category_name FROM Categories AS T1 INNER JOIN Business_Categories AS T2 ON T1.category_id = T2.category_id INNER JOIN Business AS T3 ON T2.business_id = T3.business_id INNER JOIN Reviews AS T4 ON T3.business_id = T4.business_id WHERE T4.review_stars = 5 GROUP BY T1.category_name ORDER BY COUNT(T1.category_name) DESC LIMIT 1 ;,SELECT T3.category_name FROM Reviews AS T1 INNER JOIN Business_Categories AS T2 ON T1.business_id = T2.business_id INNER JOIN Categories AS T3 ON T2.category_id = T3.category_id INNER JOIN Business AS T4 ON T3.business_id = T4.business_id WHERE T1.review_stars = 5 GROUP BY T3.category_name ORDER BY COUNT(T3.category_name) DESC LIMIT 1 ;
SELECT SUM(CASE WHEN T2.movie_title = 'Innocence Unprotected' THEN T1.rating_score ELSE 0 END) / SUM(CASE WHEN T2.movie_title = 'Innocence Unprotected' THEN 1 ELSE 0 END) - SUM(CASE WHEN T2.movie_title = 'When Will I Be Loved' THEN T1.rating_score ELSE 0 END) / SUM(CASE WHEN T2.movie_title = 'When Will I Be Loved' THEN 1 ELSE 0 END) FROM ratings AS T1 INNER JOIN movies AS T2 ON T1.movie_id = T2.movie_id ;,SELECT AVG(T2.rating_score) FROM ratings AS T1 INNER JOIN movies AS T2 ON T1.movie_id = T2.movie_id WHERE T1.movie_title = 'Innocence Unprotected' ;
SELECT COUNT(T2.person_id) FROM games AS T1 INNER JOIN games_competitor AS T2 ON T1.id = T2.games_id WHERE T1.games_name = '1992 Winter' AND T2.age > 30 ;,SELECT COUNT(T1.person_id) FROM games AS T1 INNER JOIN games_competitor AS T2 ON T1.id = T2.games_id WHERE T2.games_name = '1992 Winter' AND T1.age > 30 ;
SELECT COUNT(*) FROM ( SELECT T.game_name FROM game AS T WHERE T.game_name LIKE '%Box%' ) ;,SELECT COUNT(id) FROM game WHERE game_name = '%Box%' ;
SELECT T2.MinOrderQty FROM Vendor AS T1 INNER JOIN ProductVendor AS T2 ON T1.BusinessEntityID = T2.BusinessEntityID WHERE T1.ActiveFlag = 0 ORDER BY T2.MinOrderQty LIMIT 1 ;,SELECT T2.MinOrderQty FROM Vendor AS T1 INNER JOIN ProductVendor AS T2 ON T1.BusinessEntityID = T2.BusinessEntityID WHERE T1.ActiveFlag = 0 ;
SELECT T2.StandardCost FROM Product AS T1 INNER JOIN ProductCostHistory AS T2 ON T1.ProductID = T2.ProductID WHERE T1.Name LIKE '%Sport%' ;,SELECT T3.StandardCost FROM Product AS T1 INNER JOIN ProductCostHistory AS T2 ON T1.ProductID = T2.ProductCategoryID INNER JOIN Product AS T3 ON T2.ProductCategoryID = T3.ProductCategoryID WHERE T1.Name = 'Sports' ;
SELECT AVG(T2.review_stars) FROM Business AS T1 INNER JOIN Reviews AS T2 ON T1.business_id = T2.business_id WHERE T1.state LIKE 'AZ' AND T2.user_id = 3 ;,SELECT AVG(T2.review_stars) FROM Business AS T1 INNER JOIN Reviews AS T2 ON T1.business_id = T2.business_id WHERE T1.state = 'AZ' AND T1.user_id = 3 ;
SELECT AVG(T2.month) AS avg FROM unemployed AS T1 INNER JOIN longest_absense_from_school AS T2 ON T2.name = T1.name INNER JOIN male AS T3 ON T3.name = T2.name ;,SELECT AVG(T1.month) FROM longest_absense_from_school AS T1 INNER JOIN unemployed AS T2 ON T1.name = T2.name INNER JOIN male AS T3 ON T2.name = T3.name ;
SELECT OrderID FROM Orders WHERE Freight > 800 ;,SELECT DISTINCT OrderID FROM Orders WHERE Freight > 800 ;
SELECT T2.schoolid FROM resources AS T1 INNER JOIN projects AS T2 ON T1.projectid = T2.projectid WHERE T1.vendor_name = 'Lakeshore Learning Materials' ORDER BY T2.fulfillment_labor_materials DESC LIMIT 1 ;,SELECT T2.schoolid FROM resources AS T1 INNER JOIN projects AS T2 ON T1.projectid = T2.projectid WHERE T1.vendor_name = 'Lakeshore Learning Materials' ORDER BY T1.fulfillment_labor_materials DESC LIMIT 1 ;
SELECT T1.ATT_CLASS FROM ATT_CLASSES AS T1 INNER JOIN IMG_OBJ_ATT AS T2 ON T1.ATT_CLASS_ID = T2.ATT_CLASS_ID WHERE T2.IMG_ID = 15 ;,SELECT T2.ATT_CLASS FROM IMG_OBJ_ATT AS T1 INNER JOIN ATT_CLASSES AS T2 ON T1.ATT_CLASS_ID = T2.ATT_CLASS_ID WHERE T1.IMG_ID = 15 ;
SELECT COUNT(playerID) FROM Master WHERE playerID IS NOT NULL AND coachID IS NOT NULL ;,SELECT COUNT(playerID) FROM Master WHERE coachID = ( SELECT playerID FROM Master ) ;
"SELECT T1.p_id, T3.courseLevel FROM person AS T1 INNER JOIN taughtBy AS T2 ON T1.p_id = T2.p_id INNER JOIN course AS T3 ON T3.course_id = T2.course_id GROUP BY T1.p_id ORDER BY COUNT(T2.course_id) DESC LIMIT 1 ;","SELECT T3.courseLevel, T3.courseLevel FROM person AS T1 INNER JOIN taughtBy AS T2 ON T1.p_id = T2.p_id INNER JOIN course AS T3 ON T2.course_id = T3.course_id WHERE T1.hasPosition  0 GROUP BY T3.course_id ORDER BY COUNT(T3.course_id) DESC LIMIT 1 ;"
SELECT DISTINCT T1.sport_name FROM sport AS T1 INNER JOIN event AS T2 ON T1.id = T2.sport_id INNER JOIN competitor_event AS T3 ON T2.id = T3.event_id INNER JOIN games_competitor AS T4 ON T3.competitor_id = T4.id INNER JOIN person AS T5 ON T4.person_id = T5.id WHERE T5.full_name = 'John Aalberg' ;,SELECT T3.sport_name FROM person AS T1 INNER JOIN games_competitor AS T2 ON T1.id = T2.person_id INNER JOIN competitor_event AS T3 ON T2.event_id = T3.id INNER JOIN sport AS T4 ON T3.sport_id = T4.id WHERE T1.full_name = 'John Aalberg' ;
SELECT COUNT(T2.Id) FROM Journal AS T1 INNER JOIN Paper AS T2 ON T1.Id = T2.JournalId WHERE T1.FullName = 'Concepts in Magnetic Resonance Part A' ;,SELECT COUNT(T1.Id) FROM Paper AS T1 INNER JOIN Journal AS T2 ON T1.JournalId = T2.Id WHERE T2.FullName = 'Concepts in Magnetic Resonance Part A' ;
"SELECT SUM(CAST(REPLACE(trim(T2.total_gross, '$'), ',', '') AS REAL)) / COUNT(T2.movie_title) FROM voice-actors AS T1 INNER JOIN movies_total_gross AS T2 ON T1.movie = T2.movie_title WHERE T1.voice-actor = 'Sterling Holloway' ;",SELECT CAST(SUM(T2.total_gross) AS REAL) / COUNT(T1.movie_title) FROM voice-actors AS T1 INNER JOIN movies_total_gross AS T2 ON T1.movie = T2.movie_title WHERE T1.voice-actor = 'Sterling Holloway' ;
"SELECT DISTINCT T3.FirstName, T3.MiddleInitial, T3.LastName FROM Products AS T1 INNER JOIN Sales AS T2 ON T1.ProductID = T2.ProductID INNER JOIN Employees AS T3 ON T2.SalesPersonID = T3.EmployeeID INNER JOIN Customers AS T4 ON T2.CustomerID = T4.CustomerID WHERE T4.MiddleInitial = 'A' AND T4.LastName = 'White' AND T1.Name = 'Road-250 Black, 48' AND T4.FirstName = 'Elizabeth' ;",SELECT T3.Name FROM Employees AS T1 INNER JOIN Sales AS T2 ON T1.CustomerID = T2.CustomerID INNER JOIN Products AS T3 ON T2.ProductID = T3.ProductID INNER JOIN Customers AS T4 ON T3.CustomerID = T4.CustomerID INNER JOIN Sales AS T4 ON T3.SalesPersonID = T4.SalesPersonID WHERE T4.FirstName = 'First' AND T1.MiddleInitial = 'MiddleInitial' AND T1.LastName = 'MiddleInitial' ;
SELECT SUM(T2.Profit) FROM people AS T1 INNER JOIN central_superstore AS T2 ON T1.Customer ID = T2.Customer ID INNER JOIN product AS T3 ON T3.Product ID = T2.Product ID WHERE T1.City = 'Houston' AND T1.State = 'Texas' AND T2.Region = 'Central' ;,SELECT SUM(T3.Profit) FROM people AS T1 INNER JOIN central_superstore AS T2 ON T1.Customer ID = T2.Customer ID INNER JOIN product AS T3 ON T2.Product ID = T3.Product ID WHERE T1.State = 'Texas' AND T1.City = 'Houston' ;
SELECT COUNT(T1.TweetID) FROM twitter AS T1 INNER JOIN user AS T2 ON T1.UserID = T2.UserID WHERE T2.Gender = 'Male' ;,SELECT COUNT(T1.TweetID) FROM twitter AS T1 INNER JOIN user AS T2 ON T1.UserID = T2.UserID WHERE T2.Gender = 'Male' ;
SELECT p_name FROM part WHERE p_type = 'MEDIUM PLATED BRASS' LIMIT 5 ;,SELECT p_name FROM part WHERE p_type = 'MEDIUM PLATED BRASS' ;
SELECT Title FROM works WHERE GenreType = 'comedy' LIMIT 3 ;,SELECT Title FROM works WHERE GenreType = 'Comedy' ;
"SELECT ( SELECT COUNT(name) FROM disabled WHERE name IN ('student180','student117') ), ( SELECT COUNT(name) FROM unemployed WHERE name IN ('student180','student117') ), ( SELECT COUNT(name) FROM male WHERE name IN ('student180','student117') ), ( SELECT COUNT(name) FROM no_payment_due WHERE name IN ('student180','student117')) ;","SELECT T3.employee, T3.disabilities, T3.gender FROM enrolled AS T1 INNER JOIN male AS T2 ON T1.name = T2.name INNER JOIN unemployed AS T3 ON T2.name = T3.name INNER JOIN disabled AS T4 ON T4.name = T4.name WHERE T1.name ='student180' AND T1.student117' ;"
SELECT COUNT(DISTINCT T1.PATIENT) FROM careplans AS T1 INNER JOIN patients AS T2 ON T1.PATIENT = T2.patient WHERE T2.race = 'white' AND T1.REASONCODE = '10509002' ;,SELECT COUNT(DISTINCT T2.patient) FROM careplans AS T1 INNER JOIN patients AS T2 ON T1.PATIENT = T2.patient WHERE T1.REASONCODE = '10509002' ;
"SELECT T1.firstname, T1.lastname FROM employee AS T1 INNER JOIN location AS T2 ON T1.locationID = T2.locationID WHERE T2.locationcity = 'Boston' ORDER BY T1.salary DESC LIMIT 1 ;","SELECT T2.firstname, T1.lastname FROM employee AS T1 INNER JOIN location AS T2 ON T1.locationID = T2.locationID WHERE T1.locationcity = 'Boston' ORDER BY T1.salary DESC LIMIT 1 ;"
SELECT COUNT(T2.ProductID) FROM Orders AS T1 INNER JOIN Order Details AS T2 ON T1.OrderID = T2.OrderID GROUP BY T2.ProductID ORDER BY COUNT(T1.Freight) DESC LIMIT 1 ;,SELECT COUNT(OrderID) FROM Orders WHERE Framing = ( SELECT MAX(Freight) FROM Orders ) ;
SELECT BrandName FROM rootbeerbrand ORDER BY FirstBrewedYear DESC LIMIT 1 ;,SELECT BrandName FROM rootbeerbrand WHERE FirstBrewedYear = ( SELECT MAX(FirstBrewedYear) FROM rootbeerbrand ) ;
SELECT COUNT(IMGID) FROM ( SELECT T1.IMG_ID AS IMGID FROM IMG_OBJ_att AS T1 INNER JOIN ATT_CLASSES AS T2 ON T1.ATT_CLASS_ID = T2.ATT_CLASS_ID WHERE T2.ATT_CLASS = 'black' GROUP BY T1.IMG_ID HAVING COUNT(T1.ATT_CLASS_ID) >= 5 ) T3 ;,SELECT COUNT(T1.IMG_ID) FROM IMG_OBJ_ATT AS T1 INNER JOIN ATT_CLASSES AS T2 ON T1.ATT_CLASS_ID = T2.ATT_CLASS_ID WHERE T2.ATT_CLASS = 'black' ;
"SELECT t1.lastName, t1.firstName FROM employees AS t1 INNER JOIN offices AS t2 ON t1.officeCode = t2.officeCode WHERE t2.city = 'NYC' AND t1.jobTitle = 'Sales Rep' ;","SELECT T2.firstName, T2.lastName FROM offices AS T1 INNER JOIN employees AS T2 ON T1.officeCode = T2.officeCode WHERE T1.city = 'NYC' AND T1.jobTitle = 'Sales Rep' ;"
SELECT T1.country FROM country AS T1 INNER JOIN city AS T2 ON T1.country_id = T2.country_id INNER JOIN address AS T3 ON T2.city_id = T3.city_id WHERE T3.address = '1386 Nakhon Sawan Boulevard' ;,SELECT T3.country FROM address AS T1 INNER JOIN city AS T2 ON T1.city_id = T2.city_id INNER JOIN country AS T3 ON T2.country_id = T3.country_id WHERE T1.address = 'Europe' ;
"SELECT MIN(T2.Value) FROM Country AS T1 INNER JOIN Indicators AS T2 ON T1.CountryCode = T2.CountryCode WHERE T1.OtherGroups = 'HIPC' AND T2.IndicatorName = 'International migrant stock, total' ;","SELECT SUM(T2.Value) FROM Country AS T1 INNER JOIN Indicators AS T2 ON T1.CountryCode = T2.CountryCode WHERE T1.IndicatorName = 'International migrant stock, total' AND T1.AutreGroups = 'HIPC' ;"
"SELECT CAST(SUM(CASE WHEN T2.first_name = 'Zachery' AND T2.last_name = 'Hicks' THEN T1.ship_id ELSE 0 END) AS REAL) * 100 / COUNT(*) FROM shipment AS T1 INNER JOIN driver AS T2 ON T1.driver_id = T2.driver_id WHERE STRFTIME('%Y', T1.ship_date) = '2017' ;",SELECT CAST(SUM(CASE WHEN T1.first_name = 'Zachery' AND T1.last_name = 'Hicks' THEN 1 ELSE 0 END) AS REAL) * 100 / COUNT(T1.driver_id) FROM shipment AS T1 INNER JOIN driver AS T2 ON T1.driver_id = T2.driver_id WHERE T2.ship_date = '2017' ;
SELECT T2.p_id FROM course AS T1 INNER JOIN taughtBy AS T2 ON T1.course_id = T2.course_id WHERE T1.courseLevel = 'Level_500' GROUP BY T2.p_id ORDER BY COUNT(T2.p_id) DESC LIMIT 5 ;,SELECT T3.professor FROM course AS T1 INNER JOIN taughtBy AS T2 ON T1.course_id = T2.course_id INNER JOIN person AS T3 ON T2.p_id = T3.p_id WHERE T1.courseLevel = 'Level_500' GROUP BY T3.professor ORDER BY COUNT(T3.p_id) DESC LIMIT 5 ;
SELECT T1.PRED_CLASS FROM PRED_CLASSES AS T1 INNER JOIN IMG_REL AS T2 ON T1.PRED_CLASS_ID = T2.PRED_CLASS_ID WHERE T2.OBJ1_SAMPLE_ID = 14 AND T2.OBJ2_SAMPLE_ID = 14 ;,SELECT T1.PRED_CLASS FROM IMG_REL AS T1 INNER JOIN PRED_CLASSES AS T2 ON T1.PRED_CLASS_ID = T2.PRED_CLASS_ID WHERE T2.OBJ1_SAMPLE_ID = 14 AND T1.OBJ2_SAMPLE_ID = 14 ;
SELECT T1.rating FROM Episode AS T1 INNER JOIN Award AS T2 ON T1.episode_id = T2.episode_id WHERE T2.result = 'Winner' GROUP BY T1.episode_id ORDER BY COUNT(T2.award_id) DESC LIMIT 1 ;,SELECT T2.rating FROM Award AS T1 INNER JOIN Episode AS T2 ON T1.episode_id = T2.episode_id ORDER BY T1.result LIMIT 1 ;
"SELECT T2.DESCRIPTION FROM patients AS T1 INNER JOIN careplans AS T2 ON T1.patient = T2.PATIENT WHERE T1.first = 'Elly' AND T1.last = 'Koss' AND strftime('%Y', T2.START) = '2013' ;",SELECT T2.DESCRIPTION FROM patients AS T1 INNER JOIN careplans AS T2 ON T1.patient = T2.PATIENT WHERE T1.first = 'Elly' AND T1.last = 'Koss' AND T1.STOP = '1970' ;
"SELECT T1.firstName, T1.lastName FROM Master AS T1 INNER JOIN Goalies AS T2 ON T1.playerID = T2.playerID WHERE T2.year = 2002 AND T2.GA > 150 GROUP BY T2.playerID, T1.birthYear, T1.birthMon, T1.birthMon HAVING SUM(T2.GA) ORDER BY T1.birthYear DESC, T1.birthMon DESC, SUM(T1.birthDay) DESC LIMIT 1 ;","SELECT T2.firstName, T1.lastName FROM Master AS T1 INNER JOIN Goalies AS T2 ON T1.playerID = T2.playerID WHERE T1.year = 2002 AND T1.GA > 150 ;"
SELECT word FROM words WHERE occurrences = ( SELECT MAX(occurrences) FROM words ) ;,SELECT T2.word FROM langs AS T1 INNER JOIN langs_words AS T2 ON T1.lid = T2.lid INNER JOIN words AS T3 ON T2.wid = T3.wid WHERE T3.occurrences = ( SELECT MAX(occurrences) FROM langs ) ;
SELECT COUNT(T1.artist) FROM torrents AS T1 INNER JOIN tags AS T2 ON T1.id = T2.id WHERE T2.tag = 'dance' AND T1.groupYear BETWEEN 1980 AND 1985 AND T1.releaseType LIKE 'album' OR T1.releaseType LIKE'mixtape' ;,SELECT T2.artist FROM torrents AS T1 INNER JOIN tags AS T2 ON T1.id = T2.id WHERE T1.groupYear BETWEEN 1980 AND 1985 AND T1.releaseType ='mixtape' ;
SELECT T1.title FROM titles AS T1 INNER JOIN publishers AS T2 ON T1.pub_id = T2.pub_id WHERE T1.ytd_sales > ( SELECT AVG(ytd_sales) FROM titles ) ;,SELECT T2.title FROM publishers AS T1 INNER JOIN titles AS T2 ON T1.pub_id = T2.pub_id WHERE T1.ytd_sales * (AVG(ytd_sales)) ;
SELECT COUNT(name) FROM longest_absense_from_school WHERE month = 0 ;,SELECT COUNT(name) FROM longest_absense_from_school WHERE month = 0 ;
SELECT COUNT(T1.id) FROM trip AS T1 INNER JOIN station AS T2 ON T2.ID = T1.start_station_id WHERE T2.city = 'San Francisco' AND T1.subscription_type = 'Subscriber' ;,SELECT COUNT(T1.id) FROM trip AS T1 INNER JOIN station AS T2 ON T1.id = T2.start_station_id WHERE T2.city = 'San Francisco' AND T1.subscription_type = 'Subscriber' ;
SELECT DISTINCT T2.Segment FROM west_superstore AS T1 INNER JOIN people AS T2 ON T1.Customer ID = T2.Customer ID WHERE T1.Region = 'West' AND T1.Order ID = 'CA-2011-108189' ;,SELECT T2.Segment FROM west_superstore AS T1 INNER JOIN people AS T2 ON T1.Customer ID = T2.Customer ID WHERE T1.Region = 'West' AND T1.Order ID = 'CA-2011-108189' ;
SELECT SUM(CASE WHEN T3.name = 'Zentral Theater Terrace' THEN 1 ELSE 0 END) FROM MenuItem AS T1 INNER JOIN MenuPage AS T2 ON T1.menu_page_id = T2.id INNER JOIN Menu AS T3 ON T2.menu_id = T3.id ;,SELECT COUNT(*) FROM Menu WHERE name = 'Zentral Theater Terrace' ;
SELECT T2.Description FROM works AS T1 RIGHT JOIN chapters AS T2 ON T1.id = T2.work_id WHERE T1.Title = 'Venus and Adonis' ORDER BY T2.Scene DESC LIMIT 1 ;,SELECT T2.Description FROM works AS T1 INNER JOIN chapters AS T2 ON T1.id = T2.work_id WHERE T1.Title = 'Venus and Adonis' AND T1.Scene = ( SELECT MAX(T1.Scene) FROM works AS T1 INNER JOIN chapters AS T2 ON T1.id = T2.work_id ) ;
SELECT T3.game_name FROM publisher AS T1 INNER JOIN game_publisher AS T2 ON T1.id = T2.publisher_id INNER JOIN game AS T3 ON T2.game_id = T3.id WHERE T1.publisher_name = 'Pioneer LDC' ;,SELECT T3.game_name FROM publisher AS T1 INNER JOIN game_publisher AS T2 ON T1.publisher_id = T2.id INNER JOIN game AS T3 ON T2.game_id = T3.id WHERE T1.publisher_name = 'Pioneer LDC' ;
SELECT COUNT(T1.Name) FROM mountain AS T1 INNER JOIN geo_mountain AS T2 ON T1.Name = T2.Mountain INNER JOIN province AS T3 ON T3.Name = T2.Province INNER JOIN country AS T4 ON T4.Province = T3.Name WHERE T4.Name = 'United States' ;,SELECT T3.Name FROM mountain AS T1 INNER JOIN geo_mountain AS T2 ON T1.Name = T2.Mountain INNER JOIN province AS T3 ON T3.Code = T2.Province INNER JOIN country AS T4 ON T4.Name = T4.Country WHERE T4.Name = ( SELECT Name FROM mountain WHERE Name = 'Mountain' ) ;
SELECT SUM(CASE WHEN T2.district = 'FL-10' THEN 1 ELSE 0 END) FROM zip_data AS T1 INNER JOIN zip_congress AS T2 ON T1.zip_code = T2.zip_code ;,SELECT COUNT(T2. households) FROM zip_data AS T1 INNER JOIN zip_congress AS T2 ON T1.zip_code = T2.zip_code WHERE T1.district = 'FL-10' ;
SELECT Order ID FROM central_superstore WHERE Profit  0 LIMIT 3 ;,SELECT T3.Order ID FROM central_superstore AS T1 INNER JOIN east_superstore AS T2 ON T1.Row ID = T2.Row ID INNER JOIN west_superstore AS T3 ON T2.Row ID = T3.Row ID WHERE T1.Profit  0 ;
"SELECT DISTINCT T2.name, T2.city, T2.tax_code FROM violations AS T1 INNER JOIN businesses AS T2 ON T1.business_id = T2.business_id WHERE T1.risk_category = 'High Risk' AND T1.date = '2014-06-03' LIMIT 5 ;","SELECT T2.name, T2.city, T2.tax_code FROM violations AS T1 INNER JOIN businesses AS T2 ON T1.business_id = T2.business_id WHERE T1.date = '2014-06-03' AND T1.risk_category = 'High Risk' ;"
SELECT COUNT(id_restaurant) FROM generalinfo WHERE review  3 ;,SELECT COUNT(id_restaurant) FROM generalinfo WHERE review  3 ;
SELECT COUNT(T2.person_id) FROM movie AS T1 INNER JOIN movie_crew AS T2 ON T1.movie_id = T2.movie_id WHERE T1.title = 'The Amityville Horror' AND T2.job = 'Producer' ;,SELECT COUNT(T2.person_id) FROM movie AS T1 INNER JOIN movie_crew AS T2 ON T1.movie_id = T2.movie_id WHERE T1.title = 'The Amityville Horror' AND T1.job = 'Producer' ;
SELECT COUNT(rating_id) FROM ratings WHERE movie_id = ( SELECT movie_id FROM movies ORDER BY movie_popularity DESC LIMIT 1 ) ;,SELECT COUNT(T1.user_id) FROM ratings AS T1 INNER JOIN movies AS T2 ON T1.movie_id = T2.movie_id GROUP BY T2.user_id ORDER BY COUNT(T1.movie_popularity) DESC LIMIT 1 ;
SELECT T1.order_date FROM cust_order AS T1 INNER JOIN address AS T2 ON T1.dest_address_id = T2.address_id WHERE T2.street_number = 460 ;,SELECT T3.order_date FROM address AS T1 INNER JOIN customer_address AS T2 ON T1.address_id = T2.address_id INNER JOIN cust_order AS T3 ON T2.order_id = T3.order_id WHERE T1.street_number = '460' ;
SELECT gender FROM gender_age WHERE age = ( SELECT MIN(age) FROM gender_age ) ;,SELECT gender FROM gender_age WHERE age = ( SELECT MAX(age) FROM gender_age ) ;
SELECT COUNT(DISTINCT T1.Countrycode) FROM Country AS T1 INNER JOIN CountryNotes AS T2 ON T1.CountryCode = T2.Countrycode WHERE T2.Description = 'Sources: UN Energy Statistics (2014)' UNION SELECT DISTINCT t1.CurrencyUnit FROM country AS t1 INNER JOIN countrynotes AS t2 ON t1.CountryCode = t2.Countrycode WHERE t2.Description = 'Sources: UN Energy Statistics (2014)' ;,SELECT COUNT(DISTINCT T1.CountryCode) FROM Country AS T1 INNER JOIN CountryNotes AS T2 ON T1.CountryCode = T2.Countrycode WHERE T2.Description = 'Sources: UN Energy Statistics (2014)' ;
"SELECT T2.movie_title, T1.rating_timestamp_utc, T1.rating_score FROM ratings AS T1 INNER JOIN movies AS T2 ON T1.movie_id = T2.movie_id WHERE T1.user_id = 39115684 ;","SELECT movie_title, rating_timestamp_utc FROM lists WHERE user_id = 39115684 ;"
"SELECT T1.first_name, T1.last_name FROM actor AS T1 INNER JOIN film_actor AS T2 ON T1.actor_id = T2.actor_id INNER JOIN film AS T3 ON T3.film_id = T2.film_id ORDER BY T3.rental_rate DESC LIMIT 1 ;","SELECT T3.first_name, T3.last_name FROM film AS T1 INNER JOIN film_actor AS T2 ON T1.film_id = T2.film_id INNER JOIN actor AS T3 ON T2.actor_id = T3.actor_id ORDER BY T3.rental_rate DESC LIMIT 1 ;"
SELECT AVG(T2.grad_cohort) FROM institution_details AS T1 INNER JOIN institution_grads AS T2 ON T2.unitid = T1.unitid WHERE T1.chronname = 'Yale University' AND T2.year BETWEEN 2002 AND 2005 AND T2.race = 'B' AND T2.cohort = '4y bach' ;,SELECT AVG(T2.grad_cohort) FROM institution_details AS T1 INNER JOIN institution_grads AS T2 ON T1.unitid = T2.unitid WHERE T1.chronname = 'Yale University' AND T1.year BETWEEN 2002 AND 2005 AND T1.race = 'Black' ;
SELECT MAX(s_acctbal) FROM supplier ;,SELECT s_acctbal FROM supplier ORDER BY s_acctbal DESC LIMIT 1 ;
SELECT T1.alias FROM alias AS T1 INNER JOIN zip_data AS T2 ON T1.zip_code = T2.zip_code WHERE T2.asian_population = 7 ;,SELECT T2.alias FROM alias AS T1 INNER JOIN zip_data AS T2 ON T1.zip_code = T2.zip_code WHERE T1.asian_population = 7 ;
SELECT COUNT(T1.TweetID) FROM twitter AS T1 INNER JOIN user AS T2 ON T1.UserID = T2.UserID WHERE T2.Gender = 'Male' ;,SELECT COUNT(T1.TweetID) FROM twitter AS T1 INNER JOIN user AS T2 ON T1.UserID = T2.UserID WHERE T2.Gender = 'Male' ;
SELECT CAST(SUM(CASE WHEN Region = 'Sub-Saharan Africa' THEN 1 ELSE 0 END) AS REAL) * 100 / COUNT(CountryCode) FROM Country WHERE SystemOfTrade = 'Special trade system' ;,SELECT CAST(COUNT(CASE WHEN Region = 'Sub-Saharan Africa' THEN 1 ELSE NULL END) AS REAL) * 100 / COUNT(CountryCode) FROM Country WHERE SystemOfTrade = 'Special trade system' ;
SELECT COUNT(T1.p_id_dummy) FROM advisedBy AS T1 INNER JOIN person AS T2 ON T1.p_id = T2.p_id WHERE T2.yearsInProgram = 'Year_1' AND T2.student = 1 ;,SELECT COUNT(T1.p_id_dummy) FROM advisedBy AS T1 INNER JOIN person AS T2 ON T1.p_id = T2.p_id WHERE T2.yearsInProgram = 'Year_1' ;
SELECT COUNT(T1.o_orderpriority) FROM orders AS T1 INNER JOIN customer AS T2 ON T1.o_custkey = T2.c_custkey WHERE T2.c_mktsegment = 'HOUSEHOLD' AND T1.o_orderpriority = '1-URGENT' ;,SELECT COUNT(T1.o_orderkey) FROM orders AS T1 INNER JOIN customer AS T2 ON T1.o_custkey = T2.c_custkey WHERE T2.c_mktsegment = 'HOUSEHOLD' ;
SELECT T3.Team_Name FROM Player AS T1 INNER JOIN Player_Match AS T2 ON T2.Player_Id = T1.Player_Id INNER JOIN Team AS T3 ON T3.Team_Id = T2.Team_Id WHERE T2.Match_Id = 335990 AND T3.Team_Name = 'Mumbai Indians' GROUP BY T3.Team_Name ;,SELECT T3.Player_Name FROM Player AS T1 INNER JOIN Player_Match AS T2 ON T1.Player_Id = T2.Player_Id INNER JOIN Team AS T3 ON T2.Team_Id = T3.Team_Id WHERE T1.Match_Id = 335990 AND T3.Team_Name = 'Mumbai Indians' ;
SELECT T1.name FROM Ingredient AS T1 INNER JOIN Quantity AS T2 ON T1.ingredient_id = T2.ingredient_id INNER JOIN Nutrition AS T3 ON T3.recipe_id = T2.recipe_id ORDER BY T3.vitamin_a DESC LIMIT 1 ;,SELECT T3.name FROM Nutrition AS T1 INNER JOIN Quantity AS T2 ON T1.recipe_id = T2.recipe_id INNER JOIN Ingredient AS T3 ON T2.ingredient_id = T3.ingredient_id INNER JOIN Nutrition AS T4 ON T4.recipe_id = T4.recipe_id ORDER BY T4.vitamin_a DESC LIMIT 1 ;
SELECT COUNT(*) FROM person AS T1 INNER JOIN taughtBy AS T2 ON T1.p_id = T2.p_id INNER JOIN course AS T3 ON T3.course_id = T2.course_id WHERE T1.hasPosition = 'Faculty_eme' AND T1.professor = 1 AND T3.courseLevel = 'Level_400' ;,SELECT COUNT(DISTINCT T3.p_id) FROM course AS T1 INNER JOIN taughtBy AS T2 ON T1.course_id = T2.course_id INNER JOIN person AS T3 ON T2.p_id = T3.p_id WHERE T3.courseLevel = 'Level_400' AND T3.hasPosition = 'Faculty_eme' ;
"SELECT T1.description FROM violations AS T1 INNER JOIN businesses AS T2 ON T1.business_id = T2.business_id WHERE T2.name = 'Chez Fayala, Inc.' AND T1.date = '2016-07-01' AND T1.risk_category = 'Moderate Risk' ;","SELECT T2.description FROM violations AS T1 INNER JOIN businesses AS T2 ON T1.business_id = T2.business_id WHERE T1.name = 'Chez Fayala, Inc.' AND T1.date = '2016-07-01' ;"
SELECT AVG(rating) FROM reviews WHERE created_at BETWEEN '2019-01-01T00:00:00-07:00' AND '2019-12-31T23:59:59-07:00' ;,SELECT AVG(T1.rating) FROM podcasts AS T1 INNER JOIN reviews AS T2 ON T1.podcast_id = T2.podcast_id WHERE T2.created_at LIKE '2019-01-01T00:00:00' AND T1.created_at LIKE '2019-12-31T23:59:59' ;
"SELECT DISTINCT T1.App, T1.Installs FROM playstore AS T1 INNER JOIN user_reviews AS T2 ON T1.App = T2.App WHERE T2.Sentiment_Polarity = 0.3 ;","SELECT T2.App, T1.Installs FROM playstore AS T1 INNER JOIN user_reviews AS T2 ON T1.App = T2.App WHERE T1.Sentiment_Polarity = 0.3 ;"
SELECT T1.email FROM employees AS T1 INNER JOIN offices AS T2 ON T1.officeCode = T2.officeCode WHERE T1.jobTitle LIKE '%Sales Manager%' AND T2.city = 'Sydney' ;,SELECT COUNT(T1.email) FROM employees AS T1 INNER JOIN offices AS T2 ON T1.officeCode = T2.officeCode WHERE T2.jobTitle = 'Sales Manager (NA)' AND T1.city = 'Sydney' ;
SELECT COUNT(T1.name) FROM longest_absense_from_school AS T1 INNER JOIN disabled AS T2 ON T1.name = T2.name WHERE T1.month = 3 ;,SELECT COUNT(T1.name) FROM longest_absense_from_school AS T1 INNER JOIN disabled AS T2 ON T1.name = T2.name WHERE T2.month = 3 ;
SELECT Ball_Id FROM Ball_by_Ball WHERE Non_Striker = Ball_Id ORDER BY Ball_Id DESC LIMIT 1 ;,SELECT T1.Player_Id FROM Player_Match AS T1 INNER JOIN Ball_by_Ball AS T2 ON T1.Match_Id = T2.Match_Id WHERE T2.Match_Id = 501219 GROUP BY T1.Player_Id ORDER BY COUNT(T1.Non_Striker) DESC LIMIT 1 ;
SELECT T1.full_name FROM person AS T1 INNER JOIN games_competitor AS T2 ON T1.id = T2.person_id ORDER BY T2.age LIMIT 1 ;,SELECT T2.full_name FROM games_competitor AS T1 INNER JOIN person AS T2 ON T1.id = T2.person_id ORDER BY T1.age DESC LIMIT 1 ;
SELECT T2.business_id FROM Categories AS T1 INNER JOIN Business_Categories AS T2 ON T1.category_id = T2.category_id INNER JOIN Business AS T3 ON T2.business_id = T3.business_id WHERE T1.category_name LIKE 'Men''s Clothing' AND T3.stars  5 ;,SELECT T3.business_id FROM Categories AS T1 INNER JOIN Business_Categories AS T2 ON T1.category_id = T2.category_id INNER JOIN Business AS T3 ON T2.business_id = T3.business_id WHERE T1.stars  5 ;
"SELECT COUNT(T2.business_id) FROM Attributes AS T1 INNER JOIN Business_Attributes AS T2 ON T1.attribute_id = T2.attribute_id INNER JOIN Business AS T3 ON T2.business_id = T3.business_id WHERE T1.attribute_name ='music_karaoke' AND T3.active = 'false' AND T2.attribute_value IN ('none', 'no', 'false') ;",SELECT COUNT(T1.business_id) FROM Business AS T1 INNER JOIN Business_Attributes AS T2 ON T1.business_id = T2.business_id INNER JOIN Attributes AS T3 ON T2.attribute_id = T3.attribute_id WHERE T3.attribute_name ='music_karaoke' AND T3.attribute_value = 'true' ;
SELECT COUNT(name) FROM enlist WHERE organ = 'army' ;,SELECT COUNT(name) FROM enlist WHERE organ = 'army' ;
SELECT COUNT(w1st) AS countwords FROM biwords WHERE occurrences > 10 ;,SELECT COUNT(T1.wid) FROM words AS T1 INNER JOIN biwords AS T2 ON T1.wid = T2.w1st INNER JOIN words AS T3 ON T2.wid = T3.wid WHERE T3.occurrences > 10 ;
SELECT T1.title FROM Recipe AS T1 INNER JOIN Nutrition AS T2 ON T1.recipe_id = T2.recipe_id WHERE T2.iron > 20 ;,SELECT T2.title FROM Nutrition AS T1 INNER JOIN Recipe AS T2 ON T1.recipe_id = T2.recipe_id WHERE T1.iron > 20 ;
SELECT T1.reportsTo FROM employees AS T1 INNER JOIN customers AS T2 ON T1.employeeNumber = T2.salesRepEmployeeNumber WHERE T2.country = 'France' ;,SELECT T2.rportsTo FROM customers AS T1 INNER JOIN employees AS T2 ON T1.salesRepEmployeeNumber = T2.employeeNumber WHERE T1.country = 'France' AND T1.salesRepEmployeeNumber = 'France' ;
SELECT DISTINCT T1.dba_name FROM establishment AS T1 INNER JOIN inspection AS T2 ON T1.license_no = T2.license_no INNER JOIN violation AS T3 ON T2.inspection_id = T3.inspection_id WHERE T1.facility_type = 'Tavern' AND T3.fine = 100 ;,SELECT COUNT(DISTINCT T3.inspection_id) FROM establishment AS T1 INNER JOIN inspection AS T2 ON T1.license_no = T2.license_no INNER JOIN violation AS T3 ON T2.inspection_id = T3.inspection_id WHERE T3.facility_type = 'Tavern' AND T3.dba_name = 'West Town Tavern' ;
SELECT INCOME_K FROM Demog WHERE GEOID IN ( SELECT GEOID FROM Customers WHERE EDUCATIONNUM  5 AND SEX = 'Female' AND MARITAL_STATUS = 'Widowed' ) ;,SELECT T2.INCOME_K FROM Customers AS T1 INNER JOIN Demog AS T2 ON T1.GEOID = T2.GEOID WHERE T1.SEX = 'Female' AND T1.MARITAL_STATUS = 'Widowed' AND T1.EDUCATIONNUM  5 ;
SELECT COUNT(*) FROM Dish WHERE lowest_price = 0 ;,SELECT COUNT(id) FROM Dish WHERE lowest_price = 0 ;
SELECT itunes_url FROM podcasts WHERE podcast_id IN ( SELECT podcast_id FROM categories WHERE category = 'fiction-science-fiction' ) ;,SELECT itunes_url FROM categories WHERE category = 'fiction-science-fiction' ;
"SELECT T1.id, T1.Description FROM chapters AS T1 INNER JOIN paragraphs AS T2 ON T1.id = T2.chapter_id WHERE T2.PlainText = 'What, wilt thou hear some music, my sweet love?' ;","SELECT T2.Description FROM paragraphs AS T1 INNER JOIN chapters AS T2 ON T1.chapter_id = T2.id WHERE T1.PlainText = 'What, wilt thou hear some music, my sweet love?' ;"
SELECT T2.Title FROM Journal AS T1 INNER JOIN Paper AS T2 ON T1.Id = T2.JournalId WHERE T1.FullName = 'Ibm Journal of Research and Development' ;,SELECT T2.Title FROM Journal AS T1 INNER JOIN Paper AS T2 ON T1.Id = T2.JournalId WHERE T1.FullName = 'Ibm Journal of Research and Development' ;
SELECT T1.JobTitle FROM Employee AS T1 INNER JOIN Person AS T2 ON T1.BusinessEntityID = T2.BusinessEntityID WHERE T2.FirstName = 'Ken' AND T2.MiddleName = 'J' AND T2.LastName = 'Sánchez' ;,SELECT T2.JobTitle FROM Employee AS T1 INNER JOIN Person AS T2 ON T1.BusinessEntityID = T2.BusinessEntityID WHERE T1.FirstName = 'Kenny' AND T1.MiddleName = 'J' AND T1.LastName = 'Snchez' ;
SELECT T2.match_id FROM Team AS T1 INNER JOIN Match AS T2 ON T1.team_id = T2.match_winner WHERE T1.team_name = 'Royal Challengers Bangalore' AND T2.match_date LIKE '2012%' ORDER BY T2.win_margin DESC LIMIT 1 ;,SELECT T2.Match_Id FROM Team AS T1 INNER JOIN Match AS T2 ON T1.Team_Id = T2.Team_1 INNER JOIN Team AS T3 ON T2.Team_2 = T3.Team_2 WHERE T1.Team_Name = 'Royal Challengers Bangalore' ORDER BY T1.Win_Margin DESC LIMIT 1 ;
"SELECT CAST(COUNT(IIF(T1.PersonType = 'SC', T1.PersonType, NULL)) AS REAL) / COUNT(T1.PersonType) FROM Person AS T1 INNER JOIN Employee AS T2 WHERE T1.PersonType = 'SC' AND T1.NameStyle = 0 AND T2.MaritalStatus = 'M' ;",SELECT SUM(CASE WHEN T1.NameStyle = 0 THEN 1 ELSE 0 END) - SUM(CASE WHEN T2.NameStyle = 0 THEN 1 ELSE 0 END) FROM Employee AS T1 INNER JOIN Person AS T2 ON T1.BusinessEntityID = T2.BusinessEntityID WHERE T2.MaritalStatus = 'M' ;
"SELECT T1.f_name, T1.l_name FROM student AS T1 INNER JOIN registration AS T2 ON T1.student_id = T2.student_id INNER JOIN course AS T3 ON T2.course_id = T3.course_id WHERE T3.name = 'Applied Deep Learning'AND T2.grade IS NULL ;","SELECT T3.f_name, T3.l_name FROM registration AS T1 INNER JOIN student AS T2 ON T1.student_id = T2.student_id INNER JOIN course AS T3 ON T2.course_id = T3.course_id WHERE T1.grade = 'NuLL' ;"
SELECT DISTINCT T1.Name FROM PaperAuthor AS T1 INNER JOIN Author AS T2 ON T1.AuthorId = T2.Id WHERE T2.Name = 'Randall Davis' AND T1.Name!= 'Randall Davis' ;,SELECT COUNT(T2.Name) FROM Author AS T1 INNER JOIN PaperAuthor AS T2 ON T1.Id = T2.AuthorId WHERE T1.Name = 'Randall Davis' ;
"SELECT SUM(IIF(T2.gender = 'F', 1, 0)) * 100 / COUNT(T2.device_id) AS perFemale, SUM(IIF(T2.gender = 'M', 1, 0)) * 100 / COUNT(T2.device_id) AS perMale FROM phone_brand_device_model2 AS T1 INNER JOIN gender_age AS T2 ON T2.device_id = T1.device_id WHERE T1.phone_brand = 'OPPO' ;",SELECT CAST(COUNT(CASE WHEN T1.gender = 'F' THEN 1 ELSE NULL END) AS REAL) * 100 / COUNT(T1.device_id) FROM gender_age AS T1 INNER JOIN phone_brand_device_model2 AS T2 ON T1.device_id = T2.device_id WHERE T2.phone_brand = 'OPPO' ;
SELECT T1.text FROM twitter AS T1 INNER JOIN location AS T2 ON T2.LocationID = T1.LocationID WHERE T2.State = 'Connecticut' ORDER BY T1.Klout DESC LIMIT 1 ;,SELECT T2.text FROM twitter AS T1 INNER JOIN location AS T2 ON T1.LocationID = T2.LocationID WHERE T1.State = 'Connecticut' ORDER BY T1.Klout DESC LIMIT 1 ;
SELECT T5.platform_name FROM game_publisher AS T1 INNER JOIN publisher AS T2 ON T1.publisher_id = T2.id INNER JOIN game AS T3 ON T1.game_id = T3.id INNER JOIN game_platform AS T4 ON T1.id = T4.game_publisher_id INNER JOIN platform AS T5 ON T4.platform_id = T5.id WHERE T3.game_name = 'Panzer Tactics' AND T4.release_year = 2007 ;,SELECT T3.platform_name FROM game AS T1 INNER JOIN game_publisher AS T2 ON T1.id = T2.game_publisher_id INNER JOIN platform AS T3 ON T2.platform_id = T3.id INNER JOIN game AS T4 ON T3.game_id = T4.id WHERE T4.game_name = 'Panzer Tactics' ;
SELECT donation_message FROM donations WHERE donationid = 'a84dace1ff716f6f0c7af8ef9090a5d5' ;,SELECT donation_message FROM donations WHERE donationid = 'a84dace1ff716f6f0c7af8ef9090a5d5' ;
SELECT COUNT(T1.name) FROM enrolled AS T1 INNER JOIN longest_absense_from_school AS T2 ON T1.name = T2.name WHERE T1.school ='smc' AND T2.month = 7 ;,SELECT COUNT(T1.name) FROM longest_absense_from_school AS T1 INNER JOIN enrolled AS T2 ON T1.name = T2.name WHERE T2.school ='smc' AND T1.month = 7 ;
SELECT COUNT(T2.CustomerID) FROM customers AS T1 INNER JOIN transaction AS T2 ON T1.CustomerID = T2.CustomerID WHERE T1.First = 'Anna' AND T1.Last = 'Himes' AND T2.CreditCardType = 'MasterCard' AND T2.TransactionDate BETWEEN '2014-12-25' AND '2016-05-20' ;,SELECT COUNT(T1.CustomerID) FROM customers AS T1 INNER JOIN transaction AS T2 ON T1.CustomerID = T2.CustomerID WHERE T2.First = 'Anna' AND T1.Last = 'Hies' AND T1.CreditCardType = 'MasterCard' AND T1.TransactionDate BETWEEN '2014-12-25' AND '2016-05-20' ;
SELECT T3.university_name FROM ranking_criteria AS T1 INNER JOIN university_ranking_year AS T2 ON T1.id = T2.ranking_criteria_id INNER JOIN university AS T3 ON T3.id = T2.university_id WHERE T1.criteria_name = 'Teaching' AND T2.year = 2011 AND T2.score = 98 ;,SELECT T3.university_name FROM ranking_criteria AS T1 INNER JOIN university_ranking_year AS T2 ON T1.id = T2.ranking_criteria_id INNER JOIN university AS T3 ON T2.id = T3.university_id WHERE T1.criteria_name = 'Teaching' AND T1.year = 2011 AND T1.score = 98 ;
"SELECT FirstName, LastName, Title FROM Employees ;","SELECT LastName, LastName, Title FROM Employees WHERE LastName = '' ;"
"SELECT DISTINCT T1.phone_brand, T1.device_model FROM phone_brand_device_model2 AS T1 INNER JOIN events AS T2 ON T2.device_id = T1.device_id WHERE T2.longitude = 80 AND T2.latitude = 44 ;","SELECT T3.phone_brand, T3.device_model FROM events AS T1 INNER JOIN phone_brand_device_model2 AS T2 ON T1.device_id = T2.device_id INNER JOIN phone_brand_device_model2 AS T3 ON T2.device_id = T3.device_id WHERE T1.longitude = ( SELECT longitude FROM events WHERE longitude = ( SELECT longitude"
SELECT T1.game_name FROM game AS T1 INNER JOIN game_publisher AS T2 ON T1.id = T2.game_id INNER JOIN publisher AS T3 ON T2.publisher_id = T3.id INNER JOIN genre AS T4 ON T1.genre_id = T4.id WHERE T3.publisher_name = '10TACLE Studios' AND T4.genre_name = 'Puzzle' ;,SELECT COUNT(DISTINCT T3.id) FROM publisher AS T1 INNER JOIN game_publisher AS T2 ON T1.publisher_id = T2.id INNER JOIN game AS T3 ON T2.game_id = T3.id INNER JOIN game AS T4 ON T3.game_id = T4.id INNER JOIN game AS T4 ON T4.game_id = T4.id WHERE T4.genre_name = 'Puzzle City' ;
SELECT CASE WHEN ActualCost = PlannedCost THEN 'No' ELSE 'Yes' END FROM WorkOrderRouting ;,SELECT WorkOrderID FROM WorkOrderRouting WHERE ActualCost!= PlannedCost ;
SELECT T2.cust_name FROM shipment AS T1 INNER JOIN customer AS T2 ON T1.cust_id = T2.cust_id WHERE T1.ship_id = '1147' ;,SELECT T2.cust_name FROM shipment AS T1 INNER JOIN customer AS T2 ON T1.cust_id = T2.cust_id WHERE T1.ship_id = '1147' ;
SELECT T1.name FROM Ingredient AS T1 INNER JOIN Quantity AS T2 ON T1.ingredient_id = T2.ingredient_id WHERE T2.unit ='slice(s)' ;,SELECT T2.name FROM Quantity AS T1 INNER JOIN Ingredient AS T2 ON T1.ingredient_id = T2.ingredient_id WHERE T1.unit ='slice(s)' ;
SELECT T2.Gender FROM twitter AS T1 INNER JOIN user AS T2 ON T1.UserID = T2.UserID WHERE T1.TweetID = 'tw-715909161071091712' ;,SELECT T2.Gender FROM twitter AS T1 INNER JOIN user AS T2 ON T1.UserID = T2.UserID WHERE T1.TweetID = 'tw-715909161071091712' ;
"SELECT SUM(CASE WHEN T2.Quantity  50 THEN 1 ELSE 0 END), CAST(SUM(IF(T2.Quantity  50, 1, 0)) AS REAL) / COUNT(T1.ProductID) FROM Products AS T1 INNER JOIN Order Details AS T2 ON T1.ProductID = T2.ProductID ;",SELECT CAST(SUM(CASE WHEN T2.Quantity  50 THEN 1 ELSE 0 END) AS REAL) * 100 / SUM(T2.ProductID) FROM Products AS T1 INNER JOIN Order Details AS T2 ON T1.ProductID = T2.ProductID ;
"SELECT T1.FirstName, T1.LastName FROM Customers AS T1 INNER JOIN Sales AS T2 ON T1.CustomerID = T2.CustomerID WHERE T1.FirstName = 'Cameron' ORDER BY T2.Quantity DESC LIMIT 1 ;","SELECT T2.FirstName, T1.LastName FROM Sales AS T1 INNER JOIN Customers AS T2 ON T1.CustomerID = T2.CustomerID WHERE T1.LastName = 'Cameron' ORDER BY T1.Quantity DESC LIMIT 1 ;"
"SELECT CAST(SUM(CASE WHEN T2.Country_Name = 'India' THEN 1 ELSE 0 END) AS REAL) / COUNT(T1.Player_Id) FROM Player AS T1 INNER JOIN Country AS T2 ON T1.Country_Name = T2.Country_ID WHERE strftime('%Y', T1.DOB) BETWEEN '1975' AND '1985' ;","SELECT CAST(COUNT(CASE WHEN T1.Country_Name = 'India' THEN 1 ELSE NULL END) AS REAL) * 100 / COUNT(T1.Player_Id) FROM Player AS T1 INNER JOIN Country AS T2 ON T1.Country_Name = T2.Country_Id WHERE strftime('%Y', T1.DOB) BETWEEN '1975' AND '1985' ;"
SELECT T2.genre_name FROM game AS T1 INNER JOIN genre AS T2 ON T1.genre_id = T2.id WHERE T1.game_name = '3D Lemmings' ;,SELECT T2.genre_name FROM game AS T1 INNER JOIN genre AS T2 ON T1.genre_id = T2.id WHERE T1.game_name = '3D Lemmings' ;
SELECT T1.weight FROM shipment AS T1 INNER JOIN customer AS T2 ON T1.cust_id = T2.cust_id WHERE T2.cust_name = 'U-haul Center Of N Syracuse' AND T1.ship_date = '2016-09-21' ;,SELECT T2.weight FROM customer AS T1 INNER JOIN shipment AS T2 ON T1.cust_id = T2.cust_id WHERE T1.cust_name = 'U-haul Center Of N Syracuse' AND T1.ship_date = '2016-09-21' ;
"SELECT T3.LastName FROM Employee AS T1 INNER JOIN JobCandidate AS T2 ON T1.BusinessEntityID = T2.BusinessEntityID INNER JOIN Person AS T3 ON T1.BusinessEntityID = T3.BusinessEntityID WHERE T1.BusinessEntityID IN (212, 274) ;",SELECT T3.LastName FROM Employee AS T1 INNER JOIN Employee AS T2 ON T1.BusinessEntityID = T2.BusinessEntityID INNER JOIN EmployeeDepartmentHistory AS T3 ON T2.BusinessEntityID = T3.BusinessEntityID INNER JOIN Department AS T4 ON T4.DepartmentID = T4.DepartmentID WHERE T4.Name = 'Human Resources' ;
"SELECT COUNT(T1.id), T2.dock_count FROM trip AS T1 INNER JOIN station AS T2 ON T2.name = T1.start_station_name WHERE T1.end_station_name = 'MLK Library' AND T1.subscription_type = 'Subscriber' AND T2.dock_count = 19 ;",SELECT COUNT(T1.id) FROM trip AS T1 INNER JOIN station AS T2 ON T1.id = T2.name WHERE T2.end_station_name = 'MLK Library' AND T1.subscription_type ='subscribers' AND T1.dock_count = ( SELECT T1.dock_count FROM trip AS T1 INNER JOIN station AS T2 ON T1.name = T2.name WHERE T2.end_station_name = 'MLK Library' ) ;
SELECT T1.title FROM essays AS T1 INNER JOIN projects AS T2 ON T1.projectid = T2.projectid WHERE T2.projectid = ( SELECT projectid FROM resources ORDER BY item_unit_price * item_quantity DESC LIMIT 1 ) ;,"SELECT T1.title FROM essays AS T1 INNER JOIN projects AS T2 ON T1.projectid = T2.projectid INNER JOIN resources AS T3 ON T2.projectid = T3.projectid GROUP BY T3.title ORDER BY SUM(T3.item_unit_price, item_quantity) DESC LIMIT 1 ;"
"SELECT t.state, T1.first_name, T1.last_name FROM zip_data AS T INNER JOIN congress AS T1 ON t.state = T1.abbreviation GROUP BY t.state ORDER BY SUM(t.asian_population) DESC LIMIT 3 ;","SELECT T3.state, T3.first_name, T3.last_name FROM zip_data AS T1 INNER JOIN congress AS T2 ON T1.abbreviation = T2.abbreviation INNER JOIN state AS T3 ON T2.abbreviation = T3.abbreviation GROUP BY T3.state ORDER BY SUM(T3.asian_population) DESC LIMIT 3 ;"
SELECT SUM(T1.Quantity) FROM south_superstore AS T1 INNER JOIN people AS T2 ON T1.Customer ID = T2.Customer ID INNER JOIN product AS T3 ON T3.Product ID = T1.Product ID WHERE T2.Customer Name = 'Cindy Stewart' AND T3.Product Name = 'Lexmark X 9575 Professional All-in-One Color Printer' ;,SELECT SUM(T2.Quantity) FROM people AS T1 INNER JOIN south_superstore AS T2 ON T1.Customer ID = T2.Customer ID INNER JOIN product AS T3 ON T2.Product ID = T3.Product ID WHERE T1.Product Name = 'Lexmark X 9575 Professional All-in-One Color Printer' ;
"SELECT Salary, Title FROM Employees WHERE Salary = ( SELECT MAX(Salary) FROM Employees ) ;","SELECT T2.Salary, T2.Title FROM Employees AS T1 INNER JOIN EmployeeTerritories AS T2 ON T1.EmployeeID = T2.EmployeeID ORDER BY T1.Salary DESC LIMIT 1 ;"
SELECT SUM(CASE WHEN T2.region_name = 'Japan' THEN T1.num_sales ELSE 0 END) AS nums FROM region_sales AS T1 INNER JOIN region AS T2 ON T1.region_id = T2.id ;,SELECT SUM(T3.num_sales) * 100000 FROM region AS T1 INNER JOIN region_sales AS T2 ON T1.id = T2.region_id INNER JOIN game_platform AS T3 ON T2.game_platform_id = T3.id WHERE T1.region_name = 'Japan' ;
SELECT DISTINCT Abbrev FROM characters WHERE CharName = 'Earl of Westmoreland' ;,SELECT Abbrev FROM characters WHERE CharName = 'Earl of Westmoreland' ;
"SELECT CAST(SUM(T2.tmax) AS REAL) / 29 FROM ( SELECT station_nbr FROM relation GROUP BY station_nbr ORDER BY COUNT(store_nbr) DESC LIMIT 1 ) AS T1 INNER JOIN weather AS T2 ON T1.station_nbr = T2.station_nbr WHERE SUBSTR(T2.date, 1, 7) = '2012-02' ;","SELECT T2.station_nbr, CAST(SUM(T1.tmax) AS REAL) / 29 FROM relation AS T1 INNER JOIN weather AS T2 ON T1.station_nbr = T2.station_nbr WHERE T1.date = '2012-02' ORDER BY T1.tmax DESC LIMIT 1 ;"
SELECT T1.email FROM client AS T1 INNER JOIN events AS T2 ON T1.client_id = T2.Client_ID WHERE T2.Submitted via = 'Postal mail' ;,SELECT T2.email FROM client AS T1 INNER JOIN events AS T2 ON T1.client_id = T2.Client_ID WHERE T1.Submitted via = 'Postal mail' ;
"SELECT DISTINCT T3.lastName, T3.firstName FROM payments AS T1 INNER JOIN customers AS T2 ON T1.customerNumber = T2.customerNumber INNER JOIN employees AS T3 ON T2.salesRepEmployeeNumber = T3.employeeNumber WHERE STRFTIME('%Y', T1.paymentDate) = '2004' ORDER BY T1.amount DESC LIMIT 1 ;","SELECT T3.firstName, T3.lastName FROM payments AS T1 INNER JOIN customers AS T2 ON T1.customerNumber = T2.customerNumber INNER JOIN employees AS T3 ON T2.salesRepEmployeeNumber = T3.employeeNumber WHERE T1.paymentDate = '2004-12-18' ORDER BY T1.amount DESC LIMIT 1 ;"
"SELECT COUNT(T2.movie) FROM characters AS T1 INNER JOIN voice-actors AS T2 ON T1.movie_title = T2.movie WHERE T2.voice-actor = 'Alan Tudyk' AND SUBSTR(release_date, INSTR(release_date, '-') + 5) > 12 ;","SELECT COUNT(movie_title) FROM characters WHERE song = 'I Thought I Lost You' AND (release_date, instr(release_date, '-') + 5) > 12 ;"
SELECT COUNT(T1.schoolid) FROM projects AS T1 INNER JOIN donations AS T2 ON T1.projectid = T2.projectid WHERE T1.poverty_level = 'highest poverty' AND T2.donor_acctid = '000eebf28658900e63b538cf8a73afbd' ;,SELECT COUNT(T1.schoolid) FROM donations AS T1 INNER JOIN projects AS T2 ON T1.projectid = T2.projectid WHERE T2.donor_acctid = '000eebf28658900e63b538cf8a73afbd' AND T1.poverty_level = 'highest poverty' ;
SELECT T3.name FROM Recipe AS T1 INNER JOIN Quantity AS T2 ON T1.recipe_id = T2.recipe_id INNER JOIN Ingredient AS T3 ON T3.ingredient_id = T2.ingredient_id WHERE T1.title = 'Warm Chinese Chicken Salad' AND T2.optional = 'TRUE' ;,SELECT T3.name FROM Recipe AS T1 INNER JOIN Quantity AS T2 ON T1.recipe_id = T2.recipe_id INNER JOIN Ingredient AS T3 ON T2.ingredient_id = T3.ingredient_id WHERE T1.title = 'Warm Chinese Chicken Salad' AND T1.optional = 'TRUE' ;
SELECT T1.CurrentRetailPrice - T1.WholesaleCost AS price FROM rootbeerbrand AS T1 INNER JOIN rootbeerreview AS T2 ON T1.BrandID = T2.BrandID WHERE T2.Review = 'The quintessential dessert root beer. No ice cream required.' ;,SELECT T2.Cost FROM rootbeerbrand AS T1 INNER JOIN rootbeerreview AS T2 ON T1.BrandID = T2.BrandID WHERE T1.Review = 'The quintessential dessert root beer. No ice cream required.' ;
SELECT T2.PlayerName FROM SeasonStatus AS T1 INNER JOIN PlayerInfo AS T2 ON T1.ELITEID = T2.ELITEID WHERE T1.P = ( SELECT MAX(P) FROM SeasonStatus ) ;,SELECT T2.PlayerName FROM SeasonStatus AS T1 INNER JOIN PlayerInfo AS T2 ON T1.ELITEID = T2.ELITEID ORDER BY T1.P DESC LIMIT 1 ;
SELECT COUNT(CountryCode) FROM Country WHERE VitalRegistrationComplete = 'Yes' AND Region = 'North America' ;,SELECT COUNT(CountryCode) FROM Country WHERE Region = 'North America' AND VitalRegistrationComplete = 'Yes' ;
SELECT T1.OBJ_CLASS FROM OBJ_CLASSES AS T1 INNER JOIN IMG_OBJ AS T2 ON T1.OBJ_CLASS_ID = T2.OBJ_CLASS_ID WHERE T2.IMG_ID = 2320341 AND T2.OBJ_SAMPLE_ID = 10 ;,SELECT T2.OBJ_CLASS FROM IMG_OBJ AS T1 INNER JOIN OBJ_CLASSES AS T2 ON T1.OBJ_CLASS_ID = T2.OBJ_CLASS_ID WHERE T1.IMG_ID = 2320341 AND T1.OBJ_SAMPLE_ID = 10 ;
SELECT COUNT(T1.id_restaurant) FROM location AS T1 INNER JOIN generalinfo AS T2 ON T1.id_restaurant = T2.id_restaurant WHERE T2.food_type = 'bakery' AND T2.city = 'palo alto' AND T1.street_name = 'university ave.' ;,SELECT COUNT(T1.id_restaurant) FROM location AS T1 INNER JOIN generalinfo AS T2 ON T1.id_restaurant = T2.id_restaurant WHERE T2.street_name = 'university avenue' AND T1.food_type = 'bakery' AND T2.city = 'palo alto' ;
"SELECT T2.Player_Name, T2.DOB FROM Country AS T1 INNER JOIN Player AS T2 ON T2.Country_Name = T1.Country_Id WHERE T2.DOB LIKE '1977%' AND T1.Country_Name = 'England' ;","SELECT T2.Player_Name, T2.DOB FROM Player AS T1 INNER JOIN Country AS T2 ON T1.Country_Name = T2.Country_Id WHERE T1.Country_Name = 'England' AND T1.DOB LIKE '1977%' ;"
SELECT name FROM Dish ORDER BY highest_price DESC LIMIT 5 ;,SELECT name FROM Dish WHERE highest_price = ( SELECT MAX(highest_price) FROM Dish ) ;
SELECT CAST(COUNT(CASE WHEN T1.nation = 'Sweden' THEN T2.PIM ELSE NULL END) AS REAL) * 100 / COUNT(*) FROM PlayerInfo AS T1 INNER JOIN SeasonStatus AS T2 ON T1.ELITEID = T2.ELITEID WHERE T2.LEAGUE = 'OHL' ;,SELECT CAST(SUM(CASE WHEN T2.LEAGUE = 'OHL' THEN 1 ELSE 0 END) AS REAL) * 100 / COUNT(T1.ELITEID) FROM PlayerInfo AS T1 INNER JOIN SeasonStatus AS T2 ON T1.ELITEID = T2.ELITEID WHERE T1.nation = 'Sweden' ;
SELECT SUM(CASE WHEN T1.time_zone = 'Central' THEN 1 ELSE 0 END) AS count FROM zip_data AS T1 INNER JOIN state AS T2 ON T2.abbreviation = T1.state WHERE T1.time_zone = 'Central' ;,SELECT COUNT(DISTINCT T2.name) FROM state AS T1 INNER JOIN zip_data AS T2 ON T1.abbreviation = T2.state WHERE T1.time_zone = 'Central' ;
SELECT T1.followup_to FROM inspection AS T1 INNER JOIN establishment AS T2 ON T1.license_no = T2.license_no WHERE T2.dba_name = 'Azha Restaurant Inc.' AND T1.results = 'Pass' AND T1.inspection_date = '2010-01-21' ;,SELECT COUNT(T1.inspection_id) FROM establishment AS T1 INNER JOIN inspection AS T2 ON T1.license_no = T2.license_no WHERE T2.inspection_date = '2010-02-31' AND T1.dba_name = 'Azha Restaurant Inc.' ;
SELECT T3.Player_Name FROM Player_Match AS T1 INNER JOIN Team AS T2 ON T1.Team_Id = T2.Team_Id INNER JOIN Player AS T3 ON T1.Player_Id = T3.Player_Id WHERE T2.Team_Name = 'Delhi Daredevils' GROUP BY T3.Player_Name ORDER BY COUNT(T1.Role_Id) DESC LIMIT 1 ;,SELECT T3.Player_Name FROM Player AS T1 INNER JOIN Player_Match AS T2 ON T1.Player_Id = T2.Player_Id INNER JOIN Team AS T3 ON T2.Team_Id = T3.Team_Id WHERE T1.Team_Name = 'Delhi Daredevils' GROUP BY T3.Player_Name ORDER BY COUNT(T3.Role_id) DESC LIMIT 1 ;
SELECT DISTINCT T2.county FROM zip_data AS T1 INNER JOIN country AS T2 ON T1.zip_code = T2.zip_code WHERE T1.daylight_savings = 'Yes' ;,SELECT T2.county FROM zip_data AS T1 INNER JOIN country AS T2 ON T1.zip_code = T2.zip_code WHERE T1.daylight_savings = 'Yes' ;
SELECT T3.country FROM data AS T1 INNER JOIN production AS T2 ON T1.ID = T2.ID INNER JOIN country AS T3 ON T3.origin = T2.country WHERE T1.car_name = 'ford torino' AND T2.model_year = 1970 ;,SELECT T3.country FROM data AS T1 INNER JOIN production AS T2 ON T1.ID = T2.ID INNER JOIN country AS T3 ON T2.origin = T3.country WHERE T1.car_name = 'ford torino' AND T1.model_year = 1970 ;
"SELECT user_id FROM lists_users WHERE user_subscriber = 1 GROUP BY user_id HAVING MAX(SUBSTR(list_creation_date_utc, 1, 4)) - MIN(SUBSTR(list_creation_date_utc, 1, 4)) >= 10 ;","SELECT user_id, user_subscriber FROM lists_users WHERE list_creation_date_utc = '2009-12-18' AND user_subscriber = 1 ;"
SELECT T2.RESPONSE FROM Customers AS T1 INNER JOIN mailings3 AS T2 ON T1.ID = T2.REFID WHERE T1.GEOID = 134 ;,SELECT T1.ESPONSE FROM Customers AS T1 INNER JOIN Mailings1_2 AS T2 ON T1.GEOID = T2.GEOID WHERE T2.ID = 134 ;
SELECT COUNT(*) FROM Recipe AS T1 INNER JOIN Quantity AS T2 ON T1.recipe_id = T2.recipe_id INNER JOIN Ingredient AS T3 ON T3.ingredient_id = T2.ingredient_id WHERE T1.title = 'Raspberry Chiffon Pie' ;,SELECT COUNT(*) FROM Recipe AS T1 INNER JOIN Quantity AS T2 ON T1.recipe_id = T2.recipe_id INNER JOIN Ingredient AS T3 ON T2.ingredient_id = T3.ingredient_id WHERE T3.title = 'Raspberry Chiffon Pie' ;
"SELECT DISTINCT T2.county, T2.region FROM location AS T1 INNER JOIN geographic AS T2 ON T1.city = T2.city WHERE T1.street_name = 'E. El Camino Real' ;","SELECT T2.county, T2.region FROM location AS T1 INNER JOIN geographic AS T2 ON T1.city = T2.city WHERE T1.street_name = 'E. El Camino Real' ;"
SELECT COUNT(T1.Name) FROM country AS T1 INNER JOIN economy AS T2 ON T1.Code = T2.Country WHERE T2.Agriculture  50 AND T1.Area > 8000000 ;,SELECT COUNT(T1.Name) FROM country AS T1 INNER JOIN economy AS T2 ON T1.Code = T2.Country WHERE T2.Agriculture > 50000 AND T2.Area  8000000 ;
"SELECT first_name, last_name FROM actor AS T1 INNER JOIN film_actor AS T2 ON T1.actor_id = T2.actor_id INNER JOIN film AS T3 ON T2.film_id = T3.film_id ORDER BY T3.replacement_cost DESC LIMIT 1 ;","SELECT T3.first_name, T3.last_name FROM film AS T1 INNER JOIN film_actor AS T2 ON T1.film_id = T2.film_id INNER JOIN actor AS T3 ON T2.actor_id = T3.actor_id WHERE T1.replacement_cost = ( SELECT MAX(replacement_cost) FROM film ) ;"
SELECT T2.Independence FROM country AS T1 INNER JOIN politics AS T2 ON T1.Code = T2.Country WHERE T1.Name = 'Uganda' ;,SELECT T2.Independence FROM politics AS T1 INNER JOIN country AS T2 ON T1.Code = T2.Country WHERE T1.Name = 'Ouganda' ;
"SELECT T1.user_id, T1.user_subscriber FROM lists_users AS T1 INNER JOIN lists AS T2 ON T1.list_id = T2.list_id WHERE T2.list_title LIKE 'Sound and Vision' ;",SELECT T2.user_subscriber FROM ratings AS T1 INNER JOIN movies AS T2 ON T1.movie_id = T2.movie_id WHERE T1.list_title = 'Sound and Vision' ;
"SELECT T2.CompanyName, T2.City, T1.ProductName FROM Products AS T1 INNER JOIN Suppliers AS T2 ON T1.SupplierID = T2.SupplierID WHERE T1.UnitsInStock + UnitsOnOrder > 120 ;","SELECT T1.CompanyName, T2.City, T2.ProductName FROM Products AS T1 INNER JOIN Suppliers AS T2 ON T1.SupplierID = T2.SupplierID WHERE T1.UnitsInstock * T2.UnitsOnOrder > 120 ;"
SELECT overview FROM movie WHERE title = 'The Pacifier' ;,SELECT overview FROM movie WHERE title = 'The Pacifier' ;
SELECT T2.Description FROM Airlines AS T1 INNER JOIN Air Carriers AS T2 ON T2.Code = T1.OP_CARRIER_AIRLINE_ID WHERE T1.TAIL_NUM = 'N922US' AND T1.ORIGIN = 'PHX' GROUP BY T2.Description ;,SELECT T2.Description FROM Airlines AS T1 INNER JOIN Air Carriers AS T2 ON T1.Code = T2.OP_CARRIER_AIRLINE_ID WHERE T1.ORIGIN = 'PHX' AND T1.TAIL_NUM = 'N922US' ;
SELECT SUM(T1.weight) FROM Master AS T1 INNER JOIN Scoring AS T2 ON T1.playerID = T2.playerID WHERE T2.year = 1997 AND T2.tmID = 'ANA' ;,SELECT SUM(T3.weight) FROM Teams AS T1 INNER JOIN Coaches AS T2 ON T1.tmID = T2.tmID INNER JOIN Master AS T3 ON T2.coachID = T3.coachID WHERE T1.name = 'ANA' AND T1.year = 1997 ;
SELECT T2.s_phone FROM lineitem AS T1 INNER JOIN supplier AS T2 ON T1.l_suppkey = T2.s_suppkey WHERE T1.l_orderkey = 1 ;,SELECT T1.s_phone FROM customer AS T1 INNER JOIN nation AS T2 ON T1.c_nationkey = T2.n_nationkey WHERE T2.l_orderkey = 1 ;
"SELECT beat, location_description FROM Crime WHERE case_number = 'JB112212' ;","SELECT beat, location_description FROM Crime WHERE case_number = 'JB112212' ;"
SELECT CAST(COUNT(CASE WHEN T2.gender = 'Female' THEN T1.person_id ELSE NULL END) AS REAL) / COUNT(CASE WHEN T2.gender = 'Male' THEN T1.person_id ELSE NULL END) FROM movie_cast AS T1 INNER JOIN gender AS T2 ON T1.gender_id = T2.gender_id ;,SELECT CAST(SUM(CASE WHEN T2.gender = 'Female' THEN 1 ELSE 0 END) AS REAL) * 100 / COUNT(T1.gender_id) FROM movie_cast AS T1 INNER JOIN gender AS T2 ON T1.gender_id = T2.gender_id WHERE T1.gender = 'Male' ;
SELECT COUNT(DISTINCT T4.id) FROM works AS T1 INNER JOIN chapters AS T2 ON T1.id = T2.work_id INNER JOIN paragraphs AS T3 ON T2.id = T3.chapter_id INNER JOIN characters AS T4 ON T3.character_id = T4.id WHERE T1.Title = 'Twelfth Night' ;,SELECT COUNT(T1.character_id) FROM characters AS T1 INNER JOIN chapters AS T2 ON T1.id = T2.character_id INNER JOIN works AS T3 ON T2.id = T3.work_id INNER JOIN paragraphs AS T4 ON T3.id = T4.id WHERE T4.Title = 'Twelfth Night' ;
"SELECT COUNT(o_orderkey) AS countorders FROM orders WHERE STRFTIME('%Y', o_orderdate) = '1998' AND o_totalprice  950 ;","SELECT COUNT(o_orderkey) FROM orders WHERE STRFTIME('%Y', o_orderdate) = '1998' AND o_totalprice  950 ;"
"SELECT first, middle, last FROM client WHERE email = 'emily.garcia43@outlook.com' ;","SELECT first, middle, last FROM client WHERE email = 'emily.garcia43@outlook.com' ;"
"SELECT T1.first_name, T1.last_name FROM driver AS T1 INNER JOIN shipment AS T2 ON T1.driver_id = T2.driver_id INNER JOIN city AS T3 ON T3.city_id = T2.city_id GROUP BY T1.first_name, T1.last_name, T3.population HAVING T3.population = MAX(T3.population) ORDER BY COUNT(*) DESC LIMIT 1 ;","SELECT T3.first_name, T3.last_name FROM shipment AS T1 INNER JOIN city AS T2 ON T1.city_id = T2.city_id INNER JOIN driver AS T3 ON T2.driver_id = T3.driver_id ORDER BY T3.population DESC LIMIT 1 ;"
"SELECT T3.name, T2.f_name, T2.l_name FROM registration AS T1 INNER JOIN student AS T2 ON T1.student_id = T2.student_id INNER JOIN course AS T3 ON T1.course_id = T3.course_id WHERE T1.grade = 'A' GROUP BY T3.name ORDER BY COUNT(T1.student_id) DESC LIMIT 1 ;","SELECT T3.f_name, T3.l_name FROM student AS T1 INNER JOIN registration AS T2 ON T1.student_id = T2.student_id INNER JOIN course AS T3 ON T2.course_id = T3.course_id WHERE T1.grade = 'A' GROUP BY T3.f_name, T3.l_name ORDER BY COUNT(T3.student_id) DESC LIMIT 1 ;"
SELECT MAX(Population) - MIN(Population) FROM country WHERE Name = 'United Kingdom' OR Name = 'Italy' ;,SELECT Population FROM country WHERE Name = 'United Kingdom - Italy' ;
SELECT CAST(SUM(T2.ProcessedTime) AS REAL) / COUNT(T2.ProcessedTime) FROM Repo AS T1 INNER JOIN Solution AS T2 ON T1.Id = T2.RepoId WHERE T1.Stars = 254 AND T1.Forks = 88 AND T1.Watchers = 254 ;,SELECT AVG(T2.ProcessedTime) FROM Repo AS T1 INNER JOIN Solution AS T2 ON T1.Id = T2.RepoId WHERE T1.Stars = 254 AND T1.Forks = 88 AND T1.Watchers = 254 ;
SELECT DISTINCT T2.nation FROM SeasonStatus AS T1 INNER JOIN PlayerInfo AS T2 ON T1.ELITEID = T2.ELITEID WHERE T1.SEASON = '1997-1998' ;,SELECT T2.nation FROM SeasonStatus AS T1 INNER JOIN PlayerInfo AS T2 ON T1.ELITEID = T2.ELITEID WHERE T1.SEASON = '1997-1998' ;
SELECT CAST(SUM(T2.Scene) AS REAL) / COUNT(T2.act) FROM works AS T1 INNER JOIN chapters AS T2 ON T1.id = T2.work_id WHERE T1.Title = 'Antony and Cleopatra' ;,SELECT CAST(SUM(T2.Scene) AS REAL) / COUNT(T1.id) FROM works AS T1 INNER JOIN chapters AS T2 ON T1.id = T2.work_id WHERE T1.Title = 'Antony and Cleopatra' ;
SELECT COUNT(DISTINCT T1.Order ID) FROM west_superstore AS T1 INNER JOIN product AS T2 ON T1.Product ID = T2.Product ID INNER JOIN people AS T3 ON T3.Customer ID = T1.Customer ID WHERE T1.Sales > 5000 AND T3.State = 'California' AND T2.Region = 'West' ;,"SELECT COUNT(DISTINCT T1.Order ID) FROM west_superstore AS T1 INNER JOIN people AS T2 ON T1.Customer ID = T2.Customer ID INNER JOIN product AS T3 ON T2.Product ID = T3.Product ID WHERE T3.State = 'California' AND T3.Sales >= 5,000 ;"
SELECT T1.game_name FROM game AS T1 INNER JOIN game_publisher AS T2 ON T1.id = T2.game_id INNER JOIN game_platform AS T3 ON T2.id = T3.game_publisher_id WHERE T3.release_year = '2010' ;,SELECT T3.game_name FROM game_platform AS T1 INNER JOIN game AS T2 ON T1.id = T2.game_publisher_id INNER JOIN game AS T3 ON T2.game_id = T3.id WHERE T1.release_year = 2010 ;
SELECT COUNT(DISTINCT T1.teacher_acctid) FROM projects AS T1 INNER JOIN donations AS T2 ON T1.projectid = T2.projectid WHERE T1.school_city = 'Rock Hill' AND is_teacher_acct = 't' ;,SELECT COUNT(T2.teacher_acctid) FROM projects AS T1 INNER JOIN donations AS T2 ON T1.projectid = T2.projectid WHERE T1.school_city = 'Rock Hill' AND T2.is_teacher_acct = 't' ;
"SELECT T2.menu_id, T1.xpos, T1.ypos FROM MenuItem AS T1 INNER JOIN MenuPage AS T2 ON T1.menu_page_id = T2.id INNER JOIN Menu AS T3 ON T2.menu_id = T3.id INNER JOIN Dish AS T4 ON T1.dish_id = T4.id WHERE T4.name = 'Fresh lobsters in every style' ;",SELECT COUNT(T3.name) FROM Dish AS T1 INNER JOIN MenuItem AS T2 ON T1.id = T2.dish_id INNER JOIN Menu AS T3 ON T2.menu_page_id = T3.id INNER JOIN Menu AS T4 ON T3.id = T4.menu_id WHERE T4.name = 'Female lobsters in every style' ;
"SELECT FirstName, LastName FROM Employees WHERE Salary = ( SELECT MAX(Salary) FROM Employees ) ;","SELECT FirstName, LastName FROM Employees WHERE Salary = ( SELECT MAX(Salary) FROM Employees ) ;"
SELECT DISTINCT T1.BrandName FROM rootbeerbrand AS T1 INNER JOIN rootbeerreview AS T2 ON T1.BrandID = T2.BrandID WHERE T1.CaneSugar = 'TRUE' AND T1.Honey = 'TRUE' AND T2.StarRating = 1 AND T2.ReviewDate LIKE '2012%' ;,SELECT T2.BrandName FROM rootbeerbrand AS T1 INNER JOIN rootbeerreview AS T2 ON T1.BrandID = T2.BrandID WHERE T1.StarRating = ( SELECT MIN(StarRating) FROM rootbeerbrand AS T1 INNER JOIN rootbeerreview AS T2 ON T1.BrandID = T2.BrandID WHERE T1.ReviewDate LIKE '2012%' AND T1.CaneSugar = 'TRUE' AND T2.ReviewDate LIKE '2012%' ) ;
SELECT DISTINCT T2.title FROM categories AS T1 INNER JOIN podcasts AS T2 ON T2.podcast_id = T1.podcast_id WHERE T1.category = 'arts-performing-arts' ;,SELECT T1.title FROM podcasts AS T1 INNER JOIN categories AS T2 ON T1.podcast_id = T2.podcast_id WHERE T2.category = 'arts-performing-arts' ;
SELECT DISTINCT T1.state FROM Business AS T1 INNER JOIN Tips AS T2 ON T1.business_id = T2.business_id WHERE T2.tip_length = 'Long' ;,SELECT T3.state FROM Reviews AS T1 INNER JOIN Business AS T2 ON T1.business_id = T2.business_id INNER JOIN Tips AS T3 ON T2.user_id = T3.user_id WHERE T1.tip_length = 'Long' ;
SELECT T2.Team_Name FROM Match AS T1 INNER JOIN Team AS T2 ON T2.Team_Id = T1.Team_2 WHERE T1.Team_1 = ( SELECT Team_Id FROM Team WHERE Team_Name = 'Pune Warriors' ) GROUP BY T2.Team_Name ;,SELECT T2.Team_Name FROM Match AS T1 INNER JOIN Team AS T2 ON T1.Team_Id = T2.Match_Winner WHERE T1.Team_Name = 'Pune Warriors' ;
SELECT T1.graduate_from FROM prof AS T1 INNER JOIN RA AS T2 ON T1.prof_id = T2.prof_id INNER JOIN student AS T3 ON T2.student_id = T3.student_id WHERE T3.type = 'UG' GROUP BY T1.prof_id ORDER BY COUNT(T2.student_id) DESC LIMIT 1 ;,SELECT T3.graduate_from FROM RA AS T1 INNER JOIN student AS T2 ON T1.student_id = T2.student_id INNER JOIN prof AS T3 ON T2.prof_id = T3.prof_id WHERE T1.type = 'UG' GROUP BY T3.graduate_from ORDER BY COUNT(T3.student_id) DESC LIMIT 1 ;
"SELECT T1.CBSA_name, T1.CBSA_type FROM CBSA AS T1 INNER JOIN zip_data AS T2 ON T1.CBSA = T2.CBSA WHERE T2.city = 'Cabo Rojo' GROUP BY T1.CBSA_name, T1.CBSA_type ;","SELECT T2.CBSA_name, T2.position FROM zip_data AS T1 INNER JOIN CBSA AS T2 ON T1.CBSA = T2.CBSA WHERE T1.city = 'Cabo Rojo' ;"
SELECT DISTINCT T1.last FROM patients AS T1 INNER JOIN allergies AS T2 ON T1.patient = T2.PATIENT WHERE T2.DESCRIPTION = 'Allergy to dairy product' ;,SELECT T2.last FROM allergies AS T1 INNER JOIN patients AS T2 ON T1.patient = T2.PATIENT WHERE T1.DESCRIPTION = 'Allergy to dairy product' ;
SELECT T1.DESCRIPTION FROM medications AS T1 INNER JOIN patients AS T2 ON T1.PATIENT = T2.patient WHERE T2.ssn = '999-94-3751' ;,SELECT T2.DESCRIPTION FROM patients AS T1 INNER JOIN medications AS T2 ON T1.patient = T2.PATIENT WHERE T1.ssn = '999-94-3751' ;
SELECT COUNT(T1.name) FROM enlist AS T1 INNER JOIN enrolled AS T2 ON T1.name = T2.name WHERE T2.school = 'ucsd' AND T1.organ = 'peace_corps' ;,SELECT COUNT(T1.name) FROM enrolled AS T1 INNER JOIN enlist AS T2 ON T1.name = T2.name WHERE T2.school = 'ucsd' AND T1.organ = 'peace_corps' ;
SELECT DISTINCT T1.River FROM located AS T1 INNER JOIN country AS T2 ON T1.Country = T2.Code WHERE T2.Name = 'Canada' AND T1.River IS NOT NULL ;,SELECT DISTINCT T3.Name FROM located AS T1 INNER JOIN river AS T2 ON T1.Name = T2.River INNER JOIN located AS T3 ON T3.Name = T2.River INNER JOIN river AS T4 ON T4.Name = T4.River WHERE T4.Name = ( SELECT Name FROM located WHERE Name = 'River' ) ;
SELECT COUNT(Country) FROM Employees WHERE Title = 'Sales Representative' AND Country = 'UK' ;,SELECT COUNT(T1.EmployeeID) FROM Employees AS T1 INNER JOIN Suppliers AS T2 ON T1.EmployeeID = T2.EmployeeID INNER JOIN EmployeeTerritories AS T3 ON T2.EmployeeID = T3.EmployeeID WHERE T3.Title = 'Sales Representative' AND T1.Country = 'UK' ;
"SELECT COUNT(DISTINCT T2.patient) FROM careplans AS T1 INNER JOIN patients AS T2 ON T1.PATIENT = T2.patient WHERE T2.race = 'black' AND strftime('%Y', T1.STOP) = '2017' ;","SELECT COUNT(DISTINCT T2.patient) FROM careplans AS T1 INNER JOIN patients AS T2 ON T1.PATIENT = T2.patient WHERE T1.race = 'black' AND strftime('%Y', T2.STOP) = '2017' ;"
"SELECT community_area_name, side FROM Community_Area WHERE side = 'Far North'AND population BETWEEN 50000 AND 70000 ;",SELECT community_area_name FROM Community_Area WHERE side = 'Far North' AND population BETWEEN 50000 AND 70000 ;
SELECT COUNT(DISTINCT date) AS days FROM weather WHERE sunrise  time('05:00:00') ;,SELECT COUNT(*) FROM weather WHERE sunrise  '5:00:00' ;
SELECT T1.food_type FROM generalinfo AS T1 INNER JOIN location AS T2 ON T1.id_restaurant = T2.id_restaurant WHERE T2.street_num = 106 AND T2.street_name = 'e 25th ave' ;,SELECT T2.food_type FROM location AS T1 INNER JOIN generalinfo AS T2 ON T1.id_restaurant = T2.id_restaurant WHERE T1.street_name = 'e 25th ave' ;
SELECT COUNT(playerID) FROM players_teams WHERE CAST(oRebounds AS REAL) * 100 / dRebounds = 50 AND year = 1990 ;,SELECT COUNT(DISTINCT T1.playerID) FROM players_teams AS T1 INNER JOIN player_allstar AS T2 ON T1.playerID = T2.playerID WHERE T2.year = 1990 AND T1.o_rebounds = 50 ;
SELECT T2.n_name FROM supplier AS T1 INNER JOIN nation AS T2 ON T1.s_nationkey = T2.n_nationkey ORDER BY T1.s_suppkey DESC LIMIT 1 ;,SELECT T2.n_name FROM supplier AS T1 INNER JOIN nation AS T2 ON T1.s_nationkey = T2.n_nationkey ORDER BY T1.s_acctbal DESC LIMIT 1 ;
SELECT T2.title FROM podcasts AS T1 INNER JOIN reviews AS T2 ON T2.podcast_id = T1.podcast_id WHERE T2.author_id = 'F7E5A318989779D' ;,SELECT T1.title FROM podcasts AS T1 INNER JOIN reviews AS T2 ON T1.podcast_id = T2.podcast_id WHERE T2.author_id = 'F7E5A318989779D' ;
"SELECT COUNT(T2.person_id) FROM competitor_event AS T1 INNER JOIN games_competitor AS T2 ON T1.competitor_id = T2.id INNER JOIN event AS T3 ON T1.event_id = T3.id WHERE T3.event_name LIKE 'Gymnastics Men%s Parallel Bars, Teams' AND T2.age = 10 ;","SELECT COUNT(T3.person_id) FROM competitor_event AS T1 INNER JOIN games_competitor AS T2 ON T1.id = T2.competitor_id INNER JOIN event AS T3 ON T2.event_id = T3.id WHERE T3.event_name = 'Gymnastics Men's Parallel Bars, Teams' AND T3.age = 10 ;"
SELECT AVG(duration) FROM trip WHERE start_date = '7/1/2014%' AND end_date = '7/31/2014%' AND start_station_name = 'Steuart at Market' AND end_station_name = 'Embarcadero at Sansome' ;,SELECT AVG(duration) FROM trip WHERE start_station_name = 'Steuart at Market' AND end_station_name = 'Embarcadero at Sansome' AND start_date = '7/1/2014 0:00' AND end_station_name = 'Embarcadero at Sansome' ;
"SELECT T2.first, T2.last FROM observations AS T1 INNER JOIN patients AS T2 ON T1.PATIENT = T2.patient WHERE T1.DESCRIPTION = 'Body Weight' AND T1.UNITS = 'kg' AND T1.VALUE = 61.97 ;","SELECT T2.first, T1.last FROM observations AS T1 INNER JOIN patients AS T2 ON T1.patient = T2.PATIENT WHERE T1.DESCRIPTION = 'Body Weight' AND T1.UNITS = 'kg' AND T1.VALUE = 61.97 ;"
SELECT MAX(T1.weight) FROM players AS T1 INNER JOIN player_allstar AS T2 ON T1.playerID = T2.playerID WHERE T1.birthCountry = 'USA' ;,SELECT MAX(T2.weight) FROM players AS T1 INNER JOIN player_allstar AS T2 ON T1.playerID = T2.playerID WHERE T1.birthCountry = 'USA' ;
"SELECT T2.county, T2.zip_code FROM state AS T1 INNER JOIN country AS T2 ON T1.abbreviation = T2.state WHERE T1.name = 'Virgin Islands' ;","SELECT T2.county, T2.zip_code FROM state AS T1 INNER JOIN country AS T2 ON T1.abbreviation = T2.state WHERE T1.name = 'Virgin Islands' ;"
SELECT T2.division FROM reviews AS T1 INNER JOIN district AS T2 ON T1.district_id = T2.district_id WHERE T1.Product = 'Eagle Capital' AND T1.Stars > ( SELECT AVG(Stars) FROM reviews AS T1 INNER JOIN district AS T2 ON T1.district_id = T2.district_id ) ;,"SELECT T2.division, T2.division FROM reviews AS T1 INNER JOIN district AS T2 ON T1.district_id = T2.district_id WHERE T1.Product = 'Eagle Capital' AND T1.Stars  ( SELECT AVG(stars) FROM reviews ) ;"
SELECT business_id FROM violations GROUP BY business_id ORDER BY COUNT(business_id) DESC LIMIT 1 ;,SELECT business_id FROM violations GROUP BY business_id ORDER BY COUNT(business_id) DESC LIMIT 1 ;
SELECT COUNT(QuestionID) FROM Answer WHERE UserID = 5 ;,SELECT COUNT(UserID) FROM Answer WHERE UserID = 5 ;
SELECT T4.category_name FROM Reviews AS T1 INNER JOIN Business AS T2 ON T1.business_id = T2.business_id INNER JOIN Business_Categories AS T3 ON T2.business_id = T3.business_id INNER JOIN Categories AS T4 ON T3.category_id = T4.category_id WHERE T1.review_length LIKE 'Medium' AND T2.business_id BETWEEN 6 AND 9 ORDER BY T1.review_stars DESC LIMIT 1 ;,SELECT T3.category_name FROM Business AS T1 INNER JOIN Business_Categories AS T2 ON T1.business_id = T2.business_id INNER JOIN Reviews AS T3 ON T2.business_id = T3.business_id INNER JOIN Categories AS T4 ON T3.category_id = T4.category_id WHERE T1.business_id = 6 AND T1.review_length BETWEEN 6 AND 9 ;
SELECT T2.pid FROM words AS T1 INNER JOIN pages_words AS T2 ON T1.wid = T2.wid WHERE T1.word = 'decimal' ;,SELECT pid FROM pages WHERE word = 'decimal' ;
SELECT T1.Title FROM Paper AS T1 INNER JOIN Conference AS T2 ON T1.ConferenceId = T2.Id WHERE T2.FullName = 'International Conference on Internet Computing' AND T1.Title > '' ;,SELECT T2.Title FROM Conference AS T1 INNER JOIN Paper AS T2 ON T1.ConferenceId = T2.Id WHERE T1.FullName = 'International Conference on Internet Computing' ;
SELECT T2.price FROM coins AS T1 INNER JOIN historical AS T2 ON T1.id = T2.coin_id WHERE T2.date = '2013-04-28' AND T1.name = 'Bitcoin' ;,SELECT T2.price FROM coins AS T1 INNER JOIN historical AS T2 ON T1.id = T2.coin_id WHERE T1.date = '2013-04-28' ;
SELECT T2.positiontitle FROM employee AS T1 INNER JOIN position AS T2 ON T1.positionID = T2.positionID WHERE T2.educationrequired = '2 year degree' AND T1.gender = 'F' GROUP BY T2.positiontitle ORDER BY COUNT(T2.positiontitle) DESC LIMIT 1 ;,SELECT T2.positiontitle FROM employee AS T1 INNER JOIN position AS T2 ON T1.positionID = T2.positionID WHERE T1.educationrequired = '2 year degree' GROUP BY T1.positiontitle ORDER BY COUNT(T1.positionID) DESC LIMIT 1 ;
SELECT T3.university_name FROM ranking_criteria AS T1 INNER JOIN university_ranking_year AS T2 ON T1.id = T2.ranking_criteria_id INNER JOIN university AS T3 ON T3.id = T2.university_id INNER JOIN country AS T4 ON T4.id = T3.country_id WHERE T1.criteria_name = 'Citations' AND T2.year = 2016 AND T1.id = 4 AND T4.country_name = 'Australia' ORDER BY T2.score DESC LIMIT 1 ;,SELECT T3.university_name FROM ranking_criteria AS T1 INNER JOIN university_ranking_year AS T2 ON T1.id = T2.ranking_criteria_id INNER JOIN university AS T3 ON T2.id = T3.university_id INNER JOIN country AS T4 ON T4.country_id = T4.id WHERE T4.country_name = 'Australia' AND T4.year = 2016 ORDER BY T1.score DESC LIMIT 1 ;
SELECT T.game_publisher_id FROM game_platform AS T WHERE T.platform_id = 15 ;,SELECT T FROM game_platform AS T1 INNER JOIN game_publisher_id AS T2 ON T1.game_publisher_id = T2.id WHERE T2.platform_id = 15 ;
SELECT T2.pct_international_students FROM university AS T1 INNER JOIN university_year AS T2 ON T1.id = T2.university_id WHERE T1.university_name = 'University of Oslo' AND T2.year = 2015 ;,SELECT CAST(SUM(CASE WHEN T2.university_name = 'University of Oslo' THEN 1 ELSE 0 END) AS REAL) * 100 / COUNT(T1.pct_international_students) FROM university_year AS T1 INNER JOIN university AS T2 ON T1.university_id = T2.id WHERE T1.year = 2015 AND T2.university_name = 'University of Oslo' ;
"SELECT business_id, risk_category, description FROM violations WHERE violation_type_id = '103101' ;","SELECT business_id, risk_category, description FROM violations WHERE violation_type_id = 103101 ;"
"SELECT COUNT(T1.sex) FROM client AS T1 INNER JOIN events AS T2 ON T1.client_id = T2.Client_ID WHERE strftime('%Y', T2.Date received) = '2016' AND T1.sex = 'Male' AND T2.Product = 'Credit card' ;",SELECT COUNT(T1.client_id) FROM client AS T1 INNER JOIN events AS T2 ON T1.client_id = T2.Client_ID WHERE T2.Date received = '2016' AND T1.sex = 'Male' AND T1.Product = 'Credit card' ;
SELECT T2.Name FROM PersonPhone AS T1 INNER JOIN PhoneNumberType AS T2 ON T1.PhoneNumberTypeID = T2.PhoneNumberTypeID GROUP BY T2.Name ORDER BY COUNT(T2.Name) DESC ;,SELECT PhoneNumberTypeID FROM PhoneNumberType ORDER BY PhoneNumberType DESC LIMIT 1 ;
"SELECT DISTINCT T2.movie_id, SUM(T1.rating_score = 5) FROM ratings AS T1 INNER JOIN movies AS T2 ON T1.movie_id = T2.movie_id ORDER BY T2.movie_popularity DESC LIMIT 5 ;",SELECT COUNT(DISTINCT T1.user_id) FROM lists AS T1 INNER JOIN lists_users AS T2 ON T1.list_id = T2.list_id WHERE T2.list_title ='movie' AND T1.rating_score = 5 GROUP BY T1.user_id ORDER BY COUNT(DISTINCT T1.user_id) DESC LIMIT 5 ;
SELECT COUNT(*) FROM Person AS T1 INNER JOIN Credit AS T2 ON T1.name = T2.person WHERE T2.role = 'additional timer' AND T1.birth_country = 'USA' ;,SELECT COUNT(T1.name) FROM Person AS T1 INNER JOIN Credit AS T2 ON T1.name = T2.person WHERE T2.birth_country = 'USA' AND T1.role = 'additional timer' ;
"SELECT DISTINCT T2.ssn FROM conditions AS T1 INNER JOIN patients AS T2 ON T1.PATIENT = T2.patient INNER JOIN all_prevalences AS T3 ON lower(T1.DESCRIPTION) = lower(T3.ITEM) WHERE CAST(T3.""PREVALENCE PERCENTAGE"" AS REAL) * 100 / ( SELECT AVG('PREVALENCE PERCENTAGE') FROM all_prevalences )  30 LIMIT 5 ;",SELECT SUM(CASE WHEN T2.PREVALENCE PERCENTAGE  0.3 THEN 1 ELSE 0 END) AS REAL) * 100 / AVG(T1.PREVALENCE PERCENTAGE) FROM conditions AS T1 INNER JOIN patients AS T2 ON T1.PATIENT = T2.patient INNER JOIN all_prevalences AS T3 ON T2.DESCRIPTION = T3.ITEM WHERE T3.ssn = '5' ;
"SELECT CAST(COUNT(CASE WHEN T3.gender = 'Male' THEN 1 ELSE NULL END) AS REAL) / COUNT(CASE WHEN T3.gender = 'Female' THEN 1 ELSE NULL END) AS RATIO, COUNT(CASE WHEN T3.gender = 'Unspecified' THEN 1 ELSE NULL END) AS UNGENDERS FROM movie AS T1 INNER JOIN movie_cast AS T2 ON T1.movie_id = T2.movie_id INNER JOIN gender AS T3 ON T2.gender_id = T3.gender_id WHERE T1.title = 'Iron Man' ;",SELECT SUM(CASE WHEN T3.gender = 'Female' THEN 1 ELSE 0 END) - SUM(CASE WHEN T3.gender = 'Male' THEN 1 ELSE 0 END) FROM movie AS T1 INNER JOIN movie_cast AS T2 ON T1.movie_id = T2.movie_id INNER JOIN gender AS T3 ON T2.gender_id = T3.gender_id WHERE T3.title = 'Iron Man' THEN 1 ELSE 0 END) AS INT FROM movie AS T4 ON T1.gender = T3.gender = 'Female' ;
SELECT T1.Installs FROM playstore AS T1 INNER JOIN user_reviews AS T2 ON T1.App = T2.App GROUP BY T1.App ORDER BY SUM(T2.Sentiment_Polarity) DESC LIMIT 1 ;,SELECT SUM(T2.Installs) FROM playstore AS T1 INNER JOIN user_reviews AS T2 ON T1.App = T2.App WHERE T1.App = 'CP Installer App' ORDER BY T1.Sentiment_Polarity DESC LIMIT 1 ;
SELECT SUM(T2.l_extendedprice * (1 - T2.l_discount) * (1 + T2.l_tax)) FROM orders AS T1 INNER JOIN lineitem AS T2 ON T1.o_orderkey = T2.l_orderkey WHERE T1.o_custkey = 88931 AND T1.o_orderdate = '1994-07-13' ;,SELECT SUM(T2.l_extendedprice * (1 - T1.l_discount)) / 1 / T2.l_tax FROM orders AS T1 INNER JOIN lineitem AS T2 ON T1.o_orderkey = T2.l_orderkey WHERE T1.o_custkey = 88931 ;
"SELECT T2.StandardCost, T2.ProductNumber FROM ProductCostHistory AS T1 INNER JOIN Product AS T2 ON T1.ProductID = T2.ProductID WHERE T1.ProductID = 888 ;","SELECT T2.StandardCost, T2.ProductNumber FROM ProductCostHistory AS T1 INNER JOIN Product AS T2 ON T1.ProductID = T2.ProductID WHERE T1.ProductID = 888 ;"
SELECT COUNT(DISTINCT T1.UserID) FROM Answer AS T1 INNER JOIN Survey AS T2 ON T1.SurveyID = T2.SurveyID WHERE T2.Description ='mental health survey for 2014' ;,SELECT COUNT(T1.UserID) FROM Answer AS T1 INNER JOIN Survey AS T2 ON T1.SurveyID = T2.SurveyID WHERE T2.Description ='mental health survey for 2014' ;
SELECT T1.height FROM players AS T1 INNER JOIN awards_players AS T2 ON T1.playerID = T2.playerID WHERE T2.award = 'Rookie of the Year' ORDER BY T1.height DESC LIMIT 1 ;,SELECT T2.height FROM awards_players AS T1 INNER JOIN players AS T2 ON T1.playerID = T2.playerID WHERE T1.award = 'Rookie of the Year' GROUP BY T1.playerID ORDER BY COUNT(T1.height) DESC LIMIT 1 ;
"SELECT DISTINCT T1.CountryCode, T2.CountryName FROM Country AS T1 INNER JOIN Indicators AS T2 ON T1.CountryCode = T2.CountryCode WHERE T1.CurrencyUnit = 'Euro' AND (T1.IncomeGroup = 'High income: OECD' OR T1.IncomeGroup = 'High income: nonOECD') ;","SELECT T1.CountryCode, T1.CountryName FROM Country AS T1 INNER JOIN Indicators AS T2 ON T1.CountryCode = T2.CountryCode WHERE T2.CurrencyUnit = 'Euro' AND T1.IncomeGroup = 'High income' ;"
"SELECT CAST(T2.W AS REAL) / T2.G, T1.firstName, T1.lastName, T2.year FROM Master AS T1 INNER JOIN Coaches AS T2 ON T1.coachID = T2.coachID INNER JOIN ( SELECT coachID FROM Coaches ORDER BY CAST(w AS REAL) / g DESC LIMIT 1 ) AS T3 ON T2.coachID = T3.coachID ;","SELECT T1.firstName, T1.lastName, T1.year FROM Master AS T1 INNER JOIN Coaches AS T2 ON T1.coachID = T2.coachID WHERE T2.tmID = 'DET' GROUP BY T1.coachID ORDER BY SUM(T1.g) DESC LIMIT 1 ;"
SELECT T2.EndDate FROM Product AS T1 INNER JOIN ProductCostHistory AS T2 ON T1.ProductID = T2.ProductID WHERE T1.WeightUnitMeasureCode = 'G' ORDER BY T1.Weight DESC LIMIT 1 ;,SELECT T2.EndDate FROM Product AS T1 INNER JOIN ProductCostHistory AS T2 ON T1.ProductID = T2.ProductID WHERE T1.WeightUnitMeasureCode = 'G' GROUP BY T1.ProductID ORDER BY T1.EndDate DESC LIMIT 1 ;
SELECT T3.o_orderkey FROM nation AS T1 INNER JOIN customer AS T2 ON T1.n_nationkey = T2.c_nationkey INNER JOIN orders AS T3 ON T2.c_custkey = T3.o_custkey WHERE T1.n_name = 'GERMANY' ORDER BY T3.o_orderdate LIMIT 1 ;,SELECT T1.o_orderkey FROM orders AS T1 INNER JOIN nation AS T2 ON T1.n_nationkey = T2.n_nationkey INNER JOIN customer AS T3 ON T2.c_custkey = T3.c_custkey WHERE T3.n_name = 'GERMANY' ORDER BY T1.o_orderdate DESC LIMIT 1 ;
SELECT T2.PRED_CLASS FROM IMG_REL AS T1 INNER JOIN PRED_CLASSES AS T2 ON T1.PRED_CLASS_ID = T2.PRED_CLASS_ID WHERE T1.IMG_ID = 68 ;,SELECT T2.PRED_CLASS FROM IMG_REL AS T1 INNER JOIN PRED_CLASSES AS T2 ON T1.PRED_CLASS_ID = T2.PRED_CLASS_ID WHERE T1.IMG_ID = 68 ;
SELECT Phone FROM Customers WHERE CompanyName = 'Around the Horn' ;,SELECT T1.Phone FROM Customers AS T1 INNER JOIN Shippers AS T2 ON T1.CustomerID = T2.CustomerID WHERE T2.CompanyName = 'Around the Horn' ;
"SELECT T3.Name, T2.Quantity FROM Customers AS T1 INNER JOIN Sales AS T2 ON T1.CustomerID = T2.CustomerID INNER JOIN Products AS T3 ON T2.ProductID = T3.ProductID WHERE T2.SalesID BETWEEN 1 AND 10 ;","SELECT T3.Name, T3.Quantity FROM Sales AS T1 INNER JOIN Customers AS T2 ON T1.CustomerID = T2.CustomerID INNER JOIN Products AS T3 ON T2.ProductID = T3.ProductID WHERE T1.SalesID BETWEEN 1 AND 10 ;"
SELECT Title FROM Paper WHERE year = 1996 ;,SELECT T1.Title FROM Paper AS T1 INNER JOIN Paper AS T2 ON T1.Id = T2.Year WHERE T2.Year = 1996 ;
SELECT T2.Product FROM client AS T1 INNER JOIN events AS T2 ON T1.client_id = T2.Client_ID WHERE T1.age > 65 ORDER BY T1.client_id DESC LIMIT 1 ;,SELECT T2.Product FROM client AS T1 INNER JOIN events AS T2 ON T1.client_id = T2.Client_ID GROUP BY T1.Product ORDER BY COUNT(T1.age) DESC LIMIT 1 ;
SELECT T1.name FROM Ingredient AS T1 INNER JOIN Quantity AS T2 ON T1.ingredient_id = T2.ingredient_id WHERE T2.preparation = 'cooked in beef broth' ;,SELECT T2.name FROM Ingredient AS T1 INNER JOIN Quantity AS T2 ON T1.ingredient_id = T2.ingredient_id WHERE T1.preparing = 'cooked in beef broth' ;
SELECT SUM(CASE WHEN T2.Venue_Name = 'Newlands' THEN 1 ELSE 0 END) FROM Match AS T1 INNER JOIN Venue AS T2 ON T2.Venue_Id = T1.Venue_Id ;,SELECT COUNT(T1.Match_Id) FROM Match AS T1 INNER JOIN Venue AS T2 ON T1.Venue_Id = T2.Venue_Id WHERE T2.Venue_Name = 'Newlands' ;
"SELECT T3.episode_id, T2.role FROM Person AS T1 INNER JOIN Award AS T2 ON T1.person_id = T2.person_id INNER JOIN Episode AS T3 ON T2.episode_id = T3.episode_id WHERE T2.year = 1999 AND T2.award = 'Outstanding Guest Actress in a Drama Series' AND T2.organization = 'Primetime Emmy Awards' AND T1.name = 'Julia Roberts' AND T2.result = 'Nominee' ;",SELECT T3.role FROM Person AS T1 INNER JOIN Award AS T2 ON T1.person_id = T2.person_id INNER JOIN Episode AS T3 ON T2.episode_id = T3.episode_id WHERE T1.name = 'Julia Roberts' AND T1.year = 1999 AND T1.award = 'Outstanding Guest Actress in a Drama Series' AND T1.organization = 'Primetime Emmy Awards' ;
SELECT CAST(SUM(CASE WHEN T3.user_subscriber = 1 THEN 1 ELSE 0 END) AS REAL) * 100 / COUNT(*) FROM ratings AS T1 INNER JOIN movies AS T2 ON T1.movie_id = T2.movie_id INNER JOIN lists_users AS T3 ON T1.user_id = T3.user_id WHERE T2.movie_title = 'G.I. Jane' ;,SELECT CAST(COUNT(CASE WHEN T3.rating_date_utc = '2014-05-08' THEN 1 ELSE NULL END) AS REAL) * 100 / COUNT(T3.rating_timestamp_utc) FROM ratings AS T1 INNER JOIN lists_users AS T2 ON T1.user_id = T2.user_id INNER JOIN movies AS T3 ON T2.movie_id = T3.movie_id INNER JOIN ratings_users AS T4 ON T3.user_id = T4.user_id WHERE T3.user_avatar_image_utc = T3.user_id ;
SELECT DISTINCT T3.Product Name FROM people AS T1 INNER JOIN central_superstore AS T2 ON T1.Customer ID = T2.Customer ID INNER JOIN product AS T3 ON T3.Product ID = T2.Product ID WHERE T1.Customer Name = 'Becky Martin' AND T3.Region = 'Central' ;,SELECT T3.Product Name FROM people AS T1 INNER JOIN central_superstore AS T2 ON T1.Customer ID = T2.Customer ID INNER JOIN product AS T3 ON T2.Product ID = T3.Product ID WHERE T1.Customer Name = 'Becky Martin' ;
"SELECT T1.TransactionType FROM TransactionHistoryArchive AS T1 INNER JOIN Product AS T2 ON T1.ProductID = T2.ProductID WHERE T2.Name = 'LL Road Handlebars' AND STRFTIME('%Y-%m-%d',T1.TransactionDate) = '2012-11-03' ;",SELECT T3.TransactionType FROM TransactionHistoryArchive AS T1 INNER JOIN Product AS T2 ON T1.ProductID = T2.ProductID INNER JOIN TransactionHistory AS T3 ON T2.ProductID = T3.ProductID WHERE T1.Name = 'LL Road Handlebars' AND T1.TransactionDate = '2012-02-03' ;
SELECT COUNT(city) FROM location WHERE street_name = 'railroad' AND street_num  1000 ;,SELECT COUNT(id_restaurant) FROM location WHERE street_num  1000 AND street_name = 'railroad' ;
"SELECT T.l_orderkey FROM ( SELECT T2.l_orderkey, COUNT(T2.l_partkey) AS num FROM part AS T1 INNER JOIN lineitem AS T2 ON T1.p_partkey = T2.l_partkey WHERE T1.p_container = 'JUMBO CASE' GROUP BY T2.l_orderkey ) AS T WHERE T.num > 2 ;",SELECT T2.l_orderkey FROM part AS T1 INNER JOIN lineitem AS T2 ON T1.p_partkey = T2.p_partkey WHERE T1.p_container = 'JUMBO CASE' GROUP BY T1.l_orderkey ORDER BY COUNT(T1.l_partkey) > 2 ;
SELECT COUNT(T1.publication_date) FROM book AS T1 INNER JOIN book_author AS T2 ON T1.book_id = T2.book_id INNER JOIN author AS T3 ON T3.author_id = T2.author_id INNER JOIN order_line AS T4 ON T4.book_id = T1.book_id WHERE T3.author_name = 'Stephen King' ORDER BY T1.publication_date ASC LIMIT 1 ;,SELECT COUNT(*) FROM book AS T1 INNER JOIN book_author AS T2 ON T1.book_id = T2.book_id INNER JOIN order_line AS T3 ON T2.order_id = T3.order_id INNER JOIN author AS T4 ON T3.author_id = T4.author_id WHERE T4.author_name = 'Stephen King' ;
SELECT name FROM longest_absense_from_school WHERE month = ( SELECT MAX(month) FROM longest_absense_from_school ) ;,SELECT name FROM longest_absense_from_school ORDER BY month DESC LIMIT 1 ;
"SELECT T1.Year, T2.FullName FROM Paper AS T1 INNER JOIN Journal AS T2 ON T1.JournalId = T2.Id WHERE T1.Title = 'Area Effects in Cepaea' ;","SELECT T2.Year, T1.FullName FROM Journal AS T1 INNER JOIN Paper AS T2 ON T1.JournalId = T2.Id WHERE T1.Title = 'Area Effects in Cepaea' ;"
SELECT T.genre_id FROM game AS T WHERE T.game_name = '25 to Life' ;,SELECT T FROM game AS T1 INNER JOIN game AS T2 ON T1.genre_id = T2.id WHERE T2.game_name = '25 to Life' ;
"SELECT T1.ssn, T1.address FROM patients AS T1 INNER JOIN encounters AS T2 ON T1.patient = T2.PATIENT WHERE T2.DATE = '2008-06-13' AND T2.REASONDESCRIPTION = 'Viral sinusitis (disorder)' AND T2.DESCRIPTION = 'Encounter for symptom' ;","SELECT T2.ssn, T2.address FROM encounters AS T1 INNER JOIN patients AS T2 ON T1.patient = T2.PATIENT WHERE T1.REASONDESCRIPTION = 'Viral sinusitis (disorder)' AND T2.DATE = '2008-06-13' ;"
SELECT T2.Name FROM ProductInventory AS T1 INNER JOIN Product AS T2 ON T1.ProductID = T2.ProductID WHERE T1.LocationID = 1 AND T1.Shelf = 'L' AND T1.Bin = 6 ;,SELECT T2.Name FROM Product AS T1 INNER JOIN ProductInventory AS T2 ON T1.ProductID = T2.ProductID WHERE T1.LocationID = 1 AND T1.Bin = 6 ;
SELECT T1.title FROM essays AS T1 INNER JOIN donations AS T2 ON T1.projectid = T2.projectid WHERE T2.donation_message LIKE 'Donation on behalf of Matt Carpenter because I''m a strong believer in education.' ;,SELECT T2.title FROM essays AS T1 INNER JOIN donations AS T2 ON T1.projectid = T2.projectid WHERE T1.donation_message = 'Donation on behalf of Matt Carpenter because I'm a strong believer in education' ;
"SELECT T1.first_name, T1.last_name FROM historical AS T1 INNER JOIN historical-terms AS T2 ON T1.bioguide_id = T2.bioguide WHERE T2.party = 'Pro-Administration' AND CAST(T2.start AS DATE) = 1791 AND CAST(T2.END AS DATE) >= 1791 ;",SELECT T2.official_full_name FROM historical-terms AS T1 INNER JOIN historical AS T2 ON T1.bioguide_id = T2.bioguide WHERE T1.start = 1791 AND T1.end >= 1791-03-03 AND T1.party = 'Pro-Administration' ;
SELECT T1.LastName FROM Employees AS T1 INNER JOIN Orders AS T2 ON T1.EmployeeID = T2.EmployeeID WHERE T2.OrderID = 10521 AND T2.CustomerID = 'CACTU' ;,SELECT T1.LastName FROM Employees AS T1 INNER JOIN Orders AS T2 ON T1.EmployeeID = T2.EmployeeID INNER JOIN EmployeeTerritories AS T3 ON T2.EmployeeID = T3.EmployeeID WHERE T3.OrderID = 10521 AND T3.CustomerID = 'CACTU' ;
"SELECT name FROM coins WHERE LENGTH(tag_names) - LENGTH(replace(tag_names, ',', '')) = 2 ;",SELECT name FROM coins WHERE tag_names = ( SELECT tag_names FROM coins WHERE tag_names = ( SELECT tag_names FROM coins WHERE tag_names = '3' ) ) - length ( SELECT length FROM coins WHERE tag_names = ( SELECT tag_names FROM coins WHERE tag_names = '3' ) ;
SELECT T2.address FROM shipment AS T1 INNER JOIN driver AS T2 ON T1.driver_id = T2.driver_id GROUP BY T2.driver_id HAVING SUM(T1.weight) > 50000 ;,SELECT T2.address FROM shipment AS T1 INNER JOIN driver AS T2 ON T1.driver_id = T2.driver_id WHERE T1.weight > 50000 ;
"SELECT T2.business_id, T3.active FROM Categories AS T1 INNER JOIN Business_Categories AS T2 ON T1.category_id = T2.category_id INNER JOIN Business AS T3 ON T2.business_id = T3.business_id WHERE T1.category_name = 'Diagnostic Imaging' ;","SELECT T3.business_id, T3.active FROM Categories AS T1 INNER JOIN Business_Categories AS T2 ON T1.category_id = T2.category_id INNER JOIN Business AS T3 ON T2.business_id = T3.business_id WHERE T1.category_name = 'Diagnostic Imaging' ;"
SELECT T1.GovernmentForm FROM Country AS T1 INNER JOIN City AS T2 ON T1.Code = T2.CountryCode WHERE T2.Name = 'Manila' ;,SELECT T2.GovernmentForm FROM City AS T1 INNER JOIN Country AS T2 ON T1.CountryCode = T2.Code WHERE T1.Name = 'Manila' ;
"SELECT DISTINCT category, role FROM Credit WHERE person = 'Bonita Pietila' ;","SELECT category, role FROM Credit WHERE person = 'Bonita Pietila' ;"
SELECT T2.DESCRIPTION FROM patients AS T1 INNER JOIN conditions AS T2 ON T1.patient = T2.PATIENT WHERE T1.first = 'Wilmer' AND T1.last = 'Koepp' ;,SELECT T2.DESCRIPTION FROM patients AS T1 INNER JOIN conditions AS T2 ON T1.patient = T2.PATIENT WHERE T1.first = 'Wilmer' AND T1.last = 'Koepp' ;
"SELECT T1.word, T1.occurrences FROM words AS T1 INNER JOIN pages_words AS T2 ON T1.wid = T2.wid WHERE T2.pid = ( SELECT pid FROM pages WHERE title = 'Atomium' ) LIMIT 3 ;","SELECT T1.word, SUM(T3.occurrences) FROM words AS T1 INNER JOIN pages_words AS T2 ON T1.wid = T2.wid INNER JOIN pages AS T3 ON T2.pid = T3.pid WHERE T1.title = 'Atomium' ;"
SELECT SUM(T2.docks_available) FROM trip AS T1 INNER JOIN status AS T2 ON T2.station_id = T1.start_station_id WHERE T1.zip_code = 912900 ;,SELECT COUNT(DISTINCT T2.docks_available) FROM trip AS T1 INNER JOIN status AS T2 ON T1.station_id = T2.id WHERE T1.zip_code = '9812900' ;
SELECT COUNT(T2.SalesPersonID) FROM Products AS T1 INNER JOIN Sales AS T2 ON T1.ProductID = T2.ProductID WHERE T1.Name = 'Headlights - Weatherproof' ;,SELECT COUNT(T1.SalesPersonID) FROM Sales AS T1 INNER JOIN Products AS T2 ON T1.ProductID = T2.ProductID WHERE T2.Name = 'Headlights - Weatherproof' ;
SELECT T1.playerID FROM Goalies AS T1 INNER JOIN Master AS T2 ON T1.playerID = T2.playerID WHERE T1.year = '1978' AND T2.weight > 190 ORDER BY T1.GA DESC LIMIT 1 ;,SELECT T2.GA FROM Master AS T1 INNER JOIN Goalies AS T2 ON T1.playerID = T2.playerID WHERE T1.weight > 190 AND T1.year = 1978 ;
SELECT T2.DATE FROM patients AS T1 INNER JOIN immunizations AS T2 ON T1.patient = T2.PATIENT WHERE T2.DESCRIPTION = 'Influenza seasonal injectable preservative free' AND T1.first = 'Joye' AND T1.last = 'Homenick' ORDER BY T2.DATE DESC LIMIT 1 ;,SELECT T2.DATE FROM patients AS T1 INNER JOIN immunizations AS T2 ON T1.patient = T2.PATIENT WHERE T1.first = 'Joye' AND T1.last = 'Homenick' ORDER BY T1.DESCRIPTION DESC LIMIT 1 ;
SELECT CAST(COUNT(OBJ_CLASS_ID) AS REAL) / COUNT(DISTINCT IMG_ID) FROM IMG_OBJ ;,SELECT CAST(COUNT(IMG_ID) AS REAL) / COUNT(IMG_ID) FROM IMG_OBJ WHERE OBJ_CLASS_ID = ( SELECT IMG_ID FROM IMG_OBJ ) ;
"SELECT OBJ_CLASS_ID FROM OBJ_CLASSES WHERE OBJ_CLASS IN ('bus', 'train', 'aeroplane', 'car', 'etc') ;","SELECT OBJ_CLASS_ID FROM OBJ_CLASSES WHERE OBJ_CLASS IN ('bus', 'train', 'aeroplane', 'car', 'etc.') ;"
"SELECT CAST(SUM(IIF(T1.rating = 1, 1, 0)) AS REAL) * 100 / COUNT(T1.movieid) FROM u2base AS T1 INNER JOIN movies AS T2 ON T1.movieid = T2.movieid WHERE T2.country = 'USA' ;",SELECT CAST(COUNT(CASE WHEN T2.rating = 1 THEN 1 ELSE NULL END) AS REAL) * 100 / COUNT(T1.movieid) FROM u2base AS T1 INNER JOIN movies AS T2 ON T1.movieid = T2.movieid WHERE T1.country = 'Area' ;
SELECT AVG(T1.num_pages) FROM book AS T1 INNER JOIN book_author AS T2 ON T1.book_id = T2.book_id INNER JOIN author AS T3 ON T3.author_id = T2.author_id WHERE T3.author_name = 'Jennifer Crusie' ;,SELECT AVG(T1.num_pages) FROM book AS T1 INNER JOIN book_author AS T2 ON T1.book_id = T2.book_id INNER JOIN author AS T3 ON T2.author_id = T3.author_id WHERE T3.author_name = 'Jennifer Crusie' ;
SELECT T2.PayFrequency FROM Employee AS T1 INNER JOIN EmployeePayHistory AS T2 ON T1.BusinessEntityID = T2.BusinessEntityID ORDER BY T1.SickLeaveHours ASC LIMIT 1 ;,SELECT T2.Rate FROM Employee AS T1 INNER JOIN EmployeePayHistory AS T2 ON T1.BusinessEntityID = T2.BusinessEntityID WHERE T1.SickLeaveHours = ( SELECT PayFrequency FROM EmployeePayHistory ORDER BY PayFrequency DESC LIMIT 1 ) ;
SELECT T3.country FROM price AS T1 INNER JOIN production AS T2 ON T1.ID = T2.ID INNER JOIN country AS T3 ON T3.origin = T2.country WHERE T1.price = 44274.40748 ;,SELECT T3.country FROM price AS T1 INNER JOIN production AS T2 ON T1.ID = T2.ID INNER JOIN country AS T3 ON T3.origin = T2.country WHERE T1.price = 44274.40748 ;
SELECT T3.country FROM data AS T1 INNER JOIN production AS T2 ON T1.ID = T2.ID INNER JOIN country AS T3 ON T3.origin = T2.country WHERE T1.car_name = 'chevrolet malibu' ;,SELECT T3.country FROM data AS T1 INNER JOIN production AS T2 ON T1.ID = T2.ID INNER JOIN country AS T3 ON T2.origin = T3.country WHERE T1.car_name = 'chevrolet malibu' ;
SELECT T1.region_name FROM noc_region AS T1 INNER JOIN person_region AS T2 ON T1.id = T2.region_id INNER JOIN person AS T3 ON T2.person_id = T3.id WHERE T3.full_name = 'John Aalberg' ;,SELECT T3.region_name FROM person AS T1 INNER JOIN person_region AS T2 ON T1.id = T2.person_id INNER JOIN noc_region AS T3 ON T2.region_id = T3.id WHERE T1.full_name = 'John Aalberg' ;
SELECT T2.university_name FROM university_year AS T1 INNER JOIN university AS T2 ON T1.university_id = T2.id WHERE T1.year = 2015 ORDER BY T1.num_students ASC LIMIT 1 ;,SELECT T2.university_name FROM university_year AS T1 INNER JOIN university AS T2 ON T1.university_id = T2.id WHERE T1.year = 2015 ORDER BY T1.num_students DESC LIMIT 1 ;
SELECT COUNT(T2.city) FROM trip AS T1 INNER JOIN station AS T2 ON T2.name = T1.end_station_name WHERE T2.city = 'Mountain View' AND T1.start_date LIKE '%2006%' ;,SELECT COUNT(T1.id) FROM trip AS T1 INNER JOIN station AS T2 ON T1.id = T2.end_station_name WHERE T2.city = 'Mountain View' AND T1.start_date LIKE '%2006%' ;
SELECT DISTINCT T1.SpecialNotes FROM Country AS T1 INNER JOIN Indicators AS T2 ON T1.CountryCode = T2.CountryCode WHERE T2.Value = ( SELECT Value FROM Indicators WHERE IndicatorName LIKE 'Adolescent fertility rate%' ORDER BY Value DESC LIMIT 1 ) ;,SELECT T1.SpecialNotes FROM Country AS T1 INNER JOIN Indicators AS T2 ON T1.CountryCode = T2.CountryCode WHERE T2.IndicatorName LIKE 'Adolescent fertility rate%' GROUP BY T1.SpecialNotes ORDER BY SUM(T2.Value) DESC LIMIT 1 ;
SELECT T3.author_name FROM book AS T1 INNER JOIN book_author AS T2 ON T1.book_id = T2.book_id INNER JOIN author AS T3 ON T3.author_id = T2.author_id WHERE T1.title = 'The Mystery in the Rocky Mountains' ;,SELECT T3.author_name FROM book AS T1 INNER JOIN book_author AS T2 ON T1.book_id = T2.book_id INNER JOIN author AS T3 ON T2.author_id = T3.author_id WHERE T1.title = 'The Mystery in the Rocky Mountains' ;
SELECT COUNT(ShortName) FROM Journal WHERE ShortName = '' ;,SELECT COUNT(Id) FROM Journal WHERE ShortName IS NULL ;
"SELECT T1.name, T2.name, T3.name FROM disabled AS T1 INNER JOIN male AS T2 ON T1.name = T2.name INNER JOIN filed_for_bankrupcy AS T3 ON T1.name = T3.name ;",SELECT T1.name FROM disabled AS T1 INNER JOIN filed_for_bankrupcy AS T2 ON T1.name = T2.name ;
"SELECT T1.Player_Name, T1.DOB FROM Player AS T1 INNER JOIN Bowling_Style AS T2 ON T2.Bowling_Id = T1.Bowling_skill WHERE T2.Bowling_skill = 'Left-arm fast' ;","SELECT T2.Player_Name, T2.DOB FROM Bowling_Style AS T1 INNER JOIN Player AS T2 ON T1.Bowling_skill = T2.Bowling_Id WHERE T1.Bowling_skill = 'Left-arm fast' ;"
SELECT T1.company_name FROM production_company AS T1 INNER JOIN movie_company AS T2 ON T1.company_id = T2.company_id INNER JOIN movie AS T3 ON T2.movie_id = T3.movie_id GROUP BY T1.company_id ORDER BY SUM(T3.revenue) DESC LIMIT 1 ;,SELECT T3.company_name FROM production_company AS T1 INNER JOIN movie_company AS T2 ON T1.company_id = T2.company_id INNER JOIN movie AS T3 ON T2.movie_id = T3.movie_id WHERE T1.revenue = ( SELECT MAX(revenue) FROM movie ) ;
SELECT COUNT(T2.customerNumber) FROM orderdetails AS T1 INNER JOIN orders AS T2 ON T1.orderNumber = T2.orderNumber WHERE T1.productCode IN ( SELECT productCode FROM products WHERE productName = '1957 Chevy Pickup' ) ;,SELECT COUNT(T1.customerNumber) FROM customers AS T1 INNER JOIN orderdetails AS T2 ON T1.customerNumber = T2.customerNumber INNER JOIN products AS T3 ON T2.productCode = T3.productCode WHERE T3.productName = '1957 Chevy Pickup' ;
"SELECT T1.App, T2.Translated_Review FROM playstore AS T1 INNER JOIN user_reviews AS T2 ON T1.App = T2.App WHERE T1.Rating = 3.9 ;","SELECT T2.App, T1.Translated_Review FROM playstore AS T1 INNER JOIN user_reviews AS T2 ON T1.App = T2.App WHERE T1.Rating = 3.9 ORDER BY T1.Rating ASC LIMIT 1 ;"
SELECT AVG(month) FROM longest_absense_from_school ;,SELECT AVG(month) FROM longest_absense_from_school ;
SELECT T2.genre_name FROM game AS T1 INNER JOIN genre AS T2 ON T1.genre_id = T2.id WHERE T1.game_name = 'Advent Rising' ;,SELECT T2.genre_name FROM game AS T1 INNER JOIN genre AS T2 ON T1.genre_id = T2.id WHERE T1.game_name = 'Advent Rising' ;
SELECT COUNT(*) FROM advisedBy AS T1 INNER JOIN person AS T2 ON T1.p_id = T2.p_id WHERE T1.p_id_dummy = 5 AND T2.student = 1 AND T2.yearsInProgram = 'Year_5' ;,SELECT COUNT(T1.p_id_dummy) FROM advisedBy AS T1 INNER JOIN person AS T2 ON T1.p_id = T2.p_id WHERE T2.yearsInProgram = 'Year_5' ;
"SELECT T1.FL_DATE, T1.TAIL_NUM FROM Airlines AS T1 INNER JOIN Air Carriers AS T2 ON T1.OP_CARRIER_AIRLINE_ID = T2.Code WHERE T2.Description = 'Ross Aviation Inc.: GWE' ;","SELECT T2.FL_DATE, TAIL_NUM FROM Airlines AS T1 INNER JOIN Air Carriers AS T2 ON T1.Code = T2.OP_CARRIER_AIRLINE_ID WHERE T1.Description = 'Ross Aviation Inc.: GWE' ;"
SELECT T2.n_name FROM supplier AS T1 INNER JOIN nation AS T2 ON T1.s_nationkey = T2.n_nationkey ORDER BY T1.s_acctbal LIMIT 1 ;,SELECT T2.n_name FROM supplier AS T1 INNER JOIN nation AS T2 ON T1.s_nationkey = T2.n_nationkey ORDER BY T1.s_acctbal DESC LIMIT 5 ;
"SELECT T.TEAM FROM ( SELECT T2.TEAM, COUNT(DISTINCT T1.ELITEID) FROM PlayerInfo AS T1 INNER JOIN SeasonStatus AS T2 ON T1.ELITEID = T2.ELITEID WHERE T1.nation = 'Sweden' GROUP BY T2.TEAM ORDER BY COUNT(DISTINCT T1.ELITEID) DESC LIMIT 1 ) AS T ;",SELECT T2.TEAM FROM SeasonStatus AS T1 INNER JOIN PlayerInfo AS T2 ON T1.ELITEID = T2.ELITEID WHERE T1.nation = 'Sweden' GROUP BY T2.TEAM ORDER BY COUNT(T2.TEAM) DESC LIMIT 1 ;
"SELECT T.n_name FROM ( SELECT T2.n_name, SUM(T1.s_acctbal) AS num FROM supplier AS T1 INNER JOIN nation AS T2 ON T1.s_nationkey = T2.n_nationkey WHERE T1.s_acctbal  0 GROUP BY T1.s_nationkey ) AS T ORDER BY T.num LIMIT 2 ;",SELECT T2.c_name FROM supplier AS T1 INNER JOIN nation AS T2 ON T1.s_nationkey = T2.n_nationkey WHERE T1.s_acctbal  0 GROUP BY T1.c_name ORDER BY COUNT(T1.s_acctbal) DESC LIMIT 2 ;
SELECT T1.platform_name FROM platform AS T1 INNER JOIN game_platform AS T2 ON T1.id = T2.platform_id INNER JOIN game_publisher AS T3 ON T2.game_publisher_id = T3.id INNER JOIN game AS T4 ON T3.game_id = T4.id WHERE T4.game_name = 'Counter Force' ;,SELECT T3.platform_name FROM game AS T1 INNER JOIN game_publisher AS T2 ON T1.id = T2.game_publisher_id INNER JOIN platform AS T3 ON T2.platform_id = T3.id WHERE T1.game_name = '15 Days' ;
"SELECT T2.value, T2.units FROM patients AS T1 INNER JOIN observations AS T2 ON T1.patient = T2.PATIENT WHERE T1.first = 'Elly' AND T1.last = 'Koss' AND T2.date = '2008-03-11' AND T2.description = 'Body Height' ;",SELECT T2.VALUE FROM patients AS T1 INNER JOIN observations AS T2 ON T1.patient = T2.PATIENT WHERE T1.first = 'Elly' AND T1.last = 'Koss' AND T1.description = 'Body Height' ;
"SELECT T1.weight, T1.height FROM players AS T1 INNER JOIN player_allstar AS T2 ON T1.playerID = T2.playerID ORDER BY T2.rebounds DESC LIMIT 1 ;","SELECT T2.weight, T2.height FROM player_allstar AS T1 INNER JOIN players AS T2 ON T1.playerID = T2.playerID GROUP BY T1.playerID ORDER BY SUM(T2.rebounds) DESC LIMIT 1 ;"
SELECT COUNT(user_id) FROM Users WHERE user_yelping_since_year = 2004 ;,SELECT COUNT(user_id) FROM Users WHERE user_yelping_since_year = 2004 ;
SELECT COUNT(ID) FROM Customers WHERE MARITAL_STATUS = 'Widowed' AND age  50 ;,SELECT COUNT(ID) FROM Customers WHERE MARITAL_STATUS = 'Widowed' AND age  50 ;
"SELECT T2.list_title, T1.user_avatar_image_url FROM lists_users AS T1 INNER JOIN lists AS T2 ON T1.list_id = T2.list_id WHERE T1.user_id = 85981819 ORDER BY T2.list_creation_timestamp_utc LIMIT 1 ;",SELECT T2.list_title FROM lists AS T1 INNER JOIN lists_users AS T2 ON T1.list_id = T2.list_id WHERE T1.user_id = 85981819 ;
SELECT T2.OBJ_CLASS FROM IMG_OBJ AS T1 INNER JOIN OBJ_CLASSES AS T2 ON T1.OBJ_CLASS_ID = T2.OBJ_CLASS_ID ORDER BY T1.H LIMIT 1 ;,SELECT T2.OBJ_CLASS FROM IMG_OBJ AS T1 INNER JOIN OBJ_CLASSES AS T2 ON T1.OBJ_CLASS_ID = T2.OBJ_CLASS_ID WHERE T1.IMG_ID = ( SELECT IMG_ID FROM IMG_OBJ ORDER BY H ASC LIMIT 1 ) ;
"SELECT SUBSTR(CAST(T1.start_date AS TEXT), INSTR(T1.start_date,''), -4) FROM trip AS T1 INNER JOIN station AS T2 ON T2.name = T1.start_station_name WHERE T2.city = 'San Francisco' GROUP BY T1.start_station_name ORDER BY COUNT(T1.id) DESC LIMIT 1 ;",SELECT T2.year(T1.start_date) FROM trip AS T1 INNER JOIN station AS T2 ON T1.name = T2.start_station_name WHERE T1.city = 'San Francisco' GROUP BY T2.start_station_name ORDER BY COUNT(T1.start_date) DESC LIMIT 1 ;
SELECT T1.publisher_name FROM publisher AS T1 INNER JOIN game_publisher AS T2 ON T1.id = T2.publisher_id INNER JOIN game AS T3 ON T2.game_id = T3.id WHERE T3.game_name = 'ModNation Racers' ;,SELECT T3.publisher_name FROM game AS T1 INNER JOIN game_publisher AS T2 ON T1.id = T2.game_id INNER JOIN publisher AS T3 ON T2.publisher_id = T3.id WHERE T1.game_name = 'ModNation Racers' ;
SELECT (CASE WHEN T2.percent_change_7d > 0 THEN 'INCREASED' ELSE 'DECREASED' END) FROM coins AS T1 INNER JOIN historical AS T2 ON T1.id = T2.coin_id WHERE T2.date = '2013-05-05' AND T1.name = 'Bitcoin' ;,SELECT T2.percent_change_7d FROM coins AS T1 INNER JOIN historical AS T2 ON T1.id = T2.coin_id WHERE T1.date = '2013-05-05' AND T1.name = 'Bitcoin' ;
SELECT CAST(SUM(T2.year_id - T1.user_yelping_since_year) AS REAL) / COUNT(T1.user_id) FROM Users AS T1 INNER JOIN Elite AS T2 ON T1.user_id = T2.user_id ;,SELECT AVG(T1.user_yelping_since_year) FROM Users AS T1 INNER JOIN Elite AS T2 ON T1.user_id = T2.user_id INNER JOIN Years AS T3 ON T2.year_id = T3.year_id WHERE T3.user_id = 'Elite' ;
SELECT T1.name FROM Person AS T1 INNER JOIN Credit AS T2 ON T1.person_id = T2.person_id WHERE T2.role = 'Alex Brown' AND T2.credited = 'true' ;,SELECT T2.name FROM Credit AS T1 INNER JOIN Person AS T2 ON T1.person_id = T2.person_id WHERE T1.role = 'Alex Brown' AND T1.credited = 'true' ;
SELECT DISTINCT T1.LongName FROM Country AS T1 INNER JOIN footnotes AS T2 ON T1.CountryCode = T2.Countrycode INNER JOIN Series AS T3 ON T2.Seriescode = T3.SeriesCode WHERE T3.Topic = 'Poverty: Shared prosperity' ;,SELECT T3.LongName FROM FootNotes AS T1 INNER JOIN Country AS T2 ON T1.CountryCode = T2.Countrycode INNER JOIN Series AS T3 ON T2.Seriescode = T3.Seriescode WHERE T1.Topic = 'Poverty: Shared Prosperity' ;
"SELECT T.Country FROM ( SELECT T2.Country, SUM(T1.Sentiment) AS num FROM twitter AS T1 INNER JOIN location AS T2 ON T1.LocationID = T2.LocationID WHERE T1.Sentiment > 0 GROUP BY T2.Country ) T ORDER BY T.num DESC LIMIT 1 ;",SELECT T2.Country FROM twitter AS T1 INNER JOIN location AS T2 ON T1.LocationID = T2.LocationID WHERE T1.Sentiment > 0 GROUP BY T1.Country ORDER BY COUNT(T1.Sentiment) DESC LIMIT 1 ;
"SELECT T1.BusinessEntityID, T2.'Group' FROM SalesPerson AS T1 INNER JOIN SalesTerritory AS T2 USING (territoryid) WHERE T1.CommissionPct >= 0.018 ;",SELECT COUNT(T2.BusinessEntityID) FROM SalesTerritory AS T1 INNER JOIN SalesPerson AS T2 ON T1.TerritoryID = T2.TerritoryID WHERE T1.CommissionPct >= 0.018 ;
"SELECT T2.rating FROM Award AS T1 INNER JOIN Episode AS T2 ON T1.episode_id = T2.episode_id WHERE T1.award = 'Outstanding Voice-Over Performance' AND SUBSTR(T1.year, 1, 4) = '2009' AND T1.person = 'Dan Castellaneta' ;",SELECT T2.rating FROM Award AS T1 INNER JOIN Episode AS T2 ON T1.episode_id = T2.episode_id WHERE T1.person = 'Dan Castellaneta' AND T1.year = 2009 AND T1.award = 'Outstanding Voice-Over Performance' ;
SELECT T1.year FROM Teams AS T1 INNER JOIN TeamsSC AS T2 ON T1.tmID = T2.tmID AND T1.year = T2.year WHERE T1.name = 'Montreal Canadiens' AND T2.PIM = 49 ;,"SELECT T1.year, T1.name FROM Teams AS T1 INNER JOIN TeamsSC AS T2 ON T1.tmID = T2.tmID INNER JOIN abbrev AS T3 ON T2.year = T3.year AND T3.confID = 'Montreal Canadiens' AND T3.pIM = 49 ;"
SELECT DISTINCT T1.Title FROM works AS T1 INNER JOIN chapters AS T2 ON T1.id = T2.work_id INNER JOIN paragraphs AS T3 ON T2.id = T3.chapter_id INNER JOIN characters AS T4 ON T3.character_id = T4.id WHERE T4.CharName = 'Shylock' ;,SELECT T3.Title FROM characters AS T1 INNER JOIN chapters AS T2 ON T1.id = T2.character_id INNER JOIN paragraphs AS T3 ON T2.id = T3.work_id INNER JOIN works AS T4 ON T3.id = T4.work_id WHERE T1.CharName = 'Shylock' ;
"SELECT T1.business_id, T3.closing_time FROM Business_Categories AS T1 INNER JOIN Categories AS T2 ON T1.category_id = T2.category_id INNER JOIN Business_Hours AS T3 ON T1.business_id = T3.business_id INNER JOIN Days AS T4 ON T3.day_id = T4.day_id WHERE T2.category_name = 'Arts & Entertainment' AND T4.day_of_week = 'Sunday' ;",SELECT COUNT(T3.business_id) FROM Categories AS T1 INNER JOIN Business_Categories AS T2 ON T1.category_id = T2.category_id INNER JOIN Days AS T3 ON T2.day_id = T3.day_id INNER JOIN Business AS T4 ON T4.business_id = T4.business_id WHERE T4.closing_time = 'Sunday' AND T3.category_name = 'Arts & Entertainment' ;
SELECT CAST(COUNT(T2.name) AS REAL) * 100 / COUNT(T1.name) FROM enlist AS T1 LEFT JOIN male AS T2 ON T1.name = T2.name WHERE T1.organ = 'navy' ;,SELECT CAST(COUNT(CASE WHEN T2.organ = 'navy' THEN 1 ELSE NULL END) AS REAL) * 100 / COUNT(T1.name) FROM enlist AS T1 INNER JOIN male AS T2 ON T1.name = T2.name ;
SELECT description FROM FBI_Code WHERE crime_against = 'Society' ;,SELECT description FROM FBI_Code WHERE crime_against = 'Society' ;
"SELECT DISTINCT T1.dba_name FROM establishment AS T1 INNER JOIN inspection AS T2 ON T1.license_no = T2.license_no INNER JOIN violation AS T3 ON T2.inspection_id = T3.inspection_id WHERE strftime('%Y-%m', T2.inspection_date) = '2010-01' AND T2.results = 'Fail' AND T1.facility_type = 'TAVERN' ;",SELECT COUNT(T1.inspection_id) FROM establishment AS T1 INNER JOIN inspection AS T2 ON T1.license_no = T2.license_no WHERE T2.facility_type = 'Tavern' AND T1.results = 'Fail' ;
SELECT Independence FROM politics WHERE country = ( SELECT country FROM economy WHERE GDP = 1100 ) ;,SELECT T1.Independence FROM country AS T1 INNER JOIN politics AS T2 ON T1.Code = T2.Country INNER JOIN economy AS T3 ON T3.Country = T2.Country WHERE T3.Name = 'Saint Kitts' AND T3.Name = 'Nevis' AND T3.GDP > 400 ;
SELECT T2.full_height * T2.full_width FROM Menu AS T1 INNER JOIN MenuPage AS T2 ON T1.id = T2.menu_id WHERE T1.name = 'Zentral Theater Terrace' AND T2.page_number = 1 ;,"SELECT T2.full_height, T2.full_width FROM Menu AS T1 INNER JOIN MenuPage AS T2 ON T1.id = T2.menu_id WHERE T1.name = 'Zentral Theater Terrace' ;"
"SELECT T1.ProductName, T2.Quantity FROM Products AS T1 INNER JOIN Order Details AS T2 ON T1.ProductID = T2.ProductID ORDER BY T1.UnitPrice DESC LIMIT 1 ;","SELECT T2.ProductID, T2.Quantity FROM Products AS T1 INNER JOIN Order Details AS T2 ON T1.ProductID = T2.ProductID ORDER BY T1.UnitPrice DESC LIMIT 1 ;"
"SELECT T1.addressLine1, T1.addressLine2 FROM customers AS T1 INNER JOIN employees AS T2 ON T1.salesRepEmployeeNumber = T2.employeeNumber WHERE T2.jobTitle = 'Sales Rep' ;","SELECT T3.addressLine1, T3.addressLine2 FROM employees AS T1 INNER JOIN customers AS T2 ON T1.salesRepEmployeeNumber = T2.employeeNumber INNER JOIN offices AS T3 ON T2.officeCode = T3.officeCode WHERE T1.jobTitle = 'Sales Manager (NA)' ;"
SELECT COUNT(T2.report_no) FROM Community_Area AS T1 INNER JOIN Crime AS T2 ON T1.community_area_no = T2.community_area_no GROUP BY T1.community_area_name ORDER BY T1.population DESC LIMIT 1 ;,SELECT COUNT(T2.community_area_no) FROM Community_Area AS T1 INNER JOIN Crime AS T2 ON T1.community_area_no = T2.community_area_no WHERE T1.population = ( SELECT MAX(population) FROM Community_Area ) ;
"SELECT T2.customerName, T2.phone FROM orders AS T1 INNER JOIN customers AS T2 ON T1.customerNumber = T2.customerNumber WHERE T1.status = 'Cancelled' ;","SELECT T2.customerName, T2.phone FROM orders AS T1 INNER JOIN customers AS T2 ON T1.customerNumber = T2.customerNumber WHERE T1.status = 'Cancelled' ;"
SELECT AVG(T3.replacement_cost) FROM film_category AS T1 INNER JOIN category AS T2 ON T1.category_id = T2.category_id INNER JOIN film AS T3 ON T1.film_id = T3.film_id WHERE T2.name = 'Horror' ;,SELECT SUM(T3.replacement_cost) / COUNT(T3.film_id) FROM film AS T1 INNER JOIN film_category AS T2 ON T1.film_id = T2.film_id INNER JOIN category AS T3 ON T2.category_id = T3.category_id WHERE T1.name = 'Horror' ;
"SELECT T1.first, T1.middle, T1.last, T1.phone FROM client AS T1 INNER JOIN events AS T2 ON T1.client_id = T2.Client_ID WHERE T2.Submitted via = 'Fax' ;","SELECT T2.first, T1.middle, T1.last, T1.phone FROM client AS T1 INNER JOIN events AS T2 ON T1.client_id = T2.Client_ID WHERE T1.Submitted via = 'fax' ;"
SELECT title FROM film ORDER BY rental_rate / rental_duration DESC LIMIT 10 ;,SELECT title FROM film WHERE rental_duration = ( SELECT MAX(rental_rate) FROM film ) ;
"SELECT T2.Class, T2.ProductLine, T2.ListPrice FROM ShoppingCartItem AS T1 INNER JOIN Product AS T2 ON T1.ProductID = T2.ProductID GROUP BY T1.ProductID ORDER BY SUM(Quantity) LIMIT 1 ;","SELECT T3.ProductLine, T3.ListPrice - T3.Quantity FROM SalesOrderHeader AS T1 INNER JOIN ShoppingCartItem AS T2 ON T1.SalesOrderID = T2.SalesOrderID INNER JOIN Product AS T3 ON T2.ProductID = T3.ProductID ORDER BY T3.Quantity DESC LIMIT 1 ;"
"SELECT T1.name, T1.birth_place, T2.role, 2022 - CAST(SUBSTR(T1.birthdate, 1, 4) AS int) AS age FROM Person AS T1 INNER JOIN Credit AS T2 ON T1.name = T2.person WHERE T1.birthdate IS NOT NULL ORDER BY T1.birthdate LIMIT 1 ;","SELECT T3.name, T3.birth_country, T3.role, T3.age FROM Person AS T1 INNER JOIN Credit AS T2 ON T1.name = T2.person INNER JOIN Episode AS T3 ON T2.episode_id = T3.episode_id WHERE T3.birthdate LIKE '2022' ORDER BY T3.birthdate LIMIT 1 ;"
SELECT COUNT(T1.name) FROM longest_absense_from_school AS T1 INNER JOIN filed_for_bankrupcy AS T2 ON T1.name = T2.name INNER JOIN enlist AS T3 ON T3.name = T2.name WHERE T3.organ = 'fire_department' ;,SELECT COUNT(T1.name) FROM filed_for_bankrupcy AS T1 INNER JOIN longest_absense_from_school AS T2 ON T1.name = T2.name INNER JOIN enlist AS T3 ON T2.name = T3.name WHERE T3.month  6 AND T3.organ = 'fire_department' ;
SELECT COUNT(business_id) FROM Tips WHERE business_id = 2 AND tip_length = 'Short' ;,SELECT COUNT(business_id) FROM Tips WHERE user_id = 2 ;
SELECT T1.id_restaurant FROM generalinfo AS T1 INNER JOIN geographic AS T2 ON T1.city = T2.city WHERE T2.county ='marin county' ;,SELECT T2.id_restaurant FROM generalinfo AS T1 INNER JOIN geographic AS T2 ON T1.city = T2.city WHERE T1.county ='marin county' ;
SELECT COUNT(T2.OrderID) FROM Products AS T1 INNER JOIN Order Details AS T2 ON T1.ProductID = T2.ProductID WHERE T1.ProductName = 'Ikura' AND T2.UnitPrice  T1.UnitPrice ;,SELECT COUNT(T1.OrderID) FROM Orders AS T1 INNER JOIN Order Details AS T2 ON T1.OrderID = T2.OrderID INNER JOIN Products AS T3 ON T2.ProductID = T3.ProductID WHERE T3.ProductName = 'Ikura' AND T3.UnitPrice  Product ;
SELECT SUM(CASE WHEN method_name = 'Priority' THEN cost ELSE 0 END) - SUM(CASE WHEN method_name = 'Express' THEN cost ELSE 0 END) FROM shipping_method ;,SELECT SUM(CAST(SUM(CASE WHEN method_name = 'Express' THEN 1 ELSE 0 END) AS REAL) * 100 / COUNT(method_id) FROM shipping_method WHERE method_name = 'Priority' ;
"SELECT T1.firstName, T1.lastName FROM Master AS T1 INNER JOIN Goalies AS T2 ON T1.playerID = T2.playerID GROUP BY T2.playerID, T1.height HAVING SUM(T2.ENG) > 10 ORDER BY T1.height DESC LIMIT 1 ;","SELECT T2.firstName, T1.lastName, T2.height FROM Goalies AS T1 INNER JOIN Master AS T2 ON T1.playerID = T2.playerID WHERE T1.ENG = 10 ORDER BY T1.height DESC LIMIT 1 ;"
SELECT T2.business_id FROM Attributes AS T1 INNER JOIN Business_Attributes AS T2 ON T1.attribute_id = T2.attribute_id INNER JOIN Business AS T3 ON T2.business_id = T3.business_id WHERE T3.business_id  1000 AND T3.city LIKE 'Scottsdale' AND T1.attribute_name LIKE 'Drive-Thru' AND T2.attribute_value LIKE 'TRUE' ;,SELECT COUNT(T1.business_id) FROM Business AS T1 INNER JOIN Business_Attributes AS T2 ON T1.business_id = T2.business_id INNER JOIN Attributes AS T3 ON T2.attribute_id = T3.attribute_id WHERE T3.attribute_name = 'Drive-Thru' AND T3.attribute_value = 'true' AND T3.city = 'Scottsdale' AND T3.attribute_id = 1000 ;
SELECT SUM(T1.o_totalprice) FROM orders AS T1 INNER JOIN customer AS T2 ON T1.o_custkey = T2.c_custkey WHERE T2.c_phone = '627-220-3983' ;,SELECT SUM(o_totalprice) FROM partsupp WHERE c_phone = '627-220-3983' ;
"SELECT T1.title, T1.type, T1.price FROM titles AS T1 INNER JOIN publishers AS T2 ON T1.pub_id = T2.pub_id WHERE T2.pub_name = 'New Moon Books' ORDER BY T1.price ;","SELECT T1.title, T1.type, T1.price FROM titles AS T1 INNER JOIN publishers AS T2 ON T1.pub_id = T2.pub_id WHERE T2.pub_name = 'New Moon Books' ;"
SELECT T2.district FROM historical AS T1 INNER JOIN historical-terms AS T2 ON T1.bioguide_id = T2.bioguide WHERE T1.first_name = 'Benjamin' AND T1.last_name = 'Contee' ;,SELECT T2.district FROM historical AS T1 INNER JOIN historical-terms AS T2 ON T1.bioguide_id = T2.bioguide WHERE T1.first_name = 'Benjamin' AND T1.middle_name = 'Contee' ;
"SELECT T2.school_latitude, T2.school_longitude, T2.resource_type FROM essays AS T1 INNER JOIN projects AS T2 ON T1.projectid = T2.projectid WHERE T1.title LIKE 'Look, Look, We Need a Nook!' ;","SELECT T2.school_latitude, T2.school_longitude, T2.resource_type FROM essays AS T1 INNER JOIN projects AS T2 ON T1.projectid = T2.projectid WHERE T1.title = 'Look, Look, We Need a Nook!' ;"
"SELECT SUM(T2.Pts), T1.coachID FROM Coaches AS T1 INNER JOIN Teams AS T2 ON T2.tmID = T1.tmID WHERE T2.tmID = 'ANA' GROUP BY T1.coachID ;",SELECT SUM(T3.Pts) FROM Teams AS T1 INNER JOIN TeamsSC AS T2 ON T1.tmID = T2.tmID INNER JOIN Teams AS T3 ON T2.year = T3.year AND T3.tmID = T3.tmID WHERE T1.TmID = ANA ;
SELECT Date received FROM callcenterlogs WHERE ser_time = ( SELECT MAX(ser_time) FROM callcenterlogs ) ;,SELECT Date received FROM callcenterlogs GROUP BY Complaint ID ORDER BY COUNT(Date received) DESC LIMIT 1 ;
SELECT DISTINCT T2.Scene FROM works AS T1 INNER JOIN chapters AS T2 ON T1.id = T2.work_id INNER JOIN paragraphs AS T3 ON T2.id = T3.chapter_id INNER JOIN characters AS T4 ON T3.character_id = T4.id WHERE T1.Title = 'Twelfth Night' AND T4.CharName = 'Sir Toby Belch' ;,SELECT T3.Scene FROM works AS T1 INNER JOIN paragraphs AS T2 ON T1.id = T2.work_id INNER JOIN chapters AS T3 ON T2.id = T3.chapter_id INNER JOIN characters AS T4 ON T3.character_id = T4.id WHERE T1.CharName = 'Sir Toby Belch' AND T4.Title = 'Twelfth Night' ;
SELECT T3.name FROM film AS T1 INNER JOIN film_category AS T2 ON T1.film_id = T2.film_id INNER JOIN category AS T3 ON T2.category_id = T3.category_id WHERE T1.title = 'BEACH HEARTBREAKERS' ;,SELECT T3.name FROM film AS T1 INNER JOIN film_category AS T2 ON T1.film_id = T2.film_id INNER JOIN category AS T3 ON T2.category_id = T3.category_id WHERE T1.title = 'BEACH HEARTBREAKERS' ;
"SELECT T.first_name, T.last_name FROM ( SELECT T1.first_name, T1.last_name, COUNT(T2.rental_id) AS num FROM customer AS T1 INNER JOIN rental AS T2 ON T1.customer_id = T2.customer_id GROUP BY T1.first_name, T1.last_name ) AS T ORDER BY T.num DESC LIMIT 1 ;","SELECT T2.first_name, T1.last_name FROM rental AS T1 INNER JOIN customer AS T2 ON T1.customer_id = T2.customer_id GROUP BY T1.first_name, T1.last_name ORDER BY COUNT(T1.rental_id) DESC LIMIT 1 ;"
"SELECT CAST(SUM(IIF(T1.r_name = 'America', 1, 0)) AS REAL) * 100 / COUNT(T2.n_name) FROM region AS T1 INNER JOIN nation AS T2 ON T1.r_regionkey = T2.n_regionkey ;",SELECT CAST(COUNT(CASE WHEN T2.r_name = 'America' THEN 1 ELSE NULL END) AS REAL) * 100 / COUNT(T1.n_name) FROM region AS T1 INNER JOIN nation AS T2 ON T1.n_regionkey = T2.n_regionkey ;
"SELECT T3.genre_name, T1.popularity FROM movie AS T1 INNER JOIN movie_genres AS T2 ON T1.movie_id = T2.movie_id INNER JOIN genre AS T3 ON T2.genre_id = T3.genre_id WHERE T1.revenue > 120000000 AND T1.release_date BETWEEN '2012-01-01' AND '2015-12-31' ;","SELECT T3.genre_name, T3.popularity FROM movie AS T1 INNER JOIN movie_genres AS T2 ON T1.movie_id = T2.movie_id INNER JOIN genre AS T3 ON T2.genre_id = T3.genre_id WHERE T1.revenue > 120000000 AND T1.release_date BETWEEN '2012-01-01' AND '2015-01-01' ;"
SELECT CountryName FROM Indicators WHERE Year = 1960 AND IndicatorName = 'CO2 emissions (metric tons per capita)' ORDER BY Value DESC LIMIT 1 ;,SELECT T2.CountryName FROM Indicators AS T1 INNER JOIN Country AS T2 ON T1.CountryCode = T2.CountryCode WHERE T1.IndicatorName = 'CO2 emissions (metric tons per capita)' AND T1.Year = 1960 ORDER BY T1.Value DESC LIMIT 1 ;
SELECT DISTINCT T1.movieid FROM u2base AS T1 INNER JOIN movies AS T2 ON T1.movieid = T2.movieid WHERE T2.year = 4 AND T1.rating = 1 ;,SELECT T2.movieid FROM u2base AS T1 INNER JOIN movies AS T2 ON T1.movieid = T2.movieid WHERE T1.rating = 1 AND T1.year = 4 ;
"SELECT DISTINCT T3.tmID, T1.birthCountry FROM Master AS T1 INNER JOIN Scoring AS T2 ON T1.playerID = T2.playerID INNER JOIN ( SELECT year, tmID FROM Teams WHERE year = 2000 ORDER BY W / (W + L) DESC LIMIT 1 ) AS T3 ON T2.tmID = T3.tmID AND T2.year = T3.year ;","SELECT T3.playerID, T3.birthCountry FROM Teams AS T1 INNER JOIN Scoring AS T2 ON T1.tmID = T2.tmID INNER JOIN Master AS T3 ON T2.playerID = T3.playerID WHERE T1.year = 2000 GROUP BY T3.playerID ORDER BY COUNT(T3.playerID) DESC LIMIT 1 ;"
SELECT COUNT(DISTINCT T2.patient) FROM conditions AS T1 INNER JOIN patients AS T2 ON T1.PATIENT = T2.patient WHERE T1.DESCRIPTION = 'Normal pregnancy' AND T2.gender = 'F' AND T2.marital = 'S' ;,SELECT COUNT(DISTINCT T2.patient) FROM conditions AS T1 INNER JOIN patients AS T2 ON T1.patient = T2.PATIENT WHERE T1.DESCRIPTION = 'normal pregnancy' AND T1.gender = 'F' ;
"SELECT T2.year - CAST(SUBSTR(T1.birthdate, 1, 4) AS int) AS age FROM Person AS T1 INNER JOIN Award AS T2 ON T1.name = T2.person WHERE T2.award = 'Outstanding Voice-Over Performance' AND T2.organization = 'Primetime Emmy Awards' AND T2.result = 'Winner' ;","SELECT T2.year, T2.birthdate FROM Award AS T1 INNER JOIN Person AS T2 ON T1.name = T2.person WHERE T1.organization = 'Primetime Emmy Awards' AND T1.result = 'Winner' ;"
"SELECT T2.first_name, T2.last_name FROM current-terms AS T1 INNER JOIN current AS T2 ON T2.bioguide_id = T1.bioguide WHERE T1.type ='sen' AND T2.gender_bio = 'F' GROUP BY T2.ballotpedia_id ;",SELECT T2.official_full_name FROM current AS T1 INNER JOIN current-terms AS T2 ON T1.bioguide_id = T2.bioguide WHERE T1.type ='sen' AND T1.gender_bio = 'F' ;
SELECT COUNT(Player_Name) FROM Player WHERE DOB LIKE '1970%' ;,SELECT COUNT(Player_Name) FROM Player WHERE DOB LIKE '1970%' ;
SELECT COUNT(T2.RepoId) FROM Repo AS T1 INNER JOIN Solution AS T2 ON T1.Id = T2.RepoId WHERE T1.Stars = ( SELECT MAX(Stars) FROM Repo ) ;,SELECT COUNT(T1.Id) FROM Repo AS T1 INNER JOIN Solution AS T2 ON T1.Id = T2.RepoId WHERE T2.Stars = ( SELECT MAX(Stars) FROM Repo ) ;
"SELECT CAST(T1.W AS REAL) / T1.G, T2.playerID FROM Teams AS T1 INNER JOIN Scoring AS T2 ON T1.tmID = T2.tmID AND T1.year = T2.year WHERE T1.tmID = 'CAR' AND T1.year = 1998 GROUP BY T1.W / T1.G, T2.playerID ORDER BY SUM(T2.G) DESC LIMIT 1 ;",SELECT SUM(T2.W) FROM Scoring AS T1 INNER JOIN Teams AS T2 ON T1.tmID = T2.tmID AND T1.year = T2.year WHERE T1.tmID = 'CAR' AND T1.year = 1998 GROUP BY T1.playerID ORDER BY SUM(T2.G) DESC LIMIT 1 ;
"SELECT phone, fax, tty, twitter FROM District WHERE district_name = 'Near West' ;","SELECT phone, fax, tty, twitter FROM District WHERE district_name = 'Near West' ;"
"SELECT T2.business_id, T3.day_of_week FROM Business AS T1 INNER JOIN Business_Hours AS T2 ON T1.business_id = T2.business_id INNER JOIN Days AS T3 ON T2.day_id = T3.day_id WHERE T1.city = 'Black Canyon City' AND T1.active = 'true' ;","SELECT T1.business_id, T1.day_of_week FROM Business AS T1 INNER JOIN Business_Hours AS T2 ON T1.business_id = T2.business_id INNER JOIN Days AS T3 ON T2.day_id = T3.day_id WHERE T3.city LIKE 'Black Canyon City' AND T1.active LIKE 'TRUE' ;"
"SELECT T2.item_unit_price * T2.item_quantity price, T1.school_latitude, T1.school_longitude FROM projects AS T1 INNER JOIN resources AS T2 ON T1.projectid = T2.projectid WHERE T2.vendor_name = 'ABC School Supply' AND T2.project_resource_type = 'Other' AND T1.school_district = 'Hillsborough Co Pub Sch Dist' ;","SELECT SUM(T2.item_unit_price, T2.school_longitude) / T2.school_district FROM resources AS T1 INNER JOIN projects AS T2 ON T1.projectid = T2.projectid WHERE T1.vendor_name = 'ABC School Supply' AND T1.project_resource_type = 'Other' ;"
SELECT AVG(num_students) FROM university_year WHERE year = 2012 ;,SELECT AVG(num_students) FROM university_year WHERE year = 2012 ;
SELECT bool FROM no_payment_due WHERE name ='student299' ;,SELECT bool FROM no_payment_due WHERE name ='student299' ;
"SELECT T2.CompanyName FROM Products AS T1 INNER JOIN Suppliers AS T2 ON T1.SupplierID = T2.SupplierID GROUP BY T2.SupplierID, T2.CompanyName ORDER BY COUNT(T1.ProductName) DESC LIMIT 1 ;",SELECT T2.ProductName FROM Products AS T1 INNER JOIN Suppliers AS T2 ON T1.SupplierID = T2.SupplierID GROUP BY T1.ProductName ORDER BY COUNT(T1.ProductID) DESC LIMIT 1 ;
SELECT DISTINCT T1.Content Rating FROM playstore AS T1 INNER JOIN user_reviews AS T2 ON T1.App = T2.App WHERE T2.Translated_Review LIKE '%gr8%' ;,SELECT T2.Content Rating FROM playstore AS T1 INNER JOIN user_reviews AS T2 ON T1.App = T2.App WHERE T1.Translated_Review LIKE '%gr8%' ;
SELECT T2.Name FROM characters AS T1 INNER JOIN actor AS T2 ON T1.ActorID = T2.ActorID WHERE T1.Character Name = 'Chanice Kobolowski' ;,SELECT T2.Name FROM characters AS T1 INNER JOIN actor AS T2 ON T1.ActorID = T2.ActorID WHERE T1.Character Name = 'Chanice Kobolowski' ;
SELECT COUNT(*) FROM movies WHERE movie_release_year = 2007 ;,SELECT COUNT(movie_id) FROM movies WHERE movie_release_year = 2007 ;
"SELECT T1.description FROM characters AS T1 INNER JOIN paragraphs AS T2 ON T1.id = T2.character_id WHERE T2.PlainText = 'a sea captain, friend to Sebastian' AND T2.ParagraphNum BETWEEN 1500 AND 1950 ;",SELECT T2.PlainText FROM characters AS T1 INNER JOIN paragraphs AS T2 ON T1.id = T2.character_id WHERE T1.ParagraphNum >= 1500 AND T2.ParagraphNum = 1950 ;
"SELECT T2.keyword FROM Episode AS T1 INNER JOIN Keyword AS T2 ON T1.episode_id = T2.episode_id WHERE T1.title = 'Double, Double, Boy in Trouble' ;","SELECT T2.keyword FROM Episode AS T1 INNER JOIN Keyword AS T2 ON T1.episode_id = T2.episode_id WHERE T1.title = 'Double, Double, Boy in Trouble' ;"
"SELECT DISTINCT firstName, lastName, T3.name FROM Goalies AS T1 INNER JOIN Master AS T2 ON T2.playerID = T1.playerID INNER JOIN Teams AS T3 ON T1.lgID = T3.lgID WHERE T1.playerID IS NOT NULL AND T2.coachID IS NOT NULL AND T2.shootCatch = 'L' AND T2.pos = 'G' ;",SELECT T3.name FROM Teams AS T1 INNER JOIN Goalies AS T2 ON T1.lgID = T2.lgID INNER JOIN Master AS T3 ON T2.playerID = T3.playerID WHERE T1.pos = 'G' AND T1.firstName = 'L' ;
"SELECT Code, Description FROM Airports LIMIT 3 ;",SELECT Code FROM Airports WHERE Description = 'Area' ;
SELECT user_id FROM lists WHERE list_comments = 142 ;,"SELECT user_id, list_title FROM movies WHERE list_comments = 142 ;"
SELECT DISTINCT T3.Product FROM state AS T1 INNER JOIN district AS T2 ON T1.StateCode = T2.state_abbrev INNER JOIN reviews AS T3 ON T2.district_id = T3.district_id WHERE T1.Region = 'Midwest' AND T3.Stars = 1 ;,SELECT T3.Product FROM state AS T1 INNER JOIN district AS T2 ON T1.state_abbrev = T2.StateCode INNER JOIN reviews AS T3 ON T2.district_id = T3.district_id WHERE T1.Region = 'Midwest' AND T1.Stars = 1 ;
SELECT CAST(COUNT(CASE WHEN T2.Win_Margin  10 THEN 1 ELSE 0 END) AS REAL) * 100 / TOTAL(T1.Venue_Id) FROM Venue AS T1 INNER JOIN Match AS T2 ON T1.Venue_Id = T2.Venue_Id WHERE T1.Venue_Name = 'Dr DY Patil Sports Academy' ;,SELECT CAST(COUNT(CASE WHEN T1.Win_Margin  10 THEN 1 ELSE NULL END) AS REAL) * 100 / COUNT(T1.Match_Id) FROM Match AS T1 INNER JOIN Venue AS T2 ON T1.Venue_Id = T2.Venue_Id WHERE T2.Venue_Name = 'Dr DY Patil Sports Academy' ;
"SELECT SUM(IIF(gender = 'M', 1, 0)) / COUNT(device_id) AS per FROM gender_age ;",SELECT CAST(SUM(CASE WHEN gender = 'M' THEN 1 ELSE 0 END) AS REAL) * 100 / COUNT(device_id) FROM gender_age ;
"SELECT T2.RepoId, COUNT(T2.RepoId) FROM Repo AS T1 INNER JOIN Solution AS T2 ON T1.Id = T2.RepoId WHERE T1.Stars BETWEEN 6000 AND 9000 AND T2.WasCompiled = 0 GROUP BY T2.RepoId ORDER BY COUNT(T2.RepoId) DESC LIMIT 1 ;","SELECT T2.Path FROM Repo AS T1 INNER JOIN Solution AS T2 ON T1.Id = T2.RepoId WHERE T1.Stars BETWEEN 6,000 AND 9,000 GROUP BY T1.Path ORDER BY COUNT(T1.Path) DESC LIMIT 1 ;"
SELECT Name FROM lake ORDER BY Area * Depth DESC LIMIT 1 ;,SELECT Name FROM lake WHERE Area * Depth = ( SELECT MAX(Area) FROM lake ) ;
"SELECT T1.Name, T1.Population * T2.Percentage FROM country AS T1 INNER JOIN ethnicGroup AS T2 ON T1.Code = T2.Country WHERE T2.Name = 'Chinese' AND T2.Percentage > 70 ;","SELECT T1.Name, T2.Population FROM country AS T1 INNER JOIN ethnicGroup AS T2 ON T1.Code = T2.Country WHERE T1.Name = 'Chinese' AND T1.Percentage > 70 ;"
SELECT CompanyName FROM Shippers WHERE Phone = '(503) 555-9931' ;,SELECT CompanyName FROM Shippers WHERE Phone = '(503) 555-9931' ;
"SELECT T1.FirstName, T1.LastName FROM Employees AS T1 INNER JOIN Orders AS T2 ON T1.EmployeeID = T2.EmployeeID GROUP BY T1.FirstName, T1.LastName ORDER BY COUNT(*) DESC LIMIT 1 ;","SELECT T2.FirstName, T1.LastName FROM Employees AS T1 INNER JOIN Orders AS T2 ON T1.EmployeeID = T2.EmployeeID ORDER BY T1.OrderID DESC LIMIT 1 ;"
SELECT SUM(CASE WHEN T1.OrderDate LIKE '%/%/18' AND T2.Product Name = 'Furniture Cushions' THEN 1 ELSE 0 END) FROM Sales Orders AS T1 INNER JOIN Products AS T2 ON T2.ProductID = T1._ProductID ;,SELECT COUNT(T1.OrderNumber) FROM Sales Orders AS T1 INNER JOIN Products AS T2 ON T2.ProductID = T1._ProductID WHERE T2.OrderDate LIKE '%/%/18' AND T1.Product Name = 'Furniture Cushions' ;
SELECT SUM(CASE WHEN T2.uuid = '510d47e4-2958-a3d9-e040-e00a18064a99' THEN T1.dish_count ELSE 0 END) - SUM(CASE WHEN T2.uuid = '510d47e4-295a-a3d9-e040-e00a18064a99' THEN T1.dish_count ELSE 0 END) FROM Menu AS T1 INNER JOIN MenuPage AS T2 ON T1.id = T2.menu_id ;,SELECT SUM(T2.dish_count) FROM Menu AS T1 INNER JOIN MenuPage AS T2 ON T1.id = T2.menu_id WHERE T1.uuid = '510d47e4-295a-a3d9-e040-e00a18064a99' ;
SELECT COUNT(DISTINCT T2.patient) FROM medications AS T1 INNER JOIN patients AS T2 ON T1.PATIENT = T2.patient WHERE T1.DESCRIPTION = 'oxaliplatin 5 MG/ML [Eloxatin]' AND T2.race = 'asian' AND T2.gender = 'F' ;,SELECT COUNT(DISTINCT T2.patient) FROM patients AS T1 INNER JOIN medications AS T2 ON T1.patient = T2.PATIENT WHERE T1.gender = 'F' AND T2.DESCRIPTION = 'oxaliplatin 5 MG/ML [Eloxatin]' ;
"SELECT T1.EDUCATIONNUM, T2.RESPONSE FROM Customers AS T1 INNER JOIN Mailings1_2 AS T2 ON T1.ID = T2.REFID INNER JOIN Demog AS T3 ON T1.GEOID = T3.GEOID WHERE T1.age >= 20 AND T1.age = 30 ORDER BY T3.INHABITANTS_K DESC LIMIT 1 ;","SELECT T1.EDUCATIONNUM, T1.reaction FROM Customers AS T1 INNER JOIN Mailings1_2 AS T2 ON T1.ID = T2.ID INNER JOIN Demog AS T3 ON T2.GEOID = T3.GEOID WHERE T3.age BETWEEN 20 AND 30 ORDER BY T3.INHABITANTS_K DESC LIMIT 1 ;"
SELECT COUNT(ShipCountry) FROM Orders WHERE ShipCountry = 'France' ;,SELECT COUNT(T1.OrderID) FROM Orders AS T1 INNER JOIN Customers AS T2 ON T1.CustomerID = T2.CustomerID WHERE T2.Country = 'France' ;
SELECT T1.country FROM country AS T1 INNER JOIN city AS T2 ON T1.country_id = T2.country_id WHERE T2.city = 'Sasebo' ;,SELECT T1.country FROM country AS T1 INNER JOIN city AS T2 ON T1.country_id = T2.country_id WHERE T2.city = 'Sasebo' ;
SELECT COUNT(T1.SalesID) FROM Sales AS T1 INNER JOIN Employees AS T2 ON T1.SalesPersonID = T2.EmployeeID WHERE T2.FirstName = 'Michel' AND T2.MiddleInitial = 'e' AND T2.LastName = 'DeFrance' ;,SELECT COUNT(T1.SalesID) FROM Sales AS T1 INNER JOIN Employees AS T2 ON T1.EmployeeID = T2.SalesPersonID WHERE T2.FirstName = 'Michel' AND T1.MiddleInitial = 'E' AND T1.LastName = 'DeFrance' ;
"SELECT PaperId, AuthorId FROM PaperAuthor WHERE Affiliation LIKE 'Cairo Microsoft Innovation Lab%' ;","SELECT PaperId, AuthorId FROM PaperAuthor WHERE Affiliation = 'Cairo Microsoft Innovation Lab' ;"
SELECT T1.title FROM Recipe AS T1 INNER JOIN Nutrition AS T2 ON T1.recipe_id = T2.recipe_id WHERE T2.sodium  5 ;,SELECT T1.title FROM Recipe AS T1 INNER JOIN Nutrition AS T2 ON T1.recipe_id = T2.recipe_id WHERE T2.Sodium  5 ;
SELECT T4.store_id FROM actor AS T1 INNER JOIN film_actor AS T2 ON T1.actor_id = T2.actor_id INNER JOIN film AS T3 ON T2.film_id = T3.film_id INNER JOIN inventory AS T4 ON T3.film_id = T4.film_id WHERE T3.length  100 AND T1.first_name = 'Reese' AND T1.last_name = 'West' ;,SELECT T3.store_id FROM actor AS T1 INNER JOIN film_actor AS T2 ON T1.actor_id = T2.actor_id INNER JOIN film AS T3 ON T2.film_id = T3.film_id INNER JOIN inventory AS T4 ON T3.store_id = T4.store_id WHERE T1.first_name = 'Reese' AND T1.last_name = 'West' ;
"SELECT T1.DESCRIPTION FROM conditions AS T1 INNER JOIN patients AS T2 ON T1.PATIENT = T2.patient WHERE T2.deathdate IS NOT NULL ORDER BY strftime('%Y', T2.deathdate) - strftime('%Y', T2.birthdate) DESC LIMIT 1 ;","SELECT T2.DESCRIPTION FROM patients AS T1 INNER JOIN conditions AS T2 ON T1.patient = T2.PATIENT WHERE T1.deathdate IS NOT NULL ORDER BY strftime('%Y', T2.deathdate) DESC LIMIT 1 ;"
"SELECT T1.category, T2.itunes_url FROM categories AS T1 INNER JOIN podcasts AS T2 ON T2.podcast_id = T1.podcast_id WHERE T2.title = 'Scaling Global' ;","SELECT T2.category, T2.itunes_url FROM categories AS T1 INNER JOIN podcasts AS T2 ON T1.podcast_id = T2.podcast_id WHERE T1.title = 'Scaling Global' ;"
SELECT rental_rate / rental_duration AS result FROM film WHERE title = 'AIRPLANE SIERRA' ;,SELECT DESC LIMIT 1 ;
"SELECT T2.Province, T2.Country, T1.Height FROM mountain AS T1 INNER JOIN geo_mountain AS T2 ON T1.Name = T2.Mountain WHERE T1.Name = 'Moldoveanu' ;","SELECT T1.Province, T1.Height FROM mountain AS T1 INNER JOIN geo_mountain AS T2 ON T1.Name = T2.Mountain WHERE T2.Name = 'Momoldoveanu' ;"
"SELECT COUNT(DISTINCT T4.name) FROM ( SELECT T1.name, SUM(T2.points) FROM teams AS T1 INNER JOIN players_teams AS T2 ON T1.tmID = T2.tmID AND T1.year = T2.year INNER JOIN awards_players AS T3 ON T2.playerID = T3.playerID WHERE T3.award = 'Most Valuable Player' GROUP BY T1.name HAVING SUM(T2.points) >= 3800 ) AS T4 ;",SELECT COUNT(DISTINCT T1.playerID) FROM awards_players AS T1 INNER JOIN players_teams AS T2 ON T1.playerID = T2.playerID INNER JOIN teams AS T3 ON T2.tmID = T3.tmID AND T3.year = T3.year WHERE T3.award = 'Most Valuable Player' GROUP BY T1.playerID HAVING SUM(T3.points) > 3800 ;
SELECT DISTINCT T2.city FROM trip AS T1 INNER JOIN station AS T2 ON T2.name = T1.start_station_name WHERE T1.zip_code = 94107 ;,SELECT T1.start_station_name FROM station AS T1 INNER JOIN trip AS T2 ON T1.id = T2.zip_code INNER JOIN weather AS T3 ON T2.zip_code = T3.zip_code WHERE T3.city = 'San Francisco' AND T3.zip_code = 94107 ;
SELECT COUNT(*) FROM university AS T1 INNER JOIN university_year AS T2 ON T1.id = T2.university_id WHERE T1.university_name = 'University of Michigan' AND T2.year = 2011 ;,SELECT COUNT(T1.num_students) FROM university AS T1 INNER JOIN university_year AS T2 ON T1.university_id = T2.id WHERE T2.university_name = 'University of Michigan' AND T1.year = 2011 ;
SELECT T2.Population FROM City AS T1 INNER JOIN Country AS T2 ON T1.CountryCode = T2.Code WHERE T1.Name = 'Queimados' ;,SELECT T2.Population FROM City AS T1 INNER JOIN Country AS T2 ON T1.CountryCode = T2.Code WHERE T1.Name = 'Queimados' ;
"SELECT DISTINCT T4.name FROM ( SELECT T3.name, T3.years, row_number() OVER (PARTITION BY T3.name ORDER BY T3.years) AS rowNumber FROM ( SELECT DISTINCT name, STRFTIME('%Y', date) AS years FROM inspections AS T1 INNER JOIN businesses AS T2 ON T1.business_id = T2.business_id WHERE T1.score = 100 ) AS T3 ) AS T4 GROUP BY T4.name, date(T4.years || '-01-01', '-' || (T4.rowNumber - 1) ||'years') HAVING COUNT(T4.years) = 4 ;",SELECT T2.name FROM inspections AS T1 INNER JOIN businesses AS T2 ON T1.business_id = T2.business_id WHERE T1.score  90 AND T1.date = '2015' AND T1.score  100 ;
SELECT T1.Bowling_Skill FROM Bowling_Style AS T1 INNER JOIN Player AS T2 ON T2.Bowling_skill = T1.Bowling_Id WHERE T2.Player_Name = 'SC Ganguly' ;,SELECT T2.Bowling_skill FROM Player AS T1 INNER JOIN Bowling_Style AS T2 ON T1.Bowling_skill = T2.Bowling_Id WHERE T1.Player_Name = 'SC Ganguly' ;
SELECT ShortName FROM Conference WHERE FullName LIKE 'International Symposium%' ;,SELECT ShortName FROM Conference WHERE FullName LIKE 'International Symposium%' ;
SELECT COUNT(T.train_id) FROM (SELECT T1.train_id FROM cars AS T1 INNER JOIN trains AS T2 ON T1.train_id = T2.id WHERE T1.position = 1 AND T2.direction = 'east' AND T1.shape ='rectangle' GROUP BY T1.train_id)as T ;,SELECT COUNT(T1.id) FROM cars AS T1 INNER JOIN trains AS T2 ON T1.train_id = T2.id WHERE T2.position = 1 AND T1.direction = 'east' ;
SELECT COUNT(T2.w2nd) FROM words AS T1 INNER JOIN biwords AS T2 ON T1.wid = T2.w1st WHERE T1.word = 'àbac' AND T2.occurrences > 10 ;,SELECT COUNT(T1.lid) FROM biwords AS T1 INNER JOIN words AS T2 ON T1.wid = T2.w1st WHERE T2.word = 'àbac' AND T2.occurrences > 10 ;
SELECT COUNT(T1.name) FROM filed_for_bankrupcy AS T1 INNER JOIN enrolled AS T2 ON T1.name = T2.name WHERE T2.school = 'occ' ;,SELECT COUNT(T1.name) FROM enrolled AS T1 INNER JOIN filed_for_bankrupcy AS T2 ON T1.name = T2.name WHERE T2.school = 'occ' ;
SELECT COUNT(*) FROM book_author AS T1 INNER JOIN author AS T2 ON T1.author_id = T2.author_id WHERE T2.author_name = 'A.J. Ayer' ;,SELECT COUNT(*) FROM book_author AS T1 INNER JOIN author AS T2 ON T1.author_id = T2.author_id WHERE T2.author_name = 'A.J. Ayer' ;
SELECT T2.FullName FROM Paper AS T1 INNER JOIN Conference AS T2 ON T1.ConferenceId = T2.Id WHERE T1.Title = 'A context-based navigation paradigm for accessing Web data' ;,SELECT T2.FullName FROM Paper AS T1 INNER JOIN Conference AS T2 ON T1.ConferenceId = T2.Id WHERE T1.Title = 'A context-based navigation paradigm for accessing Web data' ;
"SELECT STRFTIME('%Y', T2.OrderDate) FROM Customers AS T1 INNER JOIN Orders AS T2 ON T1.CustomerID = T2.CustomerID WHERE T1.CompanyName = 'Around the Horn' GROUP BY STRFTIME('%Y', T2.OrderDate) ORDER BY COUNT(T2.OrderID) DESC LIMIT 1 ;",SELECT T2.OrderDate FROM Customers AS T1 INNER JOIN Orders AS T2 ON T1.CustomerID = T2.CustomerID GROUP BY T1.CompanyName ORDER BY COUNT(T1.OrderID) DESC LIMIT 1 ;
SELECT * FROM river WHERE Name = 'Donau' ;,SELECT AVG(T1.Length) FROM located AS T1 INNER JOIN river AS T2 ON T1.Name = T2.River WHERE T2.Name = 'Donau' ;
SELECT T1.FirstPurchaseDate FROM customers AS T1 INNER JOIN rootbeerreview AS T2 ON T1.CustomerID = T2.CustomerID WHERE T2.Review = 'Tastes like Australia.' ;,SELECT T2.FirstPurchaseDate FROM customers AS T1 INNER JOIN rootbeerreview AS T2 ON T1.CustomerID = T2.CustomerID WHERE T1.Review = 'Tastes like Australia.' ;
SELECT T2.price FROM Dish AS T1 INNER JOIN MenuItem AS T2 ON T1.id = T2.dish_id WHERE T1.name = 'Clear green turtle' ;,SELECT T2.price FROM Dish AS T1 INNER JOIN MenuItem AS T2 ON T1.id = T2.dish_id WHERE T1.name = 'Clear green turtle' ;
"SELECT T2.movie_id, AVG(T1.rating_score), T2.director_name, T2.movie_release_year FROM ratings AS T1 INNER JOIN movies AS T2 ON T1.movie_id = T2.movie_id ORDER BY T1.rating_timestamp_utc ASC LIMIT 10 ;","SELECT T2.movie_title, T2.rating_score, T2.movie_release_year, T2.director_name, T2.rating_score FROM ratings AS T1 INNER JOIN movies AS T2 ON T1.movie_id = T2.movie_id ORDER BY T1.rating_timestamp_utc DESC LIMIT 10 ;"
"SELECT T2.latitude, T2.longitude FROM Community_Area AS T1 INNER JOIN Crime AS T2 ON T1.community_area_no = T2.community_area_no INNER JOIN FBI_Code AS T3 ON T2.fbi_code_no = T3.fbi_code_no WHERE T1.community_area_name = 'Rogers Park' AND T3.title = 'Robbery' AND T3.fbi_code_no = 3 ;","SELECT T3.latitude, T3.longitude FROM FBI_Code AS T1 INNER JOIN Crime AS T2 ON T1.fbi_code_no = T2.fbi_code_no INNER JOIN Community_Area AS T3 ON T2.community_area_no = T3.community_area_no WHERE T1.title = 'Robbery' GROUP BY T3.fbi_code_no ORDER BY COUNT(T3.fbi_code_no) DESC LIMIT 1 ;"
SELECT MAX(s_acctbal) FROM supplier ;,SELECT T2.s_acctbal FROM orders AS T1 INNER JOIN lineitem AS T2 ON T1.o_orderkey = T2.l_orderkey ORDER BY T1.o_totalprice DESC LIMIT 1 ;
SELECT CAST(SUM(CASE WHEN IMG_ID = 1 THEN 1 ELSE 0 END) AS REAL) / SUM(CASE WHEN IMG_ID = 6 THEN 1 ELSE 0 END) FROM IMG_OBJ ;,SELECT SUM(IMG_ID) FROM IMG_OBJ WHERE IMG_ID = 1 ;
"SELECT CAST(SUM(CASE WHEN STRFTIME('%Y', Independence) = '1960' THEN 1 ELSE 0 END) AS REAL) * 100 / COUNT(Country) FROM politics ;",SELECT CAST(COUNT(CASE WHEN T2.Independence = '1901-01-01' THEN 1 ELSE NULL END) AS REAL) * 100 / COUNT(T1.Country) FROM politics AS T1 INNER JOIN country AS T2 ON T1.Code = T2.Country ;
SELECT COUNT(employee_id) FROM employee WHERE zip = '60617' ;,SELECT COUNT(employee_id) FROM employee WHERE zip = 60617 AND city = 'Chicago' AND title = 'Sanitarian' ;
SELECT COUNT(T2.movie_id) FROM keyword AS T1 INNER JOIN movie_keywords AS T2 ON T1.keyword_id = T2.keyword_id WHERE keyword_name ='saving the world' ;,SELECT COUNT(T1.movie_id) FROM movie AS T1 INNER JOIN movie_keywords AS T2 ON T1.movie_id = T2.movie_id WHERE T2.keyword_name ='saving the world' ;
SELECT T1.Name FROM ProductSubcategory AS T1 INNER JOIN Product AS T2 USING (ProductSubcategoryID) WHERE T2.Color = 'Grey' GROUP BY T1.Name ;,SELECT T2.Name FROM Product AS T1 INNER JOIN ProductSubcategory AS T2 ON T1.ProductSubcategoryID = T2.ProductSubcategoryID WHERE T1.SafetyStockLevel = ( SELECT MAX(SafetyStockLevel) FROM Product ) ;
SELECT BrandName FROM rootbeerbrand WHERE FacebookPage IS NOT NULL ;,SELECT BrandName FROM rootbeerbrand WHERE FacebookPage IS NOT NULL ;
SELECT CAST(SUM(CASE WHEN T1.compliment_type = 'cute' THEN 1 ELSE 0 END) AS REAL) * 100 / COUNT(T2.user_id) FROM Compliments AS T1 INNER JOIN Users_Compliments AS T2 ON T1.compliment_id = T2.compliment_id WHERE T2.number_of_compliments = 'High' ;,SELECT CAST(COUNT(CASE WHEN T1.number_of_compliments = 'High' THEN 1 ELSE NULL END) AS REAL) * 100 / COUNT(T1.user_id) FROM Users_Compliments AS T1 INNER JOIN Compliments AS T2 ON T1.compliment_id = T2.compliment_id WHERE T2.compliment_type = 'cute' ;
SELECT SUM(CASE WHEN city = 'San Francisco' AND dock_count > 20 THEN 1 ELSE 0 END) FROM station ;,SELECT COUNT(id) FROM station WHERE dock_count  20 AND city = 'San Francisco' ;
SELECT item_nbr FROM sales_in_weather WHERE date = '2012-01-01' AND store_nbr = 1 ORDER BY units DESC LIMIT 1 ;,SELECT item_nbr FROM sales_in_weather WHERE date = '2012-01-01' AND store_nbr = 1 ORDER BY units DESC LIMIT 1 ;
SELECT COUNT(T1.student_id) FROM registration AS T1 INNER JOIN student AS T2 ON T1.student_id = T2.student_id WHERE T1.grade = 'B' AND T2.intelligence = 3 ;,SELECT COUNT(T1.student_id) FROM student AS T1 INNER JOIN registration AS T2 ON T1.student_id = T2.student_id WHERE T2.grade = 'B' AND T1.intelligence = 3 ;
SELECT SUM(T2.l_quantity) FROM orders AS T1 INNER JOIN lineitem AS T2 ON T1.o_orderkey = T2.l_orderkey WHERE T1.o_orderdate = '1995-10-05' AND T1.o_custkey = 101660 ;,SELECT SUM(T2.l_quantity) FROM orders AS T1 INNER JOIN lineitem AS T2 ON T1.o_orderkey = T2.l_orderkey WHERE T1.o_orderdate = '1995-10-05' AND T1.o_custkey = 101660 ;
"SELECT CAST(SUM(CASE WHEN T1.deathdate IS NULL THEN strftime('%Y', T2.STOP) - strftime('%Y', T1.birthdate) ELSE strftime('%Y', T1.deathdate) - strftime('%Y', T1.birthdate) END) AS REAL) / COUNT(DISTINCT T1.patient) FROM patients AS T1 INNER JOIN careplans AS T2 ON T1.patient = T2.PATIENT WHERE T2.REASONDESCRIPTION = 'Prediabetes' ;",SELECT SUM(T2.deathdate) / SUM(T2.birthdate) FROM careplans AS T1 INNER JOIN patients AS T2 ON T1.patient = T2.PATIENT WHERE T1.REASONDESCRIPTION = 'Prediabetes' ;
"SELECT DISTINCT T1.""PREVALENCE PERCENTAGE"" FROM all_prevalences AS T1 INNER JOIN conditions AS T2 ON lower(T1.ITEM) = lower(T2.DESCRIPTION) WHERE T2.code = '64859006' ;",SELECT CAST(COUNT(CASE WHEN T2.PREVALENCE PERCENTAGE THEN T1.PREVALENCE PERCENTAGE ELSE NULL END) AS REAL) * 100 / COUNT(T1.ITEM) FROM conditions AS T1 INNER JOIN all_prevalences AS T2 ON T1.ITEM = T2.DESCRIPTION WHERE T2.CODE = 64859006 ;
SELECT T1.birthDate FROM players AS T1 INNER JOIN player_allstar AS T2 ON T1.playerID = T2.playerID WHERE T2.season_id = 1985 ORDER BY T2.assists DESC LIMIT 1 ;,SELECT T2.birthDate FROM player_allstar AS T1 INNER JOIN players AS T2 ON T1.playerID = T2.playerID WHERE T1.season_id = 1985 ORDER BY T1.assists DESC LIMIT 1 ;
SELECT CAST(SUM(CASE WHEN T2.opening_time = '9AM' AND T2.closing_time = '9PM' THEN 1 ELSE 0 END) AS REAL) * 100 / COUNT(T1.day_id) FROM Days AS T1 INNER JOIN Business_Hours AS T2 ON T1.day_id = T2.day_id WHERE T1.day_of_week = 'Sunday' ;,SELECT CAST(COUNT(CASE WHEN T1.closing_time = '9PM' THEN 1 ELSE NULL END) AS REAL) * 100 / COUNT(T1.business_id) FROM Business_Hours AS T1 INNER JOIN Days AS T2 ON T1.day_id = T2.day_id WHERE T2.day_of_week = 'Sunday' AND T1.opening_time = '9AM' AND T1.opening_time = '9PM' ;
"SELECT T2.Latitude, T2.Longitude FROM Sales Orders AS T1 INNER JOIN Store Locations AS T2 ON T2.StoreID = T1._StoreID WHERE T1.OrderNumber = 'SO - 000115' ;","SELECT T2.Latitude, T2.Longitude FROM Sales Orders AS T1 INNER JOIN Store Locations AS T2 ON T2.StoreID = T1._StoreID WHERE T1.OrderNumber = 'SO - 000115' ;"
SELECT T2.university_name FROM university_year AS T1 INNER JOIN university AS T2 ON T1.university_id = T2.id ORDER BY T1.num_students LIMIT 1 ;,SELECT T2.university_name FROM university_year AS T1 INNER JOIN university AS T2 ON T1.university_id = T2.id ORDER BY T1.num_students DESC LIMIT 1 ;
SELECT AVG(T1.duration) FROM trip AS T1 INNER JOIN weather AS T2 ON T2.zip_code = T1.zip_code WHERE T2.date LIKE '%2014%' AND T1.start_station_name = '2nd at Folsom' AND T2.max_temperature_f = ( SELECT max_temperature_f FROM weather ORDER BY max_temperature_f DESC LIMIT 1 ) ;,SELECT AVG(T2.duration) FROM trip AS T1 INNER JOIN weather AS T2 ON T1.zip_code = T2.zip_code WHERE T1.date LIKE '%2014%' AND T1.max_temperature_f IS NOT NULL ;
SELECT MAX(votes) - MIN(votes) FROM Vote ;,SELECT SUM(T2.votes) / SUM(T2.votes) FROM Episode AS T1 INNER JOIN Vote AS T2 ON T1.episode_id = T2.episode_id ORDER BY T1.votes DESC LIMIT 1 ;
SELECT T2.nameNick FROM player_allstar AS T1 INNER JOIN players AS T2 ON T1.playerID = T2.playerID WHERE T1.blocks = 2 AND T1.conference = 'West' AND T1.season_id = 2006 ;,"SELECT T2.nameNick, T1.blocks FROM players AS T1 INNER JOIN player_allstar AS T2 ON T1.playerID = T2.playerID WHERE T1.conference = 'West' AND T1.season_id = 2006 AND T1.conference = 'West' ;"
"SELECT CAST(SUM(IIF(subscription_type = 'Subscriber', 1, 0)) AS REAL) / SUM(IIF(subscription_type = 'Customer', 1, 0)) FROM trip WHERE start_station_name = '2nd at South Park' AND end_station_name = '2nd at South Park' ;",SELECT COUNT(*) FROM trip WHERE start_station_name = '2nd at South Park' AND subscription_type = 'Customer' ;
SELECT DISTINCT MARITAL_STATUS FROM Customers WHERE EDUCATIONNUM = 7 AND age = 62 ;,SELECT MAX(MARITAL_STATUS) FROM Customers WHERE EDUCATIONNUM = 7 AND age = 62 ;
SELECT SUM(CASE WHEN T1.Customer Names = 'Rochester Ltd' THEN 1 ELSE 0 END) FROM Customers AS T1 INNER JOIN Sales Orders AS T2 ON T2._CustomerID = T1.CustomerID ;,SELECT COUNT(T1.OrderNumber) FROM Sales Orders AS T1 INNER JOIN Customers AS T2 ON T1._CustomerID = T2._CustomerID WHERE T2.Customer Names = 'Rochester Ltd' ;
SELECT COUNT(T1.business_id) FROM Business AS T1 INNER JOIN Business_Attributes AS T2 ON T1.business_id = T2.business_id WHERE T2.attribute_value LIKE 'beer_and_wine' AND T1.state LIKE 'AZ' ;,SELECT COUNT(T1.business_id) FROM Business AS T1 INNER JOIN Business_Attributes AS T2 ON T1.business_id = T2.business_id WHERE T2.state = 'AZ' AND T1.attribute_value = 'beer_and_wine' ;
SELECT COUNT(film_id) FROM film WHERE rental_duration > 6 ;,SELECT COUNT(film_id) FROM film WHERE rental_duration > 6 ;
SELECT SUM(CASE WHEN T2.arrest = 'TRUE' THEN 1 ELSE 0 END) FROM Ward AS T1 INNER JOIN Crime AS T2 ON T1.ward_no = T2.ward_no WHERE T1.alderman_first_name = 'Walter' AND T1.alderman_last_name = 'Burnett' AND alderman_name_suffix = 'Jr.' AND T2.domestic = 'TRUE' ;,SELECT COUNT(T1.ward_no) FROM Ward AS T1 INNER JOIN Crime AS T2 ON T1.ward_no = T2.ward_no WHERE T2.arrest = 'TRUE' AND T1.alderman_first_name = 'Walter' AND T1.alderman_last_name = 'Journal' ;
SELECT SUM(T.num_sales) * 100000 FROM region_sales AS T WHERE T.region_id = 4 ;,SELECT SUM(num_sales) FROM region_sales WHERE region_id = 4 ;
SELECT SUM(CASE WHEN IMG_ID = 5 THEN 1 ELSE 0 END) FROM IMG_REL WHERE OBJ1_SAMPLE_ID = OBJ2_SAMPLE_ID ;,SELECT COUNT(DISTINCT PRED_CLASS_ID) FROM IMG_REL WHERE IMG_ID = 5 ;
SELECT COUNT(film_id) FROM film WHERE rating = 'NC-17' AND release_year = 2006 ;,SELECT COUNT(film_id) FROM film WHERE release_year = 2006 AND rating = 'NC-17' ;
